epoch,att_act,att_hist,att_type,att_units,att_window,batch_size,dense_units,dropout,epochs,keras_f1_score,loss,lr,lstm_units,ofold,task,val_att_act,val_att_hist,val_att_type,val_att_units,val_att_window,val_batch_size,val_dense_units,val_dropout,val_epochs,val_keras_f1_score,val_loss,val_lr,val_lstm_units,val_ofold,val_task
0,,True,additive,8,2,4,16,0.2,20,0.2573934495449066,0.7565369606018066,0.001,16,0,1,NA,NA,NA,NA,NA,NA,NA,NA,NA,NA,NA,NA,NA,NA,NA
1,,True,additive,8,2,4,16,0.2,20,0.3754385709762573,0.5963951349258423,0.001,16,0,1,NA,NA,NA,NA,NA,NA,NA,NA,NA,NA,NA,NA,NA,NA,NA
2,,True,additive,8,2,4,16,0.2,20,0.5223057270050049,0.5340585708618164,0.001,16,0,1,NA,NA,NA,NA,NA,NA,NA,NA,NA,NA,NA,NA,NA,NA,NA
3,,True,additive,8,2,4,16,0.2,20,0.5807017087936401,0.4743039309978485,0.001,16,0,1,NA,NA,NA,NA,NA,NA,NA,NA,NA,NA,NA,NA,NA,NA,NA
4,,True,additive,8,2,4,16,0.2,20,0.5872180461883545,0.5045760869979858,0.001,16,0,1,NA,NA,NA,NA,NA,NA,NA,NA,NA,NA,NA,NA,NA,NA,NA
5,,True,additive,8,2,4,16,0.2,20,0.7122807502746582,0.4383518099784851,0.001,16,0,1,NA,NA,NA,NA,NA,NA,NA,NA,NA,NA,NA,NA,NA,NA,NA
6,,True,additive,8,2,4,16,0.2,20,0.7350876927375793,0.37210485339164734,0.001,16,0,1,NA,NA,NA,NA,NA,NA,NA,NA,NA,NA,NA,NA,NA,NA,NA
7,,True,additive,8,2,4,16,0.2,20,0.6912280917167664,0.32931938767433167,0.001,16,0,1,NA,NA,NA,NA,NA,NA,NA,NA,NA,NA,NA,NA,NA,NA,NA
8,,True,additive,8,2,4,16,0.2,20,0.8561403155326843,0.28226640820503235,0.001,16,0,1,NA,NA,NA,NA,NA,NA,NA,NA,NA,NA,NA,NA,NA,NA,NA
9,,True,additive,8,2,4,16,0.2,20,0.7894737124443054,0.26217275857925415,0.001,16,0,1,NA,NA,NA,NA,NA,NA,NA,NA,NA,NA,NA,NA,NA,NA,NA
10,,True,additive,8,2,4,16,0.2,20,0.8315789103507996,0.22811691462993622,0.001,16,0,1,NA,NA,NA,NA,NA,NA,NA,NA,NA,NA,NA,NA,NA,NA,NA
11,,True,additive,8,2,4,16,0.2,20,0.756892204284668,0.22996221482753754,0.001,16,0,1,NA,NA,NA,NA,NA,NA,NA,NA,NA,NA,NA,NA,NA,NA,NA
0,,True,additive,8,2,4,16,0.2,20,0.2631578743457794,0.7050815224647522,0.001,16,1,1,NA,NA,NA,NA,NA,NA,NA,NA,NA,NA,NA,NA,NA,NA,NA
1,,True,additive,8,2,4,16,0.2,20,0.09649121016263962,0.678104817867279,0.001,16,1,1,NA,NA,NA,NA,NA,NA,NA,NA,NA,NA,NA,NA,NA,NA,NA
2,,True,additive,8,2,4,16,0.2,20,0.5035087466239929,0.613894522190094,0.001,16,1,1,NA,NA,NA,NA,NA,NA,NA,NA,NA,NA,NA,NA,NA,NA,NA
3,,True,additive,8,2,4,16,0.2,20,0.5907267928123474,0.5190868377685547,0.001,16,1,1,NA,NA,NA,NA,NA,NA,NA,NA,NA,NA,NA,NA,NA,NA,NA
4,,True,additive,8,2,4,16,0.2,20,0.7245615124702454,0.4522775411605835,0.001,16,1,1,NA,NA,NA,NA,NA,NA,NA,NA,NA,NA,NA,NA,NA,NA,NA
5,,True,additive,8,2,4,16,0.2,20,0.6157894730567932,0.38642847537994385,0.001,16,1,1,NA,NA,NA,NA,NA,NA,NA,NA,NA,NA,NA,NA,NA,NA,NA
6,,True,additive,8,2,4,16,0.2,20,0.7403509020805359,0.36506304144859314,0.001,16,1,1,NA,NA,NA,NA,NA,NA,NA,NA,NA,NA,NA,NA,NA,NA,NA
7,,True,additive,8,2,4,16,0.2,20,0.7421053051948547,0.3301153779029846,0.001,16,1,1,NA,NA,NA,NA,NA,NA,NA,NA,NA,NA,NA,NA,NA,NA,NA
8,,True,additive,8,2,4,16,0.2,20,0.7263157963752747,0.30842408537864685,0.001,16,1,1,NA,NA,NA,NA,NA,NA,NA,NA,NA,NA,NA,NA,NA,NA,NA
9,,True,additive,8,2,4,16,0.2,20,0.7175438404083252,0.25263142585754395,0.001,16,1,1,NA,NA,NA,NA,NA,NA,NA,NA,NA,NA,NA,NA,NA,NA,NA
10,,True,additive,8,2,4,16,0.2,20,0.7964912056922913,0.2510499954223633,0.001,16,1,1,NA,NA,NA,NA,NA,NA,NA,NA,NA,NA,NA,NA,NA,NA,NA
11,,True,additive,8,2,4,16,0.2,20,0.805263102054596,0.21755678951740265,0.001,16,1,1,NA,NA,NA,NA,NA,NA,NA,NA,NA,NA,NA,NA,NA,NA,NA
12,,True,additive,8,2,4,16,0.2,20,0.8766916990280151,0.18129222095012665,0.001,16,1,1,NA,NA,NA,NA,NA,NA,NA,NA,NA,NA,NA,NA,NA,NA,NA
13,,True,additive,8,2,4,16,0.2,20,0.8596490621566772,0.15824389457702637,0.001,16,1,1,NA,NA,NA,NA,NA,NA,NA,NA,NA,NA,NA,NA,NA,NA,NA
14,,True,additive,8,2,4,16,0.2,20,0.7087718844413757,0.1337224394083023,0.001,16,1,1,NA,NA,NA,NA,NA,NA,NA,NA,NA,NA,NA,NA,NA,NA,NA
15,,True,additive,8,2,4,16,0.2,20,0.9192981719970703,0.14502477645874023,0.001,16,1,1,NA,NA,NA,NA,NA,NA,NA,NA,NA,NA,NA,NA,NA,NA,NA
16,,True,additive,8,2,4,16,0.2,20,0.8140351176261902,0.101840078830719,0.001,16,1,1,NA,NA,NA,NA,NA,NA,NA,NA,NA,NA,NA,NA,NA,NA,NA
17,,True,additive,8,2,4,16,0.2,20,0.8666666150093079,0.11534926295280457,0.001,16,1,1,NA,NA,NA,NA,NA,NA,NA,NA,NA,NA,NA,NA,NA,NA,NA
18,,True,additive,8,2,4,16,0.2,20,0.8736841082572937,0.12526048719882965,0.001,16,1,1,NA,NA,NA,NA,NA,NA,NA,NA,NA,NA,NA,NA,NA,NA,NA
0,,True,additive,8,2,4,16,0.2,20,0.3771929442882538,0.6886448860168457,0.001,16,2,1,NA,NA,NA,NA,NA,NA,NA,NA,NA,NA,NA,NA,NA,NA,NA
1,,True,additive,8,2,4,16,0.2,20,0.5964912176132202,0.5918298363685608,0.001,16,2,1,NA,NA,NA,NA,NA,NA,NA,NA,NA,NA,NA,NA,NA,NA,NA
2,,True,additive,8,2,4,16,0.2,20,0.601253092288971,0.4958411753177643,0.001,16,2,1,NA,NA,NA,NA,NA,NA,NA,NA,NA,NA,NA,NA,NA,NA,NA
3,,True,additive,8,2,4,16,0.2,20,0.7157894372940063,0.4401419460773468,0.001,16,2,1,NA,NA,NA,NA,NA,NA,NA,NA,NA,NA,NA,NA,NA,NA,NA
4,,True,additive,8,2,4,16,0.2,20,0.777193009853363,0.36588814854621887,0.001,16,2,1,NA,NA,NA,NA,NA,NA,NA,NA,NA,NA,NA,NA,NA,NA,NA
5,,True,additive,8,2,4,16,0.2,20,0.7609022855758667,0.2918398678302765,0.001,16,2,1,NA,NA,NA,NA,NA,NA,NA,NA,NA,NA,NA,NA,NA,NA,NA
6,,True,additive,8,2,4,16,0.2,20,0.7508772015571594,0.25176358222961426,0.001,16,2,1,NA,NA,NA,NA,NA,NA,NA,NA,NA,NA,NA,NA,NA,NA,NA
7,,True,additive,8,2,4,16,0.2,20,0.8666666150093079,0.2029924839735031,0.001,16,2,1,NA,NA,NA,NA,NA,NA,NA,NA,NA,NA,NA,NA,NA,NA,NA
8,,True,additive,8,2,4,16,0.2,20,0.8105263113975525,0.1874953657388687,0.001,16,2,1,NA,NA,NA,NA,NA,NA,NA,NA,NA,NA,NA,NA,NA,NA,NA
9,,True,additive,8,2,4,16,0.2,20,0.7556390762329102,0.18034210801124573,0.001,16,2,1,NA,NA,NA,NA,NA,NA,NA,NA,NA,NA,NA,NA,NA,NA,NA
10,,True,additive,8,2,4,16,0.2,20,0.9644109606742859,0.1685512512922287,0.001,16,2,1,NA,NA,NA,NA,NA,NA,NA,NA,NA,NA,NA,NA,NA,NA,NA
11,,True,additive,8,2,4,16,0.2,20,0.9192982912063599,0.13374203443527222,0.001,16,2,1,NA,NA,NA,NA,NA,NA,NA,NA,NA,NA,NA,NA,NA,NA,NA
12,,True,additive,8,2,4,16,0.2,20,0.7719298005104065,0.1265115588903427,0.001,16,2,1,NA,NA,NA,NA,NA,NA,NA,NA,NA,NA,NA,NA,NA,NA,NA
13,,True,additive,8,2,4,16,0.2,20,0.9298245310783386,0.10838443785905838,0.001,16,2,1,NA,NA,NA,NA,NA,NA,NA,NA,NA,NA,NA,NA,NA,NA,NA
0,,True,additive,8,2,4,16,0.2,20,0.4280701279640198,0.6613546013832092,0.001,16,3,1,NA,NA,NA,NA,NA,NA,NA,NA,NA,NA,NA,NA,NA,NA,NA
1,,True,additive,8,2,4,16,0.2,20,0.6438596844673157,0.5821200013160706,0.001,16,3,1,NA,NA,NA,NA,NA,NA,NA,NA,NA,NA,NA,NA,NA,NA,NA
2,,True,additive,8,2,4,16,0.2,20,0.4842105209827423,0.5596361756324768,0.001,16,3,1,NA,NA,NA,NA,NA,NA,NA,NA,NA,NA,NA,NA,NA,NA,NA
3,,True,additive,8,2,4,16,0.2,20,0.7684211134910583,0.4773847460746765,0.001,16,3,1,NA,NA,NA,NA,NA,NA,NA,NA,NA,NA,NA,NA,NA,NA,NA
4,,True,additive,8,2,4,16,0.2,20,0.6578947305679321,0.424466997385025,0.001,16,3,1,NA,NA,NA,NA,NA,NA,NA,NA,NA,NA,NA,NA,NA,NA,NA
5,,True,additive,8,2,4,16,0.2,20,0.6889724135398865,0.395661324262619,0.001,16,3,1,NA,NA,NA,NA,NA,NA,NA,NA,NA,NA,NA,NA,NA,NA,NA
6,,True,additive,8,2,4,16,0.2,20,0.761403501033783,0.35104700922966003,0.001,16,3,1,NA,NA,NA,NA,NA,NA,NA,NA,NA,NA,NA,NA,NA,NA,NA
0,,True,additive,8,2,4,16,0.2,20,0.3516666293144226,0.7275340557098389,0.001,16,0,2,NA,NA,NA,NA,NA,NA,NA,NA,NA,NA,NA,NA,NA,NA,NA
1,,True,additive,8,2,4,16,0.2,20,0.2149999886751175,0.6283223628997803,0.001,16,0,2,NA,NA,NA,NA,NA,NA,NA,NA,NA,NA,NA,NA,NA,NA,NA
2,,True,additive,8,2,4,16,0.2,20,0.47999995946884155,0.6368188858032227,0.001,16,0,2,NA,NA,NA,NA,NA,NA,NA,NA,NA,NA,NA,NA,NA,NA,NA
3,,True,additive,8,2,4,16,0.2,20,0.4345238208770752,0.5730583667755127,0.001,16,0,2,NA,NA,NA,NA,NA,NA,NA,NA,NA,NA,NA,NA,NA,NA,NA
4,,True,additive,8,2,4,16,0.2,20,0.6395238637924194,0.5096025466918945,0.001,16,0,2,NA,NA,NA,NA,NA,NA,NA,NA,NA,NA,NA,NA,NA,NA,NA
5,,True,additive,8,2,4,16,0.2,20,0.6516666412353516,0.4737792909145355,0.001,16,0,2,NA,NA,NA,NA,NA,NA,NA,NA,NA,NA,NA,NA,NA,NA,NA
6,,True,additive,8,2,4,16,0.2,20,0.7140475511550903,0.4455275535583496,0.001,16,0,2,NA,NA,NA,NA,NA,NA,NA,NA,NA,NA,NA,NA,NA,NA,NA
7,,True,additive,8,2,4,16,0.2,20,0.6700000166893005,0.42700332403182983,0.001,16,0,2,NA,NA,NA,NA,NA,NA,NA,NA,NA,NA,NA,NA,NA,NA,NA
8,,True,additive,8,2,4,16,0.2,20,0.6790475845336914,0.3818117082118988,0.001,16,0,2,NA,NA,NA,NA,NA,NA,NA,NA,NA,NA,NA,NA,NA,NA,NA
9,,True,additive,8,2,4,16,0.2,20,0.8850000500679016,0.3337459862232208,0.001,16,0,2,NA,NA,NA,NA,NA,NA,NA,NA,NA,NA,NA,NA,NA,NA,NA
10,,True,additive,8,2,4,16,0.2,20,0.746666669845581,0.3066236078739166,0.001,16,0,2,NA,NA,NA,NA,NA,NA,NA,NA,NA,NA,NA,NA,NA,NA,NA
11,,True,additive,8,2,4,16,0.2,20,0.7183333039283752,0.3036853075027466,0.001,16,0,2,NA,NA,NA,NA,NA,NA,NA,NA,NA,NA,NA,NA,NA,NA,NA
12,,True,additive,8,2,4,16,0.2,20,0.8666666150093079,0.26416218280792236,0.001,16,0,2,NA,NA,NA,NA,NA,NA,NA,NA,NA,NA,NA,NA,NA,NA,NA
0,,True,additive,8,2,4,16,0.2,20,0.1550000011920929,0.7516827583312988,0.001,16,1,2,NA,NA,NA,NA,NA,NA,NA,NA,NA,NA,NA,NA,NA,NA,NA
1,,True,additive,8,2,4,16,0.2,20,0.4678571820259094,0.6468256115913391,0.001,16,1,2,NA,NA,NA,NA,NA,NA,NA,NA,NA,NA,NA,NA,NA,NA,NA
2,,True,additive,8,2,4,16,0.2,20,0.3716666102409363,0.6155857443809509,0.001,16,1,2,NA,NA,NA,NA,NA,NA,NA,NA,NA,NA,NA,NA,NA,NA,NA
3,,True,additive,8,2,4,16,0.2,20,0.5749999284744263,0.548309862613678,0.001,16,1,2,NA,NA,NA,NA,NA,NA,NA,NA,NA,NA,NA,NA,NA,NA,NA
4,,True,additive,8,2,4,16,0.2,20,0.6583333015441895,0.501868486404419,0.001,16,1,2,NA,NA,NA,NA,NA,NA,NA,NA,NA,NA,NA,NA,NA,NA,NA
5,,True,additive,8,2,4,16,0.2,20,0.47499996423721313,0.48475340008735657,0.001,16,1,2,NA,NA,NA,NA,NA,NA,NA,NA,NA,NA,NA,NA,NA,NA,NA
6,,True,additive,8,2,4,16,0.2,20,0.6433333158493042,0.44483286142349243,0.001,16,1,2,NA,NA,NA,NA,NA,NA,NA,NA,NA,NA,NA,NA,NA,NA,NA
7,,True,additive,8,2,4,16,0.2,20,0.7316666841506958,0.43465355038642883,0.001,16,1,2,NA,NA,NA,NA,NA,NA,NA,NA,NA,NA,NA,NA,NA,NA,NA
8,,True,additive,8,2,4,16,0.2,20,0.7699999809265137,0.3666020929813385,0.001,16,1,2,NA,NA,NA,NA,NA,NA,NA,NA,NA,NA,NA,NA,NA,NA,NA
9,,True,additive,8,2,4,16,0.2,20,0.6899999380111694,0.31246668100357056,0.001,16,1,2,NA,NA,NA,NA,NA,NA,NA,NA,NA,NA,NA,NA,NA,NA,NA
10,,True,additive,8,2,4,16,0.2,20,0.7433333396911621,0.35514044761657715,0.001,16,1,2,NA,NA,NA,NA,NA,NA,NA,NA,NA,NA,NA,NA,NA,NA,NA
11,,True,additive,8,2,4,16,0.2,20,0.8161905407905579,0.28451094031333923,0.001,16,1,2,NA,NA,NA,NA,NA,NA,NA,NA,NA,NA,NA,NA,NA,NA,NA
12,,True,additive,8,2,4,16,0.2,20,0.7561904191970825,0.27596402168273926,0.001,16,1,2,NA,NA,NA,NA,NA,NA,NA,NA,NA,NA,NA,NA,NA,NA,NA
13,,True,additive,8,2,4,16,0.2,20,0.7757142782211304,0.2650536298751831,0.001,16,1,2,NA,NA,NA,NA,NA,NA,NA,NA,NA,NA,NA,NA,NA,NA,NA
14,,True,additive,8,2,4,16,0.2,20,0.7916666269302368,0.23611725866794586,0.001,16,1,2,NA,NA,NA,NA,NA,NA,NA,NA,NA,NA,NA,NA,NA,NA,NA
0,,True,additive,8,2,4,16,0.2,20,0.23166663944721222,0.7051228284835815,0.001,16,2,2,NA,NA,NA,NA,NA,NA,NA,NA,NA,NA,NA,NA,NA,NA,NA
1,,True,additive,8,2,4,16,0.2,20,0.31166666746139526,0.6288754940032959,0.001,16,2,2,NA,NA,NA,NA,NA,NA,NA,NA,NA,NA,NA,NA,NA,NA,NA
2,,True,additive,8,2,4,16,0.2,20,0.3166666626930237,0.5999597907066345,0.001,16,2,2,NA,NA,NA,NA,NA,NA,NA,NA,NA,NA,NA,NA,NA,NA,NA
3,,True,additive,8,2,4,16,0.2,20,0.5850000381469727,0.5936654210090637,0.001,16,2,2,NA,NA,NA,NA,NA,NA,NA,NA,NA,NA,NA,NA,NA,NA,NA
4,,True,additive,8,2,4,16,0.2,20,0.45499998331069946,0.5239761471748352,0.001,16,2,2,NA,NA,NA,NA,NA,NA,NA,NA,NA,NA,NA,NA,NA,NA,NA
5,,True,additive,8,2,4,16,0.2,20,0.5533332824707031,0.47966596484184265,0.001,16,2,2,NA,NA,NA,NA,NA,NA,NA,NA,NA,NA,NA,NA,NA,NA,NA
6,,True,additive,8,2,4,16,0.2,20,0.6583333015441895,0.4412015676498413,0.001,16,2,2,NA,NA,NA,NA,NA,NA,NA,NA,NA,NA,NA,NA,NA,NA,NA
7,,True,additive,8,2,4,16,0.2,20,0.8128571510314941,0.3526213467121124,0.001,16,2,2,NA,NA,NA,NA,NA,NA,NA,NA,NA,NA,NA,NA,NA,NA,NA
8,,True,additive,8,2,4,16,0.2,20,0.8561905026435852,0.3130330741405487,0.001,16,2,2,NA,NA,NA,NA,NA,NA,NA,NA,NA,NA,NA,NA,NA,NA,NA
9,,True,additive,8,2,4,16,0.2,20,0.7333333492279053,0.3101758360862732,0.001,16,2,2,NA,NA,NA,NA,NA,NA,NA,NA,NA,NA,NA,NA,NA,NA,NA
10,,True,additive,8,2,4,16,0.2,20,0.7495237588882446,0.2935054898262024,0.001,16,2,2,NA,NA,NA,NA,NA,NA,NA,NA,NA,NA,NA,NA,NA,NA,NA
11,,True,additive,8,2,4,16,0.2,20,0.7400000095367432,0.2492743730545044,0.001,16,2,2,NA,NA,NA,NA,NA,NA,NA,NA,NA,NA,NA,NA,NA,NA,NA
0,,True,additive,8,2,4,16,0.2,20,0.41999998688697815,0.7126375436782837,0.001,16,3,2,NA,NA,NA,NA,NA,NA,NA,NA,NA,NA,NA,NA,NA,NA,NA
1,,True,additive,8,2,4,16,0.2,20,0.19499997794628143,0.6731072664260864,0.001,16,3,2,NA,NA,NA,NA,NA,NA,NA,NA,NA,NA,NA,NA,NA,NA,NA
2,,True,additive,8,2,4,16,0.2,20,0.4399999678134918,0.5895758867263794,0.001,16,3,2,NA,NA,NA,NA,NA,NA,NA,NA,NA,NA,NA,NA,NA,NA,NA
3,,True,additive,8,2,4,16,0.2,20,0.5216666460037231,0.5681800842285156,0.001,16,3,2,NA,NA,NA,NA,NA,NA,NA,NA,NA,NA,NA,NA,NA,NA,NA
4,,True,additive,8,2,4,16,0.2,20,0.5573808550834656,0.5026818513870239,0.001,16,3,2,NA,NA,NA,NA,NA,NA,NA,NA,NA,NA,NA,NA,NA,NA,NA
5,,True,additive,8,2,4,16,0.2,20,0.7150000333786011,0.44262856245040894,0.001,16,3,2,NA,NA,NA,NA,NA,NA,NA,NA,NA,NA,NA,NA,NA,NA,NA
6,,True,additive,8,2,4,16,0.2,20,0.8733333349227905,0.3538016974925995,0.001,16,3,2,NA,NA,NA,NA,NA,NA,NA,NA,NA,NA,NA,NA,NA,NA,NA
7,,True,additive,8,2,4,16,0.2,20,0.7616666555404663,0.32881999015808105,0.001,16,3,2,NA,NA,NA,NA,NA,NA,NA,NA,NA,NA,NA,NA,NA,NA,NA
8,,True,additive,8,2,4,16,0.2,20,0.8366667032241821,0.3246293365955353,0.001,16,3,2,NA,NA,NA,NA,NA,NA,NA,NA,NA,NA,NA,NA,NA,NA,NA
9,,True,additive,8,2,4,16,0.2,20,0.7328571081161499,0.31811803579330444,0.001,16,3,2,NA,NA,NA,NA,NA,NA,NA,NA,NA,NA,NA,NA,NA,NA,NA
0,,True,additive,8,2,4,16,0.2,20,0.42706766724586487,0.6450377702713013,0.001,16,0,3,NA,NA,NA,NA,NA,NA,NA,NA,NA,NA,NA,NA,NA,NA,NA
1,,True,additive,8,2,4,16,0.2,20,0.617042601108551,0.5428476929664612,0.001,16,0,3,NA,NA,NA,NA,NA,NA,NA,NA,NA,NA,NA,NA,NA,NA,NA
2,,True,additive,8,2,4,16,0.2,20,0.7350876927375793,0.4953715205192566,0.001,16,0,3,NA,NA,NA,NA,NA,NA,NA,NA,NA,NA,NA,NA,NA,NA,NA
3,,True,additive,8,2,4,16,0.2,20,0.7263157963752747,0.39794501662254333,0.001,16,0,3,NA,NA,NA,NA,NA,NA,NA,NA,NA,NA,NA,NA,NA,NA,NA
4,,True,additive,8,2,4,16,0.2,20,0.738596498966217,0.3814109265804291,0.001,16,0,3,NA,NA,NA,NA,NA,NA,NA,NA,NA,NA,NA,NA,NA,NA,NA
5,,True,additive,8,2,4,16,0.2,20,0.7784461379051208,0.34221988916397095,0.001,16,0,3,NA,NA,NA,NA,NA,NA,NA,NA,NA,NA,NA,NA,NA,NA,NA
6,,True,additive,8,2,4,16,0.2,20,0.7245614528656006,0.2827778458595276,0.001,16,0,3,NA,NA,NA,NA,NA,NA,NA,NA,NA,NA,NA,NA,NA,NA,NA
7,,True,additive,8,2,4,16,0.2,20,0.8052631616592407,0.23339161276817322,0.001,16,0,3,NA,NA,NA,NA,NA,NA,NA,NA,NA,NA,NA,NA,NA,NA,NA
8,,True,additive,8,2,4,16,0.2,20,0.8315789103507996,0.2185722142457962,0.001,16,0,3,NA,NA,NA,NA,NA,NA,NA,NA,NA,NA,NA,NA,NA,NA,NA
9,,True,additive,8,2,4,16,0.2,20,0.8556389808654785,0.18322652578353882,0.001,16,0,3,NA,NA,NA,NA,NA,NA,NA,NA,NA,NA,NA,NA,NA,NA,NA
10,,True,additive,8,2,4,16,0.2,20,0.8065162301063538,0.1615113466978073,0.001,16,0,3,NA,NA,NA,NA,NA,NA,NA,NA,NA,NA,NA,NA,NA,NA,NA
11,,True,additive,8,2,4,16,0.2,20,0.9105262756347656,0.11007297784090042,0.001,16,0,3,NA,NA,NA,NA,NA,NA,NA,NA,NA,NA,NA,NA,NA,NA,NA
12,,True,additive,8,2,4,16,0.2,20,0.9894736409187317,0.12820516526699066,0.001,16,0,3,NA,NA,NA,NA,NA,NA,NA,NA,NA,NA,NA,NA,NA,NA,NA
13,,True,additive,8,2,4,16,0.2,20,0.9298245310783386,0.10309962183237076,0.001,16,0,3,NA,NA,NA,NA,NA,NA,NA,NA,NA,NA,NA,NA,NA,NA,NA
14,,True,additive,8,2,4,16,0.2,20,0.9368420839309692,0.07712453603744507,0.001,16,0,3,NA,NA,NA,NA,NA,NA,NA,NA,NA,NA,NA,NA,NA,NA,NA
15,,True,additive,8,2,4,16,0.2,20,0.9192981719970703,0.07076723873615265,0.001,16,0,3,NA,NA,NA,NA,NA,NA,NA,NA,NA,NA,NA,NA,NA,NA,NA
0,,True,additive,8,2,4,16,0.2,20,0.35964909195899963,0.7278629541397095,0.001,16,1,3,NA,NA,NA,NA,NA,NA,NA,NA,NA,NA,NA,NA,NA,NA,NA
1,,True,additive,8,2,4,16,0.2,20,0.6719298362731934,0.5889956951141357,0.001,16,1,3,NA,NA,NA,NA,NA,NA,NA,NA,NA,NA,NA,NA,NA,NA,NA
2,,True,additive,8,2,4,16,0.2,20,0.621052622795105,0.5174474716186523,0.001,16,1,3,NA,NA,NA,NA,NA,NA,NA,NA,NA,NA,NA,NA,NA,NA,NA
3,,True,additive,8,2,4,16,0.2,20,0.661403477191925,0.4443712830543518,0.001,16,1,3,NA,NA,NA,NA,NA,NA,NA,NA,NA,NA,NA,NA,NA,NA,NA
4,,True,additive,8,2,4,16,0.2,20,0.714285671710968,0.36952516436576843,0.001,16,1,3,NA,NA,NA,NA,NA,NA,NA,NA,NA,NA,NA,NA,NA,NA,NA
5,,True,additive,8,2,4,16,0.2,20,0.8631578683853149,0.3300850987434387,0.001,16,1,3,NA,NA,NA,NA,NA,NA,NA,NA,NA,NA,NA,NA,NA,NA,NA
6,,True,additive,8,2,4,16,0.2,20,0.8333333134651184,0.252681165933609,0.001,16,1,3,NA,NA,NA,NA,NA,NA,NA,NA,NA,NA,NA,NA,NA,NA,NA
7,,True,additive,8,2,4,16,0.2,20,0.821052610874176,0.2409714162349701,0.001,16,1,3,NA,NA,NA,NA,NA,NA,NA,NA,NA,NA,NA,NA,NA,NA,NA
8,,True,additive,8,2,4,16,0.2,20,0.8070175051689148,0.18564876914024353,0.001,16,1,3,NA,NA,NA,NA,NA,NA,NA,NA,NA,NA,NA,NA,NA,NA,NA
0,,True,additive,8,2,4,16,0.2,20,0.28999999165534973,0.6514119505882263,0.001,16,2,3,NA,NA,NA,NA,NA,NA,NA,NA,NA,NA,NA,NA,NA,NA,NA
1,,True,additive,8,2,4,16,0.2,20,0.5466666221618652,0.5493068695068359,0.001,16,2,3,NA,NA,NA,NA,NA,NA,NA,NA,NA,NA,NA,NA,NA,NA,NA
2,,True,additive,8,2,4,16,0.2,20,0.6133333444595337,0.46218717098236084,0.001,16,2,3,NA,NA,NA,NA,NA,NA,NA,NA,NA,NA,NA,NA,NA,NA,NA
3,,True,additive,8,2,4,16,0.2,20,0.7333332896232605,0.3868992328643799,0.001,16,2,3,NA,NA,NA,NA,NA,NA,NA,NA,NA,NA,NA,NA,NA,NA,NA
4,,True,additive,8,2,4,16,0.2,20,0.6690475940704346,0.32644492387771606,0.001,16,2,3,NA,NA,NA,NA,NA,NA,NA,NA,NA,NA,NA,NA,NA,NA,NA
5,,True,additive,8,2,4,16,0.2,20,0.7161904573440552,0.2728787958621979,0.001,16,2,3,NA,NA,NA,NA,NA,NA,NA,NA,NA,NA,NA,NA,NA,NA,NA
6,,True,additive,8,2,4,16,0.2,20,0.8661904335021973,0.2081487774848938,0.001,16,2,3,NA,NA,NA,NA,NA,NA,NA,NA,NA,NA,NA,NA,NA,NA,NA
7,,True,additive,8,2,4,16,0.2,20,0.8066666722297668,0.25020191073417664,0.001,16,2,3,NA,NA,NA,NA,NA,NA,NA,NA,NA,NA,NA,NA,NA,NA,NA
8,,True,additive,8,2,4,16,0.2,20,0.7566666603088379,0.148430734872818,0.001,16,2,3,NA,NA,NA,NA,NA,NA,NA,NA,NA,NA,NA,NA,NA,NA,NA
9,,True,additive,8,2,4,16,0.2,20,0.8399999737739563,0.1473255306482315,0.001,16,2,3,NA,NA,NA,NA,NA,NA,NA,NA,NA,NA,NA,NA,NA,NA,NA
0,,True,additive,8,2,4,16,0.2,20,0.2666666805744171,0.6914313435554504,0.001,16,3,3,NA,NA,NA,NA,NA,NA,NA,NA,NA,NA,NA,NA,NA,NA,NA
1,,True,additive,8,2,4,16,0.2,20,0.4449999928474426,0.5879639387130737,0.001,16,3,3,NA,NA,NA,NA,NA,NA,NA,NA,NA,NA,NA,NA,NA,NA,NA
2,,True,additive,8,2,4,16,0.2,20,0.6733332872390747,0.511077344417572,0.001,16,3,3,NA,NA,NA,NA,NA,NA,NA,NA,NA,NA,NA,NA,NA,NA,NA
3,,True,additive,8,2,4,16,0.2,20,0.6299999952316284,0.4561675786972046,0.001,16,3,3,NA,NA,NA,NA,NA,NA,NA,NA,NA,NA,NA,NA,NA,NA,NA
4,,True,additive,8,2,4,16,0.2,20,0.8199999928474426,0.39246609807014465,0.001,16,3,3,NA,NA,NA,NA,NA,NA,NA,NA,NA,NA,NA,NA,NA,NA,NA
5,,True,additive,8,2,4,16,0.2,20,0.7211905121803284,0.3110874593257904,0.001,16,3,3,NA,NA,NA,NA,NA,NA,NA,NA,NA,NA,NA,NA,NA,NA,NA
6,,True,additive,8,2,4,16,0.2,20,0.8066665530204773,0.24487753212451935,0.001,16,3,3,NA,NA,NA,NA,NA,NA,NA,NA,NA,NA,NA,NA,NA,NA,NA
7,,True,additive,8,2,4,16,0.2,20,0.8166667222976685,0.23018598556518555,0.001,16,3,3,NA,NA,NA,NA,NA,NA,NA,NA,NA,NA,NA,NA,NA,NA,NA
0,,True,additive,8,2,4,16,0.2,20,0.39666661620140076,0.6510416269302368,0.001,16,0,4,NA,NA,NA,NA,NA,NA,NA,NA,NA,NA,NA,NA,NA,NA,NA
1,,True,additive,8,2,4,16,0.2,20,0.616190493106842,0.5102914571762085,0.001,16,0,4,NA,NA,NA,NA,NA,NA,NA,NA,NA,NA,NA,NA,NA,NA,NA
2,,True,additive,8,2,4,16,0.2,20,0.5866667032241821,0.4703916609287262,0.001,16,0,4,NA,NA,NA,NA,NA,NA,NA,NA,NA,NA,NA,NA,NA,NA,NA
3,,True,additive,8,2,4,16,0.2,20,0.5983332991600037,0.3566024899482727,0.001,16,0,4,NA,NA,NA,NA,NA,NA,NA,NA,NA,NA,NA,NA,NA,NA,NA
4,,True,additive,8,2,4,16,0.2,20,0.6216666102409363,0.33625319600105286,0.001,16,0,4,NA,NA,NA,NA,NA,NA,NA,NA,NA,NA,NA,NA,NA,NA,NA
5,,True,additive,8,2,4,16,0.2,20,0.7257142663002014,0.26626330614089966,0.001,16,0,4,NA,NA,NA,NA,NA,NA,NA,NA,NA,NA,NA,NA,NA,NA,NA
6,,True,additive,8,2,4,16,0.2,20,0.79666668176651,0.2768007516860962,0.001,16,0,4,NA,NA,NA,NA,NA,NA,NA,NA,NA,NA,NA,NA,NA,NA,NA
7,,True,additive,8,2,4,16,0.2,20,0.7523809671401978,0.2556697428226471,0.001,16,0,4,NA,NA,NA,NA,NA,NA,NA,NA,NA,NA,NA,NA,NA,NA,NA
8,,True,additive,8,2,4,16,0.2,20,0.8345237970352173,0.1927514672279358,0.001,16,0,4,NA,NA,NA,NA,NA,NA,NA,NA,NA,NA,NA,NA,NA,NA,NA
9,,True,additive,8,2,4,16,0.2,20,0.8428570628166199,0.1755722165107727,0.001,16,0,4,NA,NA,NA,NA,NA,NA,NA,NA,NA,NA,NA,NA,NA,NA,NA
10,,True,additive,8,2,4,16,0.2,20,0.800000011920929,0.1463664472103119,0.001,16,0,4,NA,NA,NA,NA,NA,NA,NA,NA,NA,NA,NA,NA,NA,NA,NA
11,,True,additive,8,2,4,16,0.2,20,0.8428570628166199,0.1294412910938263,0.001,16,0,4,NA,NA,NA,NA,NA,NA,NA,NA,NA,NA,NA,NA,NA,NA,NA
12,,True,additive,8,2,4,16,0.2,20,0.9233333468437195,0.11260969191789627,0.001,16,0,4,NA,NA,NA,NA,NA,NA,NA,NA,NA,NA,NA,NA,NA,NA,NA
13,,True,additive,8,2,4,16,0.2,20,0.8500000238418579,0.07891486585140228,0.001,16,0,4,NA,NA,NA,NA,NA,NA,NA,NA,NA,NA,NA,NA,NA,NA,NA
14,,True,additive,8,2,4,16,0.2,20,0.8999999761581421,0.07495178282260895,0.001,16,0,4,NA,NA,NA,NA,NA,NA,NA,NA,NA,NA,NA,NA,NA,NA,NA
15,,True,additive,8,2,4,16,0.2,20,0.8899999856948853,0.06750790774822235,0.001,16,0,4,NA,NA,NA,NA,NA,NA,NA,NA,NA,NA,NA,NA,NA,NA,NA
0,,True,additive,8,2,4,16,0.2,20,0.37999993562698364,0.6821394562721252,0.001,16,1,4,NA,NA,NA,NA,NA,NA,NA,NA,NA,NA,NA,NA,NA,NA,NA
1,,True,additive,8,2,4,16,0.2,20,0.5016666650772095,0.5381881594657898,0.001,16,1,4,NA,NA,NA,NA,NA,NA,NA,NA,NA,NA,NA,NA,NA,NA,NA
2,,True,additive,8,2,4,16,0.2,20,0.6049999594688416,0.480204701423645,0.001,16,1,4,NA,NA,NA,NA,NA,NA,NA,NA,NA,NA,NA,NA,NA,NA,NA
3,,True,additive,8,2,4,16,0.2,20,0.7316666841506958,0.39524170756340027,0.001,16,1,4,NA,NA,NA,NA,NA,NA,NA,NA,NA,NA,NA,NA,NA,NA,NA
4,,True,additive,8,2,4,16,0.2,20,0.6195238828659058,0.33573099970817566,0.001,16,1,4,NA,NA,NA,NA,NA,NA,NA,NA,NA,NA,NA,NA,NA,NA,NA
5,,True,additive,8,2,4,16,0.2,20,0.7133333683013916,0.3168945610523224,0.001,16,1,4,NA,NA,NA,NA,NA,NA,NA,NA,NA,NA,NA,NA,NA,NA,NA
6,,True,additive,8,2,4,16,0.2,20,0.7566666603088379,0.2597501873970032,0.001,16,1,4,NA,NA,NA,NA,NA,NA,NA,NA,NA,NA,NA,NA,NA,NA,NA
7,,True,additive,8,2,4,16,0.2,20,0.7499999403953552,0.2758469879627228,0.001,16,1,4,NA,NA,NA,NA,NA,NA,NA,NA,NA,NA,NA,NA,NA,NA,NA
8,,True,additive,8,2,4,16,0.2,20,0.8166666030883789,0.17170687019824982,0.001,16,1,4,NA,NA,NA,NA,NA,NA,NA,NA,NA,NA,NA,NA,NA,NA,NA
9,,True,additive,8,2,4,16,0.2,20,0.8233333826065063,0.16549290716648102,0.001,16,1,4,NA,NA,NA,NA,NA,NA,NA,NA,NA,NA,NA,NA,NA,NA,NA
10,,True,additive,8,2,4,16,0.2,20,0.8133333325386047,0.16241492331027985,0.001,16,1,4,NA,NA,NA,NA,NA,NA,NA,NA,NA,NA,NA,NA,NA,NA,NA
11,,True,additive,8,2,4,16,0.2,20,0.8899999856948853,0.15453094244003296,0.001,16,1,4,NA,NA,NA,NA,NA,NA,NA,NA,NA,NA,NA,NA,NA,NA,NA
12,,True,additive,8,2,4,16,0.2,20,0.9261904954910278,0.10708833485841751,0.001,16,1,4,NA,NA,NA,NA,NA,NA,NA,NA,NA,NA,NA,NA,NA,NA,NA
13,,True,additive,8,2,4,16,0.2,20,0.8399999737739563,0.09858038276433945,0.001,16,1,4,NA,NA,NA,NA,NA,NA,NA,NA,NA,NA,NA,NA,NA,NA,NA
14,,True,additive,8,2,4,16,0.2,20,0.8333333730697632,0.08209117501974106,0.001,16,1,4,NA,NA,NA,NA,NA,NA,NA,NA,NA,NA,NA,NA,NA,NA,NA
15,,True,additive,8,2,4,16,0.2,20,0.8500000238418579,0.07604972273111343,0.001,16,1,4,NA,NA,NA,NA,NA,NA,NA,NA,NA,NA,NA,NA,NA,NA,NA
0,,True,additive,8,2,4,16,0.2,20,0.3099999725818634,0.6189262270927429,0.001,16,2,4,NA,NA,NA,NA,NA,NA,NA,NA,NA,NA,NA,NA,NA,NA,NA
1,,True,additive,8,2,4,16,0.2,20,0.5366666913032532,0.5789676904678345,0.001,16,2,4,NA,NA,NA,NA,NA,NA,NA,NA,NA,NA,NA,NA,NA,NA,NA
2,,True,additive,8,2,4,16,0.2,20,0.6166666746139526,0.44564372301101685,0.001,16,2,4,NA,NA,NA,NA,NA,NA,NA,NA,NA,NA,NA,NA,NA,NA,NA
3,,True,additive,8,2,4,16,0.2,20,0.6733333468437195,0.41544273495674133,0.001,16,2,4,NA,NA,NA,NA,NA,NA,NA,NA,NA,NA,NA,NA,NA,NA,NA
4,,True,additive,8,2,4,16,0.2,20,0.6995238065719604,0.36386236548423767,0.001,16,2,4,NA,NA,NA,NA,NA,NA,NA,NA,NA,NA,NA,NA,NA,NA,NA
5,,True,additive,8,2,4,16,0.2,20,0.6678571105003357,0.331062912940979,0.001,16,2,4,NA,NA,NA,NA,NA,NA,NA,NA,NA,NA,NA,NA,NA,NA,NA
6,,True,additive,8,2,4,16,0.2,20,0.7928571105003357,0.293630450963974,0.001,16,2,4,NA,NA,NA,NA,NA,NA,NA,NA,NA,NA,NA,NA,NA,NA,NA
7,,True,additive,8,2,4,16,0.2,20,0.7633333206176758,0.2871232330799103,0.001,16,2,4,NA,NA,NA,NA,NA,NA,NA,NA,NA,NA,NA,NA,NA,NA,NA
8,,True,additive,8,2,4,16,0.2,20,0.7466667294502258,0.2370007038116455,0.001,16,2,4,NA,NA,NA,NA,NA,NA,NA,NA,NA,NA,NA,NA,NA,NA,NA
9,,True,additive,8,2,4,16,0.2,20,0.8733333349227905,0.21961085498332977,0.001,16,2,4,NA,NA,NA,NA,NA,NA,NA,NA,NA,NA,NA,NA,NA,NA,NA
10,,True,additive,8,2,4,16,0.2,20,0.776190459728241,0.21990962326526642,0.001,16,2,4,NA,NA,NA,NA,NA,NA,NA,NA,NA,NA,NA,NA,NA,NA,NA
11,,True,additive,8,2,4,16,0.2,20,0.8500000238418579,0.17337661981582642,0.001,16,2,4,NA,NA,NA,NA,NA,NA,NA,NA,NA,NA,NA,NA,NA,NA,NA
12,,True,additive,8,2,4,16,0.2,20,0.7899999618530273,0.14450150728225708,0.001,16,2,4,NA,NA,NA,NA,NA,NA,NA,NA,NA,NA,NA,NA,NA,NA,NA
0,,True,additive,8,2,4,16,0.2,20,0.083333320915699,0.6924355626106262,0.001,16,3,4,NA,NA,NA,NA,NA,NA,NA,NA,NA,NA,NA,NA,NA,NA,NA
1,,True,additive,8,2,4,16,0.2,20,0.5149999856948853,0.5957373976707458,0.001,16,3,4,NA,NA,NA,NA,NA,NA,NA,NA,NA,NA,NA,NA,NA,NA,NA
2,,True,additive,8,2,4,16,0.2,20,0.5311904549598694,0.5174054503440857,0.001,16,3,4,NA,NA,NA,NA,NA,NA,NA,NA,NA,NA,NA,NA,NA,NA,NA
3,,True,additive,8,2,4,16,0.2,20,0.5900000333786011,0.473324716091156,0.001,16,3,4,NA,NA,NA,NA,NA,NA,NA,NA,NA,NA,NA,NA,NA,NA,NA
4,,True,additive,8,2,4,16,0.2,20,0.5800000429153442,0.4752412438392639,0.001,16,3,4,NA,NA,NA,NA,NA,NA,NA,NA,NA,NA,NA,NA,NA,NA,NA
5,,True,additive,8,2,4,16,0.2,20,0.7411905527114868,0.43075400590896606,0.001,16,3,4,NA,NA,NA,NA,NA,NA,NA,NA,NA,NA,NA,NA,NA,NA,NA
6,,True,additive,8,2,4,16,0.2,20,0.746666669845581,0.3718070685863495,0.001,16,3,4,NA,NA,NA,NA,NA,NA,NA,NA,NA,NA,NA,NA,NA,NA,NA
7,,True,additive,8,2,4,16,0.2,20,0.7150000333786011,0.3566615879535675,0.001,16,3,4,NA,NA,NA,NA,NA,NA,NA,NA,NA,NA,NA,NA,NA,NA,NA
8,,True,additive,8,2,4,16,0.2,20,0.7266666889190674,0.29586076736450195,0.001,16,3,4,NA,NA,NA,NA,NA,NA,NA,NA,NA,NA,NA,NA,NA,NA,NA
9,,True,additive,8,2,4,16,0.2,20,0.7549999952316284,0.26095178723335266,0.001,16,3,4,NA,NA,NA,NA,NA,NA,NA,NA,NA,NA,NA,NA,NA,NA,NA
10,,True,additive,8,2,4,16,0.2,20,0.6561905145645142,0.27416664361953735,0.001,16,3,4,NA,NA,NA,NA,NA,NA,NA,NA,NA,NA,NA,NA,NA,NA,NA
11,,True,additive,8,2,4,16,0.2,20,0.8733333349227905,0.18874649703502655,0.001,16,3,4,NA,NA,NA,NA,NA,NA,NA,NA,NA,NA,NA,NA,NA,NA,NA
12,,True,additive,8,2,4,16,0.2,20,0.851190447807312,0.21488624811172485,0.001,16,3,4,NA,NA,NA,NA,NA,NA,NA,NA,NA,NA,NA,NA,NA,NA,NA
13,,True,additive,8,2,4,16,0.2,20,0.7066666483879089,0.18874762952327728,0.001,16,3,4,NA,NA,NA,NA,NA,NA,NA,NA,NA,NA,NA,NA,NA,NA,NA
14,,True,additive,8,2,4,16,0.2,20,0.8149999380111694,0.14657878875732422,0.001,16,3,4,NA,NA,NA,NA,NA,NA,NA,NA,NA,NA,NA,NA,NA,NA,NA
0,,True,additive,8,2,4,16,0.2,20,0.4099999964237213,0.6811548471450806,0.001,16,0,5,NA,NA,NA,NA,NA,NA,NA,NA,NA,NA,NA,NA,NA,NA,NA
1,,True,additive,8,2,4,16,0.2,20,0.4840475618839264,0.5913257002830505,0.001,16,0,5,NA,NA,NA,NA,NA,NA,NA,NA,NA,NA,NA,NA,NA,NA,NA
2,,True,additive,8,2,4,16,0.2,20,0.59333336353302,0.5453590750694275,0.001,16,0,5,NA,NA,NA,NA,NA,NA,NA,NA,NA,NA,NA,NA,NA,NA,NA
3,,True,additive,8,2,4,16,0.2,20,0.5983332991600037,0.49500447511672974,0.001,16,0,5,NA,NA,NA,NA,NA,NA,NA,NA,NA,NA,NA,NA,NA,NA,NA
4,,True,additive,8,2,4,16,0.2,20,0.5850000381469727,0.43940669298171997,0.001,16,0,5,NA,NA,NA,NA,NA,NA,NA,NA,NA,NA,NA,NA,NA,NA,NA
5,,True,additive,8,2,4,16,0.2,20,0.6633332967758179,0.4240972697734833,0.001,16,0,5,NA,NA,NA,NA,NA,NA,NA,NA,NA,NA,NA,NA,NA,NA,NA
6,,True,additive,8,2,4,16,0.2,20,0.6795238256454468,0.4110219180583954,0.001,16,0,5,NA,NA,NA,NA,NA,NA,NA,NA,NA,NA,NA,NA,NA,NA,NA
7,,True,additive,8,2,4,16,0.2,20,0.6883333325386047,0.3132857382297516,0.001,16,0,5,NA,NA,NA,NA,NA,NA,NA,NA,NA,NA,NA,NA,NA,NA,NA
8,,True,additive,8,2,4,16,0.2,20,0.7566666603088379,0.27717381715774536,0.001,16,0,5,NA,NA,NA,NA,NA,NA,NA,NA,NA,NA,NA,NA,NA,NA,NA
9,,True,additive,8,2,4,16,0.2,20,0.8428570628166199,0.23665708303451538,0.001,16,0,5,NA,NA,NA,NA,NA,NA,NA,NA,NA,NA,NA,NA,NA,NA,NA
10,,True,additive,8,2,4,16,0.2,20,0.8261904716491699,0.20765690505504608,0.001,16,0,5,NA,NA,NA,NA,NA,NA,NA,NA,NA,NA,NA,NA,NA,NA,NA
11,,True,additive,8,2,4,16,0.2,20,0.776190459728241,0.22750349342823029,0.001,16,0,5,NA,NA,NA,NA,NA,NA,NA,NA,NA,NA,NA,NA,NA,NA,NA
12,,True,additive,8,2,4,16,0.2,20,0.9233333468437195,0.15045340359210968,0.001,16,0,5,NA,NA,NA,NA,NA,NA,NA,NA,NA,NA,NA,NA,NA,NA,NA
13,,True,additive,8,2,4,16,0.2,20,0.8233332633972168,0.13880720734596252,0.001,16,0,5,NA,NA,NA,NA,NA,NA,NA,NA,NA,NA,NA,NA,NA,NA,NA
14,,True,additive,8,2,4,16,0.2,20,0.8833333253860474,0.10027587413787842,0.001,16,0,5,NA,NA,NA,NA,NA,NA,NA,NA,NA,NA,NA,NA,NA,NA,NA
15,,True,additive,8,2,4,16,0.2,20,0.8299999237060547,0.12346727401018143,0.001,16,0,5,NA,NA,NA,NA,NA,NA,NA,NA,NA,NA,NA,NA,NA,NA,NA
0,,True,additive,8,2,4,16,0.2,20,0.4033333361148834,0.6909844875335693,0.001,16,1,5,NA,NA,NA,NA,NA,NA,NA,NA,NA,NA,NA,NA,NA,NA,NA
1,,True,additive,8,2,4,16,0.2,20,0.47952380776405334,0.5857678651809692,0.001,16,1,5,NA,NA,NA,NA,NA,NA,NA,NA,NA,NA,NA,NA,NA,NA,NA
2,,True,additive,8,2,4,16,0.2,20,0.45833325386047363,0.5327286720275879,0.001,16,1,5,NA,NA,NA,NA,NA,NA,NA,NA,NA,NA,NA,NA,NA,NA,NA
3,,True,additive,8,2,4,16,0.2,20,0.7378572225570679,0.5149281620979309,0.001,16,1,5,NA,NA,NA,NA,NA,NA,NA,NA,NA,NA,NA,NA,NA,NA,NA
4,,True,additive,8,2,4,16,0.2,20,0.6657142639160156,0.4558645486831665,0.001,16,1,5,NA,NA,NA,NA,NA,NA,NA,NA,NA,NA,NA,NA,NA,NA,NA
5,,True,additive,8,2,4,16,0.2,20,0.6323809623718262,0.44419822096824646,0.001,16,1,5,NA,NA,NA,NA,NA,NA,NA,NA,NA,NA,NA,NA,NA,NA,NA
6,,True,additive,8,2,4,16,0.2,20,0.7128571271896362,0.4196898341178894,0.001,16,1,5,NA,NA,NA,NA,NA,NA,NA,NA,NA,NA,NA,NA,NA,NA,NA
0,,True,additive,8,2,4,16,0.2,20,0.22333331406116486,0.6810309886932373,0.001,16,2,5,NA,NA,NA,NA,NA,NA,NA,NA,NA,NA,NA,NA,NA,NA,NA
1,,True,additive,8,2,4,16,0.2,20,0.5295237898826599,0.6384570002555847,0.001,16,2,5,NA,NA,NA,NA,NA,NA,NA,NA,NA,NA,NA,NA,NA,NA,NA
2,,True,additive,8,2,4,16,0.2,20,0.6645237803459167,0.5329123139381409,0.001,16,2,5,NA,NA,NA,NA,NA,NA,NA,NA,NA,NA,NA,NA,NA,NA,NA
3,,True,additive,8,2,4,16,0.2,20,0.6066666841506958,0.5183533430099487,0.001,16,2,5,NA,NA,NA,NA,NA,NA,NA,NA,NA,NA,NA,NA,NA,NA,NA
4,,True,additive,8,2,4,16,0.2,20,0.6145237684249878,0.49104008078575134,0.001,16,2,5,NA,NA,NA,NA,NA,NA,NA,NA,NA,NA,NA,NA,NA,NA,NA
5,,True,additive,8,2,4,16,0.2,20,0.5740475654602051,0.46743273735046387,0.001,16,2,5,NA,NA,NA,NA,NA,NA,NA,NA,NA,NA,NA,NA,NA,NA,NA
0,,True,additive,8,2,4,16,0.2,20,0.4166666567325592,0.655189037322998,0.001,16,3,5,NA,NA,NA,NA,NA,NA,NA,NA,NA,NA,NA,NA,NA,NA,NA
1,,True,additive,8,2,4,16,0.2,20,0.5311905145645142,0.5444796085357666,0.001,16,3,5,NA,NA,NA,NA,NA,NA,NA,NA,NA,NA,NA,NA,NA,NA,NA
2,,True,additive,8,2,4,16,0.2,20,0.5600000619888306,0.5176964998245239,0.001,16,3,5,NA,NA,NA,NA,NA,NA,NA,NA,NA,NA,NA,NA,NA,NA,NA
3,,True,additive,8,2,4,16,0.2,20,0.5978571772575378,0.4550110697746277,0.001,16,3,5,NA,NA,NA,NA,NA,NA,NA,NA,NA,NA,NA,NA,NA,NA,NA
4,,True,additive,8,2,4,16,0.2,20,0.5566666126251221,0.4368956983089447,0.001,16,3,5,NA,NA,NA,NA,NA,NA,NA,NA,NA,NA,NA,NA,NA,NA,NA
5,,True,additive,8,2,4,16,0.2,20,0.5900000333786011,0.4232484996318817,0.001,16,3,5,NA,NA,NA,NA,NA,NA,NA,NA,NA,NA,NA,NA,NA,NA,NA
6,,True,additive,8,2,4,16,0.2,20,0.6878570914268494,0.35414189100265503,0.001,16,3,5,NA,NA,NA,NA,NA,NA,NA,NA,NA,NA,NA,NA,NA,NA,NA
7,,True,additive,8,2,4,16,0.2,20,0.7066666483879089,0.31324905157089233,0.001,16,3,5,NA,NA,NA,NA,NA,NA,NA,NA,NA,NA,NA,NA,NA,NA,NA
8,,True,additive,8,2,4,16,0.2,20,0.7233332991600037,0.2917926013469696,0.001,16,3,5,NA,NA,NA,NA,NA,NA,NA,NA,NA,NA,NA,NA,NA,NA,NA
9,,True,additive,8,2,4,16,0.2,20,0.6616666913032532,0.29599618911743164,0.001,16,3,5,NA,NA,NA,NA,NA,NA,NA,NA,NA,NA,NA,NA,NA,NA,NA
10,,True,additive,8,2,4,16,0.2,20,0.6416667103767395,0.2893609404563904,0.001,16,3,5,NA,NA,NA,NA,NA,NA,NA,NA,NA,NA,NA,NA,NA,NA,NA
11,,True,additive,8,2,4,16,0.2,20,0.8066666722297668,0.25297853350639343,0.001,16,3,5,NA,NA,NA,NA,NA,NA,NA,NA,NA,NA,NA,NA,NA,NA,NA
12,,True,additive,8,2,4,16,0.2,20,0.7828571200370789,0.23934374749660492,0.001,16,3,5,NA,NA,NA,NA,NA,NA,NA,NA,NA,NA,NA,NA,NA,NA,NA
13,,True,additive,8,2,4,16,0.2,20,0.824999988079071,0.20005883276462555,0.001,16,3,5,NA,NA,NA,NA,NA,NA,NA,NA,NA,NA,NA,NA,NA,NA,NA
14,,True,additive,8,2,4,16,0.2,20,0.7566666603088379,0.19659735262393951,0.001,16,3,5,NA,NA,NA,NA,NA,NA,NA,NA,NA,NA,NA,NA,NA,NA,NA
15,,True,additive,8,2,4,16,0.2,20,0.753333330154419,0.17219626903533936,0.001,16,3,5,NA,NA,NA,NA,NA,NA,NA,NA,NA,NA,NA,NA,NA,NA,NA
16,,True,additive,8,2,4,16,0.2,20,0.8078570365905762,0.19231875240802765,0.001,16,3,5,NA,NA,NA,NA,NA,NA,NA,NA,NA,NA,NA,NA,NA,NA,NA
