epoch,att_act,att_hist,att_type,att_units,att_window,batch_size,dense_units,dropout,epochs,keras_f1_score,loss,lr,lstm_units,ofold,task,val_att_act,val_att_hist,val_att_type,val_att_units,val_att_window,val_batch_size,val_dense_units,val_dropout,val_epochs,val_keras_f1_score,val_loss,val_lr,val_lstm_units,val_ofold,val_task
0,,True,additive,8,2,4,16,0.2,20,0.18847115337848663,0.7574302554130554,0.001,16,0,1,NA,NA,NA,NA,NA,NA,NA,NA,NA,NA,NA,NA,NA,NA,NA
1,,True,additive,8,2,4,16,0.2,20,0.166666641831398,0.6361473798751831,0.001,16,0,1,NA,NA,NA,NA,NA,NA,NA,NA,NA,NA,NA,NA,NA,NA,NA
2,,True,additive,8,2,4,16,0.2,20,0.5305763483047485,0.6206120252609253,0.001,16,0,1,NA,NA,NA,NA,NA,NA,NA,NA,NA,NA,NA,NA,NA,NA,NA
3,,True,additive,8,2,4,16,0.2,20,0.4964911937713623,0.5622357130050659,0.001,16,0,1,NA,NA,NA,NA,NA,NA,NA,NA,NA,NA,NA,NA,NA,NA,NA
4,,True,additive,8,2,4,16,0.2,20,0.6626566052436829,0.4978295862674713,0.001,16,0,1,NA,NA,NA,NA,NA,NA,NA,NA,NA,NA,NA,NA,NA,NA,NA
5,,True,additive,8,2,4,16,0.2,20,0.7122807502746582,0.4591604173183441,0.001,16,0,1,NA,NA,NA,NA,NA,NA,NA,NA,NA,NA,NA,NA,NA,NA,NA
6,,True,additive,8,2,4,16,0.2,20,0.7105262875556946,0.4394685924053192,0.001,16,0,1,NA,NA,NA,NA,NA,NA,NA,NA,NA,NA,NA,NA,NA,NA,NA
7,,True,additive,8,2,4,16,0.2,20,0.6543859839439392,0.38387301564216614,0.001,16,0,1,NA,NA,NA,NA,NA,NA,NA,NA,NA,NA,NA,NA,NA,NA,NA
8,,True,additive,8,2,4,16,0.2,20,0.7754386067390442,0.3462386131286621,0.001,16,0,1,NA,NA,NA,NA,NA,NA,NA,NA,NA,NA,NA,NA,NA,NA,NA
9,,True,additive,8,2,4,16,0.2,20,0.7719298601150513,0.2934640049934387,0.001,16,0,1,NA,NA,NA,NA,NA,NA,NA,NA,NA,NA,NA,NA,NA,NA,NA
10,,True,additive,8,2,4,16,0.2,20,0.7964912056922913,0.2576378285884857,0.001,16,0,1,NA,NA,NA,NA,NA,NA,NA,NA,NA,NA,NA,NA,NA,NA,NA
11,,True,additive,8,2,4,16,0.2,20,0.7568922638893127,0.2651360034942627,0.001,16,0,1,NA,NA,NA,NA,NA,NA,NA,NA,NA,NA,NA,NA,NA,NA,NA
12,,True,additive,8,2,4,16,0.2,20,0.8140350580215454,0.27199074625968933,0.001,16,0,1,NA,NA,NA,NA,NA,NA,NA,NA,NA,NA,NA,NA,NA,NA,NA
13,,True,additive,8,2,4,16,0.2,20,0.7614035606384277,0.20214134454727173,0.001,16,0,1,NA,NA,NA,NA,NA,NA,NA,NA,NA,NA,NA,NA,NA,NA,NA
14,,True,additive,8,2,4,16,0.2,20,0.7994986772537231,0.21028202772140503,0.001,16,0,1,NA,NA,NA,NA,NA,NA,NA,NA,NA,NA,NA,NA,NA,NA,NA
15,,True,additive,8,2,4,16,0.2,20,0.8771929740905762,0.20185671746730804,0.001,16,0,1,NA,NA,NA,NA,NA,NA,NA,NA,NA,NA,NA,NA,NA,NA,NA
16,,True,additive,8,2,4,16,0.2,20,0.8929824829101562,0.18623867630958557,0.001,16,0,1,NA,NA,NA,NA,NA,NA,NA,NA,NA,NA,NA,NA,NA,NA,NA
17,,True,additive,8,2,4,16,0.2,20,0.8596490621566772,0.14817078411579132,0.001,16,0,1,NA,NA,NA,NA,NA,NA,NA,NA,NA,NA,NA,NA,NA,NA,NA
18,,True,additive,8,2,4,16,0.2,20,0.7684210538864136,0.1303812712430954,0.001,16,0,1,NA,NA,NA,NA,NA,NA,NA,NA,NA,NA,NA,NA,NA,NA,NA
19,,True,additive,8,2,4,16,0.2,20,0.8596490621566772,0.12770472466945648,0.001,16,0,1,NA,NA,NA,NA,NA,NA,NA,NA,NA,NA,NA,NA,NA,NA,NA
0,,True,additive,8,2,4,16,0.2,20,0.19774433970451355,0.7008855938911438,0.001,16,1,1,NA,NA,NA,NA,NA,NA,NA,NA,NA,NA,NA,NA,NA,NA,NA
1,,True,additive,8,2,4,16,0.2,20,0.3929823935031891,0.6155111789703369,0.001,16,1,1,NA,NA,NA,NA,NA,NA,NA,NA,NA,NA,NA,NA,NA,NA,NA
2,,True,additive,8,2,4,16,0.2,20,0.5491228103637695,0.5729373097419739,0.001,16,1,1,NA,NA,NA,NA,NA,NA,NA,NA,NA,NA,NA,NA,NA,NA,NA
3,,True,additive,8,2,4,16,0.2,20,0.673684298992157,0.4583609402179718,0.001,16,1,1,NA,NA,NA,NA,NA,NA,NA,NA,NA,NA,NA,NA,NA,NA,NA
4,,True,additive,8,2,4,16,0.2,20,0.7614035606384277,0.4068032205104828,0.001,16,1,1,NA,NA,NA,NA,NA,NA,NA,NA,NA,NA,NA,NA,NA,NA,NA
5,,True,additive,8,2,4,16,0.2,20,0.6087719202041626,0.35290879011154175,0.001,16,1,1,NA,NA,NA,NA,NA,NA,NA,NA,NA,NA,NA,NA,NA,NA,NA
6,,True,additive,8,2,4,16,0.2,20,0.7596490979194641,0.3258915841579437,0.001,16,1,1,NA,NA,NA,NA,NA,NA,NA,NA,NA,NA,NA,NA,NA,NA,NA
7,,True,additive,8,2,4,16,0.2,20,0.761403501033783,0.290730357170105,0.001,16,1,1,NA,NA,NA,NA,NA,NA,NA,NA,NA,NA,NA,NA,NA,NA,NA
0,,True,additive,8,2,4,16,0.2,20,0.2561403214931488,0.6684384942054749,0.001,16,2,1,NA,NA,NA,NA,NA,NA,NA,NA,NA,NA,NA,NA,NA,NA,NA
1,,True,additive,8,2,4,16,0.2,20,0.6596490740776062,0.58107990026474,0.001,16,2,1,NA,NA,NA,NA,NA,NA,NA,NA,NA,NA,NA,NA,NA,NA,NA
2,,True,additive,8,2,4,16,0.2,20,0.6000000238418579,0.508916437625885,0.001,16,2,1,NA,NA,NA,NA,NA,NA,NA,NA,NA,NA,NA,NA,NA,NA,NA
3,,True,additive,8,2,4,16,0.2,20,0.8310777544975281,0.4328957498073578,0.001,16,2,1,NA,NA,NA,NA,NA,NA,NA,NA,NA,NA,NA,NA,NA,NA,NA
4,,True,additive,8,2,4,16,0.2,20,0.8491228222846985,0.33482903242111206,0.001,16,2,1,NA,NA,NA,NA,NA,NA,NA,NA,NA,NA,NA,NA,NA,NA,NA
5,,True,additive,8,2,4,16,0.2,20,0.7859649658203125,0.26033273339271545,0.001,16,2,1,NA,NA,NA,NA,NA,NA,NA,NA,NA,NA,NA,NA,NA,NA,NA
6,,True,additive,8,2,4,16,0.2,20,0.8140350580215454,0.19577261805534363,0.001,16,2,1,NA,NA,NA,NA,NA,NA,NA,NA,NA,NA,NA,NA,NA,NA,NA
7,,True,additive,8,2,4,16,0.2,20,0.8666666746139526,0.14383016526699066,0.001,16,2,1,NA,NA,NA,NA,NA,NA,NA,NA,NA,NA,NA,NA,NA,NA,NA
8,,True,additive,8,2,4,16,0.2,20,0.8240601420402527,0.13814012706279755,0.001,16,2,1,NA,NA,NA,NA,NA,NA,NA,NA,NA,NA,NA,NA,NA,NA,NA
9,,True,additive,8,2,4,16,0.2,20,0.7456139922142029,0.13869011402130127,0.001,16,2,1,NA,NA,NA,NA,NA,NA,NA,NA,NA,NA,NA,NA,NA,NA,NA
10,,True,additive,8,2,4,16,0.2,20,0.9819548726081848,0.12403541803359985,0.001,16,2,1,NA,NA,NA,NA,NA,NA,NA,NA,NA,NA,NA,NA,NA,NA,NA
11,,True,additive,8,2,4,16,0.2,20,0.9368420839309692,0.06503649055957794,0.001,16,2,1,NA,NA,NA,NA,NA,NA,NA,NA,NA,NA,NA,NA,NA,NA,NA
12,,True,additive,8,2,4,16,0.2,20,0.7719298005104065,0.06940658390522003,0.001,16,2,1,NA,NA,NA,NA,NA,NA,NA,NA,NA,NA,NA,NA,NA,NA,NA
13,,True,additive,8,2,4,16,0.2,20,0.9298245310783386,0.04630088433623314,0.001,16,2,1,NA,NA,NA,NA,NA,NA,NA,NA,NA,NA,NA,NA,NA,NA,NA
0,,True,additive,8,2,4,16,0.2,20,0.5416039824485779,0.6925656199455261,0.001,16,3,1,NA,NA,NA,NA,NA,NA,NA,NA,NA,NA,NA,NA,NA,NA,NA
1,,True,additive,8,2,4,16,0.2,20,0.5807017683982849,0.6167497634887695,0.001,16,3,1,NA,NA,NA,NA,NA,NA,NA,NA,NA,NA,NA,NA,NA,NA,NA
2,,True,additive,8,2,4,16,0.2,20,0.6228070259094238,0.527254045009613,0.001,16,3,1,NA,NA,NA,NA,NA,NA,NA,NA,NA,NA,NA,NA,NA,NA,NA
3,,True,additive,8,2,4,16,0.2,20,0.714035153388977,0.4531312584877014,0.001,16,3,1,NA,NA,NA,NA,NA,NA,NA,NA,NA,NA,NA,NA,NA,NA,NA
4,,True,additive,8,2,4,16,0.2,20,0.7315789461135864,0.3953753113746643,0.001,16,3,1,NA,NA,NA,NA,NA,NA,NA,NA,NA,NA,NA,NA,NA,NA,NA
5,,True,additive,8,2,4,16,0.2,20,0.6661654114723206,0.378012478351593,0.001,16,3,1,NA,NA,NA,NA,NA,NA,NA,NA,NA,NA,NA,NA,NA,NA,NA
6,,True,additive,8,2,4,16,0.2,20,0.7368420362472534,0.3059627413749695,0.001,16,3,1,NA,NA,NA,NA,NA,NA,NA,NA,NA,NA,NA,NA,NA,NA,NA
7,,True,additive,8,2,4,16,0.2,20,0.8210526704788208,0.299629807472229,0.001,16,3,1,NA,NA,NA,NA,NA,NA,NA,NA,NA,NA,NA,NA,NA,NA,NA
8,,True,additive,8,2,4,16,0.2,20,0.7789473533630371,0.26814785599708557,0.001,16,3,1,NA,NA,NA,NA,NA,NA,NA,NA,NA,NA,NA,NA,NA,NA,NA
9,,True,additive,8,2,4,16,0.2,20,0.8350877165794373,0.23110763728618622,0.001,16,3,1,NA,NA,NA,NA,NA,NA,NA,NA,NA,NA,NA,NA,NA,NA,NA
10,,True,additive,8,2,4,16,0.2,20,0.8591479063034058,0.18199405074119568,0.001,16,3,1,NA,NA,NA,NA,NA,NA,NA,NA,NA,NA,NA,NA,NA,NA,NA
11,,True,additive,8,2,4,16,0.2,20,0.815789520740509,0.16607731580734253,0.001,16,3,1,NA,NA,NA,NA,NA,NA,NA,NA,NA,NA,NA,NA,NA,NA,NA
12,,True,additive,8,2,4,16,0.2,20,0.8135337829589844,0.18977560102939606,0.001,16,3,1,NA,NA,NA,NA,NA,NA,NA,NA,NA,NA,NA,NA,NA,NA,NA
13,,True,additive,8,2,4,16,0.2,20,0.8666666746139526,0.15986864268779755,0.001,16,3,1,NA,NA,NA,NA,NA,NA,NA,NA,NA,NA,NA,NA,NA,NA,NA
14,,True,additive,8,2,4,16,0.2,20,0.7684210538864136,0.14574359357357025,0.001,16,3,1,NA,NA,NA,NA,NA,NA,NA,NA,NA,NA,NA,NA,NA,NA,NA
15,,True,additive,8,2,4,16,0.2,20,0.8666666746139526,0.14487962424755096,0.001,16,3,1,NA,NA,NA,NA,NA,NA,NA,NA,NA,NA,NA,NA,NA,NA,NA
16,,True,additive,8,2,4,16,0.2,20,0.8666666150093079,0.1490471214056015,0.001,16,3,1,NA,NA,NA,NA,NA,NA,NA,NA,NA,NA,NA,NA,NA,NA,NA
0,,True,additive,8,2,4,16,0.2,20,0.10666666179895401,0.6893481016159058,0.001,16,0,2,NA,NA,NA,NA,NA,NA,NA,NA,NA,NA,NA,NA,NA,NA,NA
1,,True,additive,8,2,4,16,0.2,20,0.41499996185302734,0.6389644742012024,0.001,16,0,2,NA,NA,NA,NA,NA,NA,NA,NA,NA,NA,NA,NA,NA,NA,NA
2,,True,additive,8,2,4,16,0.2,20,0.4583333134651184,0.5988463163375854,0.001,16,0,2,NA,NA,NA,NA,NA,NA,NA,NA,NA,NA,NA,NA,NA,NA,NA
3,,True,additive,8,2,4,16,0.2,20,0.4395237863063812,0.5784885883331299,0.001,16,0,2,NA,NA,NA,NA,NA,NA,NA,NA,NA,NA,NA,NA,NA,NA,NA
4,,True,additive,8,2,4,16,0.2,20,0.5949999690055847,0.5464522242546082,0.001,16,0,2,NA,NA,NA,NA,NA,NA,NA,NA,NA,NA,NA,NA,NA,NA,NA
5,,True,additive,8,2,4,16,0.2,20,0.5583332777023315,0.4948379397392273,0.001,16,0,2,NA,NA,NA,NA,NA,NA,NA,NA,NA,NA,NA,NA,NA,NA,NA
6,,True,additive,8,2,4,16,0.2,20,0.6823809146881104,0.4695267677307129,0.001,16,0,2,NA,NA,NA,NA,NA,NA,NA,NA,NA,NA,NA,NA,NA,NA,NA
7,,True,additive,8,2,4,16,0.2,20,0.6883333921432495,0.39692166447639465,0.001,16,0,2,NA,NA,NA,NA,NA,NA,NA,NA,NA,NA,NA,NA,NA,NA,NA
8,,True,additive,8,2,4,16,0.2,20,0.664523720741272,0.38018205761909485,0.001,16,0,2,NA,NA,NA,NA,NA,NA,NA,NA,NA,NA,NA,NA,NA,NA,NA
9,,True,additive,8,2,4,16,0.2,20,0.8533332943916321,0.3326525390148163,0.001,16,0,2,NA,NA,NA,NA,NA,NA,NA,NA,NA,NA,NA,NA,NA,NA,NA
10,,True,additive,8,2,4,16,0.2,20,0.707857072353363,0.3108466863632202,0.001,16,0,2,NA,NA,NA,NA,NA,NA,NA,NA,NA,NA,NA,NA,NA,NA,NA
11,,True,additive,8,2,4,16,0.2,20,0.7166666984558105,0.23613341152668,0.001,16,0,2,NA,NA,NA,NA,NA,NA,NA,NA,NA,NA,NA,NA,NA,NA,NA
12,,True,additive,8,2,4,16,0.2,20,0.846190333366394,0.2213846892118454,0.001,16,0,2,NA,NA,NA,NA,NA,NA,NA,NA,NA,NA,NA,NA,NA,NA,NA
0,,True,additive,8,2,4,16,0.2,20,0.15833333134651184,0.7305725812911987,0.001,16,1,2,NA,NA,NA,NA,NA,NA,NA,NA,NA,NA,NA,NA,NA,NA,NA
1,,True,additive,8,2,4,16,0.2,20,0.4183332920074463,0.6184964776039124,0.001,16,1,2,NA,NA,NA,NA,NA,NA,NA,NA,NA,NA,NA,NA,NA,NA,NA
2,,True,additive,8,2,4,16,0.2,20,0.5966666340827942,0.5798630118370056,0.001,16,1,2,NA,NA,NA,NA,NA,NA,NA,NA,NA,NA,NA,NA,NA,NA,NA
3,,True,additive,8,2,4,16,0.2,20,0.5900000333786011,0.516869843006134,0.001,16,1,2,NA,NA,NA,NA,NA,NA,NA,NA,NA,NA,NA,NA,NA,NA,NA
4,,True,additive,8,2,4,16,0.2,20,0.6357142329216003,0.5010640621185303,0.001,16,1,2,NA,NA,NA,NA,NA,NA,NA,NA,NA,NA,NA,NA,NA,NA,NA
5,,True,additive,8,2,4,16,0.2,20,0.5733332633972168,0.4603099226951599,0.001,16,1,2,NA,NA,NA,NA,NA,NA,NA,NA,NA,NA,NA,NA,NA,NA,NA
6,,True,additive,8,2,4,16,0.2,20,0.6783334016799927,0.3843795955181122,0.001,16,1,2,NA,NA,NA,NA,NA,NA,NA,NA,NA,NA,NA,NA,NA,NA,NA
7,,True,additive,8,2,4,16,0.2,20,0.809999942779541,0.3450009524822235,0.001,16,1,2,NA,NA,NA,NA,NA,NA,NA,NA,NA,NA,NA,NA,NA,NA,NA
8,,True,additive,8,2,4,16,0.2,20,0.7633333206176758,0.2898714244365692,0.001,16,1,2,NA,NA,NA,NA,NA,NA,NA,NA,NA,NA,NA,NA,NA,NA,NA
9,,True,additive,8,2,4,16,0.2,20,0.7428571581840515,0.23154567182064056,0.001,16,1,2,NA,NA,NA,NA,NA,NA,NA,NA,NA,NA,NA,NA,NA,NA,NA
10,,True,additive,8,2,4,16,0.2,20,0.79666668176651,0.2555612027645111,0.001,16,1,2,NA,NA,NA,NA,NA,NA,NA,NA,NA,NA,NA,NA,NA,NA,NA
0,,True,additive,8,2,4,16,0.2,20,0.2561904489994049,0.6562119126319885,0.001,16,2,2,NA,NA,NA,NA,NA,NA,NA,NA,NA,NA,NA,NA,NA,NA,NA
1,,True,additive,8,2,4,16,0.2,20,0.39785709977149963,0.6528408527374268,0.001,16,2,2,NA,NA,NA,NA,NA,NA,NA,NA,NA,NA,NA,NA,NA,NA,NA
2,,True,additive,8,2,4,16,0.2,20,0.40833330154418945,0.5437688231468201,0.001,16,2,2,NA,NA,NA,NA,NA,NA,NA,NA,NA,NA,NA,NA,NA,NA,NA
3,,True,additive,8,2,4,16,0.2,20,0.6028570532798767,0.5373929142951965,0.001,16,2,2,NA,NA,NA,NA,NA,NA,NA,NA,NA,NA,NA,NA,NA,NA,NA
4,,True,additive,8,2,4,16,0.2,20,0.6016666293144226,0.4669837951660156,0.001,16,2,2,NA,NA,NA,NA,NA,NA,NA,NA,NA,NA,NA,NA,NA,NA,NA
5,,True,additive,8,2,4,16,0.2,20,0.6816667318344116,0.44017454981803894,0.001,16,2,2,NA,NA,NA,NA,NA,NA,NA,NA,NA,NA,NA,NA,NA,NA,NA
6,,True,additive,8,2,4,16,0.2,20,0.7150000333786011,0.4235222041606903,0.001,16,2,2,NA,NA,NA,NA,NA,NA,NA,NA,NA,NA,NA,NA,NA,NA,NA
7,,True,additive,8,2,4,16,0.2,20,0.7695237994194031,0.3875427544116974,0.001,16,2,2,NA,NA,NA,NA,NA,NA,NA,NA,NA,NA,NA,NA,NA,NA,NA
8,,True,additive,8,2,4,16,0.2,20,0.8390475511550903,0.3217240571975708,0.001,16,2,2,NA,NA,NA,NA,NA,NA,NA,NA,NA,NA,NA,NA,NA,NA,NA
9,,True,additive,8,2,4,16,0.2,20,0.6628571152687073,0.3084224760532379,0.001,16,2,2,NA,NA,NA,NA,NA,NA,NA,NA,NA,NA,NA,NA,NA,NA,NA
10,,True,additive,8,2,4,16,0.2,20,0.7561904788017273,0.2599540054798126,0.001,16,2,2,NA,NA,NA,NA,NA,NA,NA,NA,NA,NA,NA,NA,NA,NA,NA
11,,True,additive,8,2,4,16,0.2,20,0.776190459728241,0.2836954593658447,0.001,16,2,2,NA,NA,NA,NA,NA,NA,NA,NA,NA,NA,NA,NA,NA,NA,NA
0,,True,additive,8,2,4,16,0.2,20,0.1666666567325592,0.6819559931755066,0.001,16,3,2,NA,NA,NA,NA,NA,NA,NA,NA,NA,NA,NA,NA,NA,NA,NA
1,,True,additive,8,2,4,16,0.2,20,0.5411903858184814,0.6152233481407166,0.001,16,3,2,NA,NA,NA,NA,NA,NA,NA,NA,NA,NA,NA,NA,NA,NA,NA
2,,True,additive,8,2,4,16,0.2,20,0.5799999833106995,0.5768049359321594,0.001,16,3,2,NA,NA,NA,NA,NA,NA,NA,NA,NA,NA,NA,NA,NA,NA,NA
3,,True,additive,8,2,4,16,0.2,20,0.550000011920929,0.5446157455444336,0.001,16,3,2,NA,NA,NA,NA,NA,NA,NA,NA,NA,NA,NA,NA,NA,NA,NA
4,,True,additive,8,2,4,16,0.2,20,0.6233333349227905,0.4708210527896881,0.001,16,3,2,NA,NA,NA,NA,NA,NA,NA,NA,NA,NA,NA,NA,NA,NA,NA
5,,True,additive,8,2,4,16,0.2,20,0.7816666960716248,0.38337111473083496,0.001,16,3,2,NA,NA,NA,NA,NA,NA,NA,NA,NA,NA,NA,NA,NA,NA,NA
6,,True,additive,8,2,4,16,0.2,20,0.8233333826065063,0.37595969438552856,0.001,16,3,2,NA,NA,NA,NA,NA,NA,NA,NA,NA,NA,NA,NA,NA,NA,NA
7,,True,additive,8,2,4,16,0.2,20,0.7895238399505615,0.32728904485702515,0.001,16,3,2,NA,NA,NA,NA,NA,NA,NA,NA,NA,NA,NA,NA,NA,NA,NA
8,,True,additive,8,2,4,16,0.2,20,0.7933333516120911,0.3238561153411865,0.001,16,3,2,NA,NA,NA,NA,NA,NA,NA,NA,NA,NA,NA,NA,NA,NA,NA
9,,True,additive,8,2,4,16,0.2,20,0.7940475940704346,0.29133760929107666,0.001,16,3,2,NA,NA,NA,NA,NA,NA,NA,NA,NA,NA,NA,NA,NA,NA,NA
0,,True,additive,8,2,4,16,0.2,20,0.518796980381012,0.6859768629074097,0.001,16,0,3,NA,NA,NA,NA,NA,NA,NA,NA,NA,NA,NA,NA,NA,NA,NA
1,,True,additive,8,2,4,16,0.2,20,0.6666666865348816,0.564502477645874,0.001,16,0,3,NA,NA,NA,NA,NA,NA,NA,NA,NA,NA,NA,NA,NA,NA,NA
2,,True,additive,8,2,4,16,0.2,20,0.6824561357498169,0.4760744571685791,0.001,16,0,3,NA,NA,NA,NA,NA,NA,NA,NA,NA,NA,NA,NA,NA,NA,NA
3,,True,additive,8,2,4,16,0.2,20,0.6561403274536133,0.42001381516456604,0.001,16,0,3,NA,NA,NA,NA,NA,NA,NA,NA,NA,NA,NA,NA,NA,NA,NA
4,,True,additive,8,2,4,16,0.2,20,0.7140350937843323,0.3814452886581421,0.001,16,0,3,NA,NA,NA,NA,NA,NA,NA,NA,NA,NA,NA,NA,NA,NA,NA
5,,True,additive,8,2,4,16,0.2,20,0.7714285850524902,0.358471155166626,0.001,16,0,3,NA,NA,NA,NA,NA,NA,NA,NA,NA,NA,NA,NA,NA,NA,NA
6,,True,additive,8,2,4,16,0.2,20,0.7438596487045288,0.30700865387916565,0.001,16,0,3,NA,NA,NA,NA,NA,NA,NA,NA,NA,NA,NA,NA,NA,NA,NA
7,,True,additive,8,2,4,16,0.2,20,0.8245614171028137,0.27467575669288635,0.001,16,0,3,NA,NA,NA,NA,NA,NA,NA,NA,NA,NA,NA,NA,NA,NA,NA
8,,True,additive,8,2,4,16,0.2,20,0.8561402559280396,0.21668024361133575,0.001,16,0,3,NA,NA,NA,NA,NA,NA,NA,NA,NA,NA,NA,NA,NA,NA,NA
9,,True,additive,8,2,4,16,0.2,20,0.8240601420402527,0.18714603781700134,0.001,16,0,3,NA,NA,NA,NA,NA,NA,NA,NA,NA,NA,NA,NA,NA,NA,NA
10,,True,additive,8,2,4,16,0.2,20,0.824561357498169,0.17329256236553192,0.001,16,0,3,NA,NA,NA,NA,NA,NA,NA,NA,NA,NA,NA,NA,NA,NA,NA
11,,True,additive,8,2,4,16,0.2,20,0.8947368264198303,0.11848193407058716,0.001,16,0,3,NA,NA,NA,NA,NA,NA,NA,NA,NA,NA,NA,NA,NA,NA,NA
12,,True,additive,8,2,4,16,0.2,20,0.9824560880661011,0.12491884082555771,0.001,16,0,3,NA,NA,NA,NA,NA,NA,NA,NA,NA,NA,NA,NA,NA,NA,NA
13,,True,additive,8,2,4,16,0.2,20,0.9368420839309692,0.10880965739488602,0.001,16,0,3,NA,NA,NA,NA,NA,NA,NA,NA,NA,NA,NA,NA,NA,NA,NA
14,,True,additive,8,2,4,16,0.2,20,0.9473684430122375,0.09497490525245667,0.001,16,0,3,NA,NA,NA,NA,NA,NA,NA,NA,NA,NA,NA,NA,NA,NA,NA
15,,True,additive,8,2,4,16,0.2,20,0.9298245310783386,0.08224920183420181,0.001,16,0,3,NA,NA,NA,NA,NA,NA,NA,NA,NA,NA,NA,NA,NA,NA,NA
0,,True,additive,8,2,4,16,0.2,20,0.32807013392448425,0.7107955813407898,0.001,16,1,3,NA,NA,NA,NA,NA,NA,NA,NA,NA,NA,NA,NA,NA,NA,NA
1,,True,additive,8,2,4,16,0.2,20,0.5929824709892273,0.6056930422782898,0.001,16,1,3,NA,NA,NA,NA,NA,NA,NA,NA,NA,NA,NA,NA,NA,NA,NA
2,,True,additive,8,2,4,16,0.2,20,0.6731829643249512,0.49990424513816833,0.001,16,1,3,NA,NA,NA,NA,NA,NA,NA,NA,NA,NA,NA,NA,NA,NA,NA
3,,True,additive,8,2,4,16,0.2,20,0.7070175409317017,0.44451212882995605,0.001,16,1,3,NA,NA,NA,NA,NA,NA,NA,NA,NA,NA,NA,NA,NA,NA,NA
4,,True,additive,8,2,4,16,0.2,20,0.739348292350769,0.4095877707004547,0.001,16,1,3,NA,NA,NA,NA,NA,NA,NA,NA,NA,NA,NA,NA,NA,NA,NA
5,,True,additive,8,2,4,16,0.2,20,0.7649122476577759,0.36743831634521484,0.001,16,1,3,NA,NA,NA,NA,NA,NA,NA,NA,NA,NA,NA,NA,NA,NA,NA
6,,True,additive,8,2,4,16,0.2,20,0.74210524559021,0.34772372245788574,0.001,16,1,3,NA,NA,NA,NA,NA,NA,NA,NA,NA,NA,NA,NA,NA,NA,NA
7,,True,additive,8,2,4,16,0.2,20,0.761403501033783,0.31096646189689636,0.001,16,1,3,NA,NA,NA,NA,NA,NA,NA,NA,NA,NA,NA,NA,NA,NA,NA
8,,True,additive,8,2,4,16,0.2,20,0.7859649062156677,0.2421947568655014,0.001,16,1,3,NA,NA,NA,NA,NA,NA,NA,NA,NA,NA,NA,NA,NA,NA,NA
9,,True,additive,8,2,4,16,0.2,20,0.8872180581092834,0.23218579590320587,0.001,16,1,3,NA,NA,NA,NA,NA,NA,NA,NA,NA,NA,NA,NA,NA,NA,NA
10,,True,additive,8,2,4,16,0.2,20,0.8065162301063538,0.1934211701154709,0.001,16,1,3,NA,NA,NA,NA,NA,NA,NA,NA,NA,NA,NA,NA,NA,NA,NA
11,,True,additive,8,2,4,16,0.2,20,0.838596522808075,0.17085109651088715,0.001,16,1,3,NA,NA,NA,NA,NA,NA,NA,NA,NA,NA,NA,NA,NA,NA,NA
12,,True,additive,8,2,4,16,0.2,20,0.7894737124443054,0.16142144799232483,0.001,16,1,3,NA,NA,NA,NA,NA,NA,NA,NA,NA,NA,NA,NA,NA,NA,NA
0,,True,additive,8,2,4,16,0.2,20,0.470714271068573,0.67587810754776,0.001,16,2,3,NA,NA,NA,NA,NA,NA,NA,NA,NA,NA,NA,NA,NA,NA,NA
1,,True,additive,8,2,4,16,0.2,20,0.49833330512046814,0.5402202010154724,0.001,16,2,3,NA,NA,NA,NA,NA,NA,NA,NA,NA,NA,NA,NA,NA,NA,NA
2,,True,additive,8,2,4,16,0.2,20,0.5883333086967468,0.4845627248287201,0.001,16,2,3,NA,NA,NA,NA,NA,NA,NA,NA,NA,NA,NA,NA,NA,NA,NA
3,,True,additive,8,2,4,16,0.2,20,0.6049999594688416,0.42081525921821594,0.001,16,2,3,NA,NA,NA,NA,NA,NA,NA,NA,NA,NA,NA,NA,NA,NA,NA
4,,True,additive,8,2,4,16,0.2,20,0.6619046926498413,0.35120004415512085,0.001,16,2,3,NA,NA,NA,NA,NA,NA,NA,NA,NA,NA,NA,NA,NA,NA,NA
5,,True,additive,8,2,4,16,0.2,20,0.6978570818901062,0.3055722415447235,0.001,16,2,3,NA,NA,NA,NA,NA,NA,NA,NA,NA,NA,NA,NA,NA,NA,NA
6,,True,additive,8,2,4,16,0.2,20,0.7995237708091736,0.2647041380405426,0.001,16,2,3,NA,NA,NA,NA,NA,NA,NA,NA,NA,NA,NA,NA,NA,NA,NA
7,,True,additive,8,2,4,16,0.2,20,0.7566666603088379,0.24645495414733887,0.001,16,2,3,NA,NA,NA,NA,NA,NA,NA,NA,NA,NA,NA,NA,NA,NA,NA
8,,True,additive,8,2,4,16,0.2,20,0.7566666603088379,0.20628029108047485,0.001,16,2,3,NA,NA,NA,NA,NA,NA,NA,NA,NA,NA,NA,NA,NA,NA,NA
9,,True,additive,8,2,4,16,0.2,20,0.8066666722297668,0.24308784306049347,0.001,16,2,3,NA,NA,NA,NA,NA,NA,NA,NA,NA,NA,NA,NA,NA,NA,NA
10,,True,additive,8,2,4,16,0.2,20,0.7733333706855774,0.17586997151374817,0.001,16,2,3,NA,NA,NA,NA,NA,NA,NA,NA,NA,NA,NA,NA,NA,NA,NA
11,,True,additive,8,2,4,16,0.2,20,0.7666666507720947,0.16867639124393463,0.001,16,2,3,NA,NA,NA,NA,NA,NA,NA,NA,NA,NA,NA,NA,NA,NA,NA
12,,True,additive,8,2,4,16,0.2,20,0.7566666603088379,0.1938900500535965,0.001,16,2,3,NA,NA,NA,NA,NA,NA,NA,NA,NA,NA,NA,NA,NA,NA,NA
0,,True,additive,8,2,4,16,0.2,20,0.5083333253860474,0.6684549450874329,0.001,16,3,3,NA,NA,NA,NA,NA,NA,NA,NA,NA,NA,NA,NA,NA,NA,NA
1,,True,additive,8,2,4,16,0.2,20,0.4061904549598694,0.5555641651153564,0.001,16,3,3,NA,NA,NA,NA,NA,NA,NA,NA,NA,NA,NA,NA,NA,NA,NA
2,,True,additive,8,2,4,16,0.2,20,0.7350000143051147,0.47837987542152405,0.001,16,3,3,NA,NA,NA,NA,NA,NA,NA,NA,NA,NA,NA,NA,NA,NA,NA
3,,True,additive,8,2,4,16,0.2,20,0.6749999523162842,0.4272628426551819,0.001,16,3,3,NA,NA,NA,NA,NA,NA,NA,NA,NA,NA,NA,NA,NA,NA,NA
4,,True,additive,8,2,4,16,0.2,20,0.7295238375663757,0.39296677708625793,0.001,16,3,3,NA,NA,NA,NA,NA,NA,NA,NA,NA,NA,NA,NA,NA,NA,NA
5,,True,additive,8,2,4,16,0.2,20,0.7645238637924194,0.29863861203193665,0.001,16,3,3,NA,NA,NA,NA,NA,NA,NA,NA,NA,NA,NA,NA,NA,NA,NA
6,,True,additive,8,2,4,16,0.2,20,0.7866666316986084,0.2786964178085327,0.001,16,3,3,NA,NA,NA,NA,NA,NA,NA,NA,NA,NA,NA,NA,NA,NA,NA
7,,True,additive,8,2,4,16,0.2,20,0.8300000429153442,0.2529418170452118,0.001,16,3,3,NA,NA,NA,NA,NA,NA,NA,NA,NA,NA,NA,NA,NA,NA,NA
8,,True,additive,8,2,4,16,0.2,20,0.8899999856948853,0.19571982324123383,0.001,16,3,3,NA,NA,NA,NA,NA,NA,NA,NA,NA,NA,NA,NA,NA,NA,NA
9,,True,additive,8,2,4,16,0.2,20,0.8633333444595337,0.17836908996105194,0.001,16,3,3,NA,NA,NA,NA,NA,NA,NA,NA,NA,NA,NA,NA,NA,NA,NA
10,,True,additive,8,2,4,16,0.2,20,0.7900000214576721,0.1522228717803955,0.001,16,3,3,NA,NA,NA,NA,NA,NA,NA,NA,NA,NA,NA,NA,NA,NA,NA
11,,True,additive,8,2,4,16,0.2,20,0.8666666150093079,0.14441317319869995,0.001,16,3,3,NA,NA,NA,NA,NA,NA,NA,NA,NA,NA,NA,NA,NA,NA,NA
0,,True,additive,8,2,4,16,0.2,20,0.37833333015441895,0.674224853515625,0.001,16,0,4,NA,NA,NA,NA,NA,NA,NA,NA,NA,NA,NA,NA,NA,NA,NA
1,,True,additive,8,2,4,16,0.2,20,0.4949999451637268,0.5807734727859497,0.001,16,0,4,NA,NA,NA,NA,NA,NA,NA,NA,NA,NA,NA,NA,NA,NA,NA
2,,True,additive,8,2,4,16,0.2,20,0.6333333253860474,0.4576893448829651,0.001,16,0,4,NA,NA,NA,NA,NA,NA,NA,NA,NA,NA,NA,NA,NA,NA,NA
3,,True,additive,8,2,4,16,0.2,20,0.5723809599876404,0.3836739957332611,0.001,16,0,4,NA,NA,NA,NA,NA,NA,NA,NA,NA,NA,NA,NA,NA,NA,NA
4,,True,additive,8,2,4,16,0.2,20,0.6766666173934937,0.3327427804470062,0.001,16,0,4,NA,NA,NA,NA,NA,NA,NA,NA,NA,NA,NA,NA,NA,NA,NA
5,,True,additive,8,2,4,16,0.2,20,0.7519047260284424,0.2989237904548645,0.001,16,0,4,NA,NA,NA,NA,NA,NA,NA,NA,NA,NA,NA,NA,NA,NA,NA
6,,True,additive,8,2,4,16,0.2,20,0.8066666722297668,0.22959765791893005,0.001,16,0,4,NA,NA,NA,NA,NA,NA,NA,NA,NA,NA,NA,NA,NA,NA,NA
7,,True,additive,8,2,4,16,0.2,20,0.7761904001235962,0.21599765121936798,0.001,16,0,4,NA,NA,NA,NA,NA,NA,NA,NA,NA,NA,NA,NA,NA,NA,NA
8,,True,additive,8,2,4,16,0.2,20,0.8500000238418579,0.20224705338478088,0.001,16,0,4,NA,NA,NA,NA,NA,NA,NA,NA,NA,NA,NA,NA,NA,NA,NA
9,,True,additive,8,2,4,16,0.2,20,0.8761903643608093,0.1348385363817215,0.001,16,0,4,NA,NA,NA,NA,NA,NA,NA,NA,NA,NA,NA,NA,NA,NA,NA
10,,True,additive,8,2,4,16,0.2,20,0.8233333826065063,0.1117420420050621,0.001,16,0,4,NA,NA,NA,NA,NA,NA,NA,NA,NA,NA,NA,NA,NA,NA,NA
11,,True,additive,8,2,4,16,0.2,20,0.8500000238418579,0.09885982424020767,0.001,16,0,4,NA,NA,NA,NA,NA,NA,NA,NA,NA,NA,NA,NA,NA,NA,NA
12,,True,additive,8,2,4,16,0.2,20,0.949999988079071,0.07139916718006134,0.001,16,0,4,NA,NA,NA,NA,NA,NA,NA,NA,NA,NA,NA,NA,NA,NA,NA
13,,True,additive,8,2,4,16,0.2,20,0.8500000238418579,0.07562945783138275,0.001,16,0,4,NA,NA,NA,NA,NA,NA,NA,NA,NA,NA,NA,NA,NA,NA,NA
14,,True,additive,8,2,4,16,0.2,20,0.8999999761581421,0.05436232313513756,0.001,16,0,4,NA,NA,NA,NA,NA,NA,NA,NA,NA,NA,NA,NA,NA,NA,NA
15,,True,additive,8,2,4,16,0.2,20,0.8999999761581421,0.052904099225997925,0.001,16,0,4,NA,NA,NA,NA,NA,NA,NA,NA,NA,NA,NA,NA,NA,NA,NA
0,,True,additive,8,2,4,16,0.2,20,0.4345237612724304,0.6735327243804932,0.001,16,1,4,NA,NA,NA,NA,NA,NA,NA,NA,NA,NA,NA,NA,NA,NA,NA
1,,True,additive,8,2,4,16,0.2,20,0.45333331823349,0.5780813097953796,0.001,16,1,4,NA,NA,NA,NA,NA,NA,NA,NA,NA,NA,NA,NA,NA,NA,NA
2,,True,additive,8,2,4,16,0.2,20,0.4999999403953552,0.5250100493431091,0.001,16,1,4,NA,NA,NA,NA,NA,NA,NA,NA,NA,NA,NA,NA,NA,NA,NA
3,,True,additive,8,2,4,16,0.2,20,0.721666693687439,0.45361852645874023,0.001,16,1,4,NA,NA,NA,NA,NA,NA,NA,NA,NA,NA,NA,NA,NA,NA,NA
4,,True,additive,8,2,4,16,0.2,20,0.6723809838294983,0.3846801221370697,0.001,16,1,4,NA,NA,NA,NA,NA,NA,NA,NA,NA,NA,NA,NA,NA,NA,NA
5,,True,additive,8,2,4,16,0.2,20,0.6449999809265137,0.3966941237449646,0.001,16,1,4,NA,NA,NA,NA,NA,NA,NA,NA,NA,NA,NA,NA,NA,NA,NA
6,,True,additive,8,2,4,16,0.2,20,0.6399999856948853,0.3404601514339447,0.001,16,1,4,NA,NA,NA,NA,NA,NA,NA,NA,NA,NA,NA,NA,NA,NA,NA
0,,True,additive,8,2,4,16,0.2,20,0.04999999701976776,0.6868442296981812,0.001,16,2,4,NA,NA,NA,NA,NA,NA,NA,NA,NA,NA,NA,NA,NA,NA,NA
1,,True,additive,8,2,4,16,0.2,20,0.434999942779541,0.5967466235160828,0.001,16,2,4,NA,NA,NA,NA,NA,NA,NA,NA,NA,NA,NA,NA,NA,NA,NA
2,,True,additive,8,2,4,16,0.2,20,0.54666668176651,0.5222073197364807,0.001,16,2,4,NA,NA,NA,NA,NA,NA,NA,NA,NA,NA,NA,NA,NA,NA,NA
3,,True,additive,8,2,4,16,0.2,20,0.601190447807312,0.43509769439697266,0.001,16,2,4,NA,NA,NA,NA,NA,NA,NA,NA,NA,NA,NA,NA,NA,NA,NA
4,,True,additive,8,2,4,16,0.2,20,0.6561905145645142,0.4170120656490326,0.001,16,2,4,NA,NA,NA,NA,NA,NA,NA,NA,NA,NA,NA,NA,NA,NA,NA
5,,True,additive,8,2,4,16,0.2,20,0.6145237684249878,0.36969760060310364,0.001,16,2,4,NA,NA,NA,NA,NA,NA,NA,NA,NA,NA,NA,NA,NA,NA,NA
6,,True,additive,8,2,4,16,0.2,20,0.7828570604324341,0.32208728790283203,0.001,16,2,4,NA,NA,NA,NA,NA,NA,NA,NA,NA,NA,NA,NA,NA,NA,NA
7,,True,additive,8,2,4,16,0.2,20,0.79666668176651,0.25859931111335754,0.001,16,2,4,NA,NA,NA,NA,NA,NA,NA,NA,NA,NA,NA,NA,NA,NA,NA
8,,True,additive,8,2,4,16,0.2,20,0.746666669845581,0.21057270467281342,0.001,16,2,4,NA,NA,NA,NA,NA,NA,NA,NA,NA,NA,NA,NA,NA,NA,NA
9,,True,additive,8,2,4,16,0.2,20,0.8999999761581421,0.20540432631969452,0.001,16,2,4,NA,NA,NA,NA,NA,NA,NA,NA,NA,NA,NA,NA,NA,NA,NA
10,,True,additive,8,2,4,16,0.2,20,0.8999999165534973,0.13489212095737457,0.001,16,2,4,NA,NA,NA,NA,NA,NA,NA,NA,NA,NA,NA,NA,NA,NA,NA
11,,True,additive,8,2,4,16,0.2,20,0.8666666150093079,0.14741259813308716,0.001,16,2,4,NA,NA,NA,NA,NA,NA,NA,NA,NA,NA,NA,NA,NA,NA,NA
12,,True,additive,8,2,4,16,0.2,20,0.8328571319580078,0.17902341485023499,0.001,16,2,4,NA,NA,NA,NA,NA,NA,NA,NA,NA,NA,NA,NA,NA,NA,NA
0,,True,additive,8,2,4,16,0.2,20,0.22499997913837433,0.6781792044639587,0.001,16,3,4,NA,NA,NA,NA,NA,NA,NA,NA,NA,NA,NA,NA,NA,NA,NA
1,,True,additive,8,2,4,16,0.2,20,0.5361904501914978,0.5901732444763184,0.001,16,3,4,NA,NA,NA,NA,NA,NA,NA,NA,NA,NA,NA,NA,NA,NA,NA
2,,True,additive,8,2,4,16,0.2,20,0.5795238018035889,0.48552507162094116,0.001,16,3,4,NA,NA,NA,NA,NA,NA,NA,NA,NA,NA,NA,NA,NA,NA,NA
3,,True,additive,8,2,4,16,0.2,20,0.4883333146572113,0.47990965843200684,0.001,16,3,4,NA,NA,NA,NA,NA,NA,NA,NA,NA,NA,NA,NA,NA,NA,NA
4,,True,additive,8,2,4,16,0.2,20,0.6295238137245178,0.4171282947063446,0.001,16,3,4,NA,NA,NA,NA,NA,NA,NA,NA,NA,NA,NA,NA,NA,NA,NA
5,,True,additive,8,2,4,16,0.2,20,0.6916667222976685,0.3604257106781006,0.001,16,3,4,NA,NA,NA,NA,NA,NA,NA,NA,NA,NA,NA,NA,NA,NA,NA
6,,True,additive,8,2,4,16,0.2,20,0.7511904239654541,0.3358685076236725,0.001,16,3,4,NA,NA,NA,NA,NA,NA,NA,NA,NA,NA,NA,NA,NA,NA,NA
7,,True,additive,8,2,4,16,0.2,20,0.7749999761581421,0.32699939608573914,0.001,16,3,4,NA,NA,NA,NA,NA,NA,NA,NA,NA,NA,NA,NA,NA,NA,NA
8,,True,additive,8,2,4,16,0.2,20,0.7566666603088379,0.2569679021835327,0.001,16,3,4,NA,NA,NA,NA,NA,NA,NA,NA,NA,NA,NA,NA,NA,NA,NA
9,,True,additive,8,2,4,16,0.2,20,0.7766667008399963,0.25681641697883606,0.001,16,3,4,NA,NA,NA,NA,NA,NA,NA,NA,NA,NA,NA,NA,NA,NA,NA
10,,True,additive,8,2,4,16,0.2,20,0.6983333230018616,0.24265071749687195,0.001,16,3,4,NA,NA,NA,NA,NA,NA,NA,NA,NA,NA,NA,NA,NA,NA,NA
11,,True,additive,8,2,4,16,0.2,20,0.8133333325386047,0.18360558152198792,0.001,16,3,4,NA,NA,NA,NA,NA,NA,NA,NA,NA,NA,NA,NA,NA,NA,NA
12,,True,additive,8,2,4,16,0.2,20,0.7795238494873047,0.20097430050373077,0.001,16,3,4,NA,NA,NA,NA,NA,NA,NA,NA,NA,NA,NA,NA,NA,NA,NA
13,,True,additive,8,2,4,16,0.2,20,0.8233332633972168,0.13980479538440704,0.001,16,3,4,NA,NA,NA,NA,NA,NA,NA,NA,NA,NA,NA,NA,NA,NA,NA
14,,True,additive,8,2,4,16,0.2,20,0.8261903524398804,0.12498300522565842,0.001,16,3,4,NA,NA,NA,NA,NA,NA,NA,NA,NA,NA,NA,NA,NA,NA,NA
15,,True,additive,8,2,4,16,0.2,20,0.75,0.11810995638370514,0.001,16,3,4,NA,NA,NA,NA,NA,NA,NA,NA,NA,NA,NA,NA,NA,NA,NA
16,,True,additive,8,2,4,16,0.2,20,0.8733332753181458,0.11383745074272156,0.001,16,3,4,NA,NA,NA,NA,NA,NA,NA,NA,NA,NA,NA,NA,NA,NA,NA
17,,True,additive,8,2,4,16,0.2,20,0.875,0.10454799234867096,0.001,16,3,4,NA,NA,NA,NA,NA,NA,NA,NA,NA,NA,NA,NA,NA,NA,NA
18,,True,additive,8,2,4,16,0.2,20,0.949999988079071,0.07755233347415924,0.001,16,3,4,NA,NA,NA,NA,NA,NA,NA,NA,NA,NA,NA,NA,NA,NA,NA
19,,True,additive,8,2,4,16,0.2,20,0.8999999761581421,0.05886565148830414,0.001,16,3,4,NA,NA,NA,NA,NA,NA,NA,NA,NA,NA,NA,NA,NA,NA,NA
0,,True,additive,8,2,4,16,0.2,20,0.5183333158493042,0.6634043455123901,0.001,16,0,5,NA,NA,NA,NA,NA,NA,NA,NA,NA,NA,NA,NA,NA,NA,NA
1,,True,additive,8,2,4,16,0.2,20,0.5828571319580078,0.5644993185997009,0.001,16,0,5,NA,NA,NA,NA,NA,NA,NA,NA,NA,NA,NA,NA,NA,NA,NA
2,,True,additive,8,2,4,16,0.2,20,0.6011905074119568,0.5395087003707886,0.001,16,0,5,NA,NA,NA,NA,NA,NA,NA,NA,NA,NA,NA,NA,NA,NA,NA
3,,True,additive,8,2,4,16,0.2,20,0.5800000429153442,0.47027772665023804,0.001,16,0,5,NA,NA,NA,NA,NA,NA,NA,NA,NA,NA,NA,NA,NA,NA,NA
4,,True,additive,8,2,4,16,0.2,20,0.6299999952316284,0.43667230010032654,0.001,16,0,5,NA,NA,NA,NA,NA,NA,NA,NA,NA,NA,NA,NA,NA,NA,NA
5,,True,additive,8,2,4,16,0.2,20,0.647857129573822,0.4103350043296814,0.001,16,0,5,NA,NA,NA,NA,NA,NA,NA,NA,NA,NA,NA,NA,NA,NA,NA
6,,True,additive,8,2,4,16,0.2,20,0.6766666769981384,0.37028464674949646,0.001,16,0,5,NA,NA,NA,NA,NA,NA,NA,NA,NA,NA,NA,NA,NA,NA,NA
7,,True,additive,8,2,4,16,0.2,20,0.7249999642372131,0.2898416519165039,0.001,16,0,5,NA,NA,NA,NA,NA,NA,NA,NA,NA,NA,NA,NA,NA,NA,NA
8,,True,additive,8,2,4,16,0.2,20,0.7566666603088379,0.2604922652244568,0.001,16,0,5,NA,NA,NA,NA,NA,NA,NA,NA,NA,NA,NA,NA,NA,NA,NA
9,,True,additive,8,2,4,16,0.2,20,0.8999999761581421,0.1970890909433365,0.001,16,0,5,NA,NA,NA,NA,NA,NA,NA,NA,NA,NA,NA,NA,NA,NA,NA
10,,True,additive,8,2,4,16,0.2,20,0.7900000214576721,0.22772781550884247,0.001,16,0,5,NA,NA,NA,NA,NA,NA,NA,NA,NA,NA,NA,NA,NA,NA,NA
11,,True,additive,8,2,4,16,0.2,20,0.7595237493515015,0.20978952944278717,0.001,16,0,5,NA,NA,NA,NA,NA,NA,NA,NA,NA,NA,NA,NA,NA,NA,NA
12,,True,additive,8,2,4,16,0.2,20,0.8828571438789368,0.1935703307390213,0.001,16,0,5,NA,NA,NA,NA,NA,NA,NA,NA,NA,NA,NA,NA,NA,NA,NA
0,,True,additive,8,2,4,16,0.2,20,0.34333330392837524,0.7115244269371033,0.001,16,1,5,NA,NA,NA,NA,NA,NA,NA,NA,NA,NA,NA,NA,NA,NA,NA
1,,True,additive,8,2,4,16,0.2,20,0.3345237970352173,0.6209203004837036,0.001,16,1,5,NA,NA,NA,NA,NA,NA,NA,NA,NA,NA,NA,NA,NA,NA,NA
2,,True,additive,8,2,4,16,0.2,20,0.54666668176651,0.5500134229660034,0.001,16,1,5,NA,NA,NA,NA,NA,NA,NA,NA,NA,NA,NA,NA,NA,NA,NA
3,,True,additive,8,2,4,16,0.2,20,0.7100000381469727,0.5125499963760376,0.001,16,1,5,NA,NA,NA,NA,NA,NA,NA,NA,NA,NA,NA,NA,NA,NA,NA
4,,True,additive,8,2,4,16,0.2,20,0.6573809385299683,0.44522616267204285,0.001,16,1,5,NA,NA,NA,NA,NA,NA,NA,NA,NA,NA,NA,NA,NA,NA,NA
5,,True,additive,8,2,4,16,0.2,20,0.6102380752563477,0.43942195177078247,0.001,16,1,5,NA,NA,NA,NA,NA,NA,NA,NA,NA,NA,NA,NA,NA,NA,NA
6,,True,additive,8,2,4,16,0.2,20,0.6578571200370789,0.37937024235725403,0.001,16,1,5,NA,NA,NA,NA,NA,NA,NA,NA,NA,NA,NA,NA,NA,NA,NA
0,,True,additive,8,2,4,16,0.2,20,0.27666664123535156,0.6646322011947632,0.001,16,2,5,NA,NA,NA,NA,NA,NA,NA,NA,NA,NA,NA,NA,NA,NA,NA
1,,True,additive,8,2,4,16,0.2,20,0.4561904966831207,0.6311731338500977,0.001,16,2,5,NA,NA,NA,NA,NA,NA,NA,NA,NA,NA,NA,NA,NA,NA,NA
2,,True,additive,8,2,4,16,0.2,20,0.6133333444595337,0.5371496081352234,0.001,16,2,5,NA,NA,NA,NA,NA,NA,NA,NA,NA,NA,NA,NA,NA,NA,NA
3,,True,additive,8,2,4,16,0.2,20,0.5966666340827942,0.5040978193283081,0.001,16,2,5,NA,NA,NA,NA,NA,NA,NA,NA,NA,NA,NA,NA,NA,NA,NA
4,,True,additive,8,2,4,16,0.2,20,0.5966666340827942,0.47737592458724976,0.001,16,2,5,NA,NA,NA,NA,NA,NA,NA,NA,NA,NA,NA,NA,NA,NA,NA
5,,True,additive,8,2,4,16,0.2,20,0.5583332777023315,0.4261431396007538,0.001,16,2,5,NA,NA,NA,NA,NA,NA,NA,NA,NA,NA,NA,NA,NA,NA,NA
0,,True,additive,8,2,4,16,0.2,20,0.11666665226221085,0.6948621869087219,0.001,16,3,5,NA,NA,NA,NA,NA,NA,NA,NA,NA,NA,NA,NA,NA,NA,NA
1,,True,additive,8,2,4,16,0.2,20,0.4828571379184723,0.5666913986206055,0.001,16,3,5,NA,NA,NA,NA,NA,NA,NA,NA,NA,NA,NA,NA,NA,NA,NA
2,,True,additive,8,2,4,16,0.2,20,0.5811904668807983,0.5443007946014404,0.001,16,3,5,NA,NA,NA,NA,NA,NA,NA,NA,NA,NA,NA,NA,NA,NA,NA
3,,True,additive,8,2,4,16,0.2,20,0.45619043707847595,0.5546430349349976,0.001,16,3,5,NA,NA,NA,NA,NA,NA,NA,NA,NA,NA,NA,NA,NA,NA,NA
4,,True,additive,8,2,4,16,0.2,20,0.54666668176651,0.5181093215942383,0.001,16,3,5,NA,NA,NA,NA,NA,NA,NA,NA,NA,NA,NA,NA,NA,NA,NA
5,,True,additive,8,2,4,16,0.2,20,0.5733333230018616,0.4427485764026642,0.001,16,3,5,NA,NA,NA,NA,NA,NA,NA,NA,NA,NA,NA,NA,NA,NA,NA
