epoch,att_act,att_hist,att_type,att_units,att_window,batch_size,dense_units,dropout,epochs,keras_f1_score,loss,lr,lstm_units,ofold,task,val_att_act,val_att_hist,val_att_type,val_att_units,val_att_window,val_batch_size,val_dense_units,val_dropout,val_epochs,val_keras_f1_score,val_loss,val_lr,val_lstm_units,val_ofold,val_task
0,,False,multiplicative,,4,4,32,0.2,20,0.15563906729221344,0.8144884705543518,0.001,64,0,1,NA,NA,NA,NA,NA,NA,NA,NA,NA,NA,NA,NA,NA,NA,NA
1,,False,multiplicative,,4,4,32,0.2,20,0.035087715834379196,0.6952278017997742,0.001,64,0,1,NA,NA,NA,NA,NA,NA,NA,NA,NA,NA,NA,NA,NA,NA,NA
2,,False,multiplicative,,4,4,32,0.2,20,0.40877190232276917,0.6822039484977722,0.001,64,0,1,NA,NA,NA,NA,NA,NA,NA,NA,NA,NA,NA,NA,NA,NA,NA
3,,False,multiplicative,,4,4,32,0.2,20,0.2403508424758911,0.6217421889305115,0.001,64,0,1,NA,NA,NA,NA,NA,NA,NA,NA,NA,NA,NA,NA,NA,NA,NA
4,,False,multiplicative,,4,4,32,0.2,20,0.37894734740257263,0.615251898765564,0.001,64,0,1,NA,NA,NA,NA,NA,NA,NA,NA,NA,NA,NA,NA,NA,NA,NA
5,,False,multiplicative,,4,4,32,0.2,20,0.5333333015441895,0.5179121494293213,0.001,64,0,1,NA,NA,NA,NA,NA,NA,NA,NA,NA,NA,NA,NA,NA,NA,NA
6,,False,multiplicative,,4,4,32,0.2,20,0.6456140875816345,0.4535762071609497,0.001,64,0,1,NA,NA,NA,NA,NA,NA,NA,NA,NA,NA,NA,NA,NA,NA,NA
7,,False,multiplicative,,4,4,32,0.2,20,0.6175438165664673,0.41186705231666565,0.001,64,0,1,NA,NA,NA,NA,NA,NA,NA,NA,NA,NA,NA,NA,NA,NA,NA
8,,False,multiplicative,,4,4,32,0.2,20,0.6766917109489441,0.3529183864593506,0.001,64,0,1,NA,NA,NA,NA,NA,NA,NA,NA,NA,NA,NA,NA,NA,NA,NA
9,,False,multiplicative,,4,4,32,0.2,20,0.8491228818893433,0.26941895484924316,0.001,64,0,1,NA,NA,NA,NA,NA,NA,NA,NA,NA,NA,NA,NA,NA,NA,NA
10,,False,multiplicative,,4,4,32,0.2,20,0.8228069543838501,0.21699851751327515,0.001,64,0,1,NA,NA,NA,NA,NA,NA,NA,NA,NA,NA,NA,NA,NA,NA,NA
11,,False,multiplicative,,4,4,32,0.2,20,0.7889723777770996,0.2135821282863617,0.001,64,0,1,NA,NA,NA,NA,NA,NA,NA,NA,NA,NA,NA,NA,NA,NA,NA
12,,False,multiplicative,,4,4,32,0.2,20,0.824561357498169,0.16353704035282135,0.001,64,0,1,NA,NA,NA,NA,NA,NA,NA,NA,NA,NA,NA,NA,NA,NA,NA
0,,False,multiplicative,,4,4,32,0.2,20,0.2538847029209137,0.838073194026947,0.001,64,1,1,NA,NA,NA,NA,NA,NA,NA,NA,NA,NA,NA,NA,NA,NA,NA
1,,False,multiplicative,,4,4,32,0.2,20,0.2017543613910675,0.650998592376709,0.001,64,1,1,NA,NA,NA,NA,NA,NA,NA,NA,NA,NA,NA,NA,NA,NA,NA
2,,False,multiplicative,,4,4,32,0.2,20,0.5175438523292542,0.6061641573905945,0.001,64,1,1,NA,NA,NA,NA,NA,NA,NA,NA,NA,NA,NA,NA,NA,NA,NA
3,,False,multiplicative,,4,4,32,0.2,20,0.5684210062026978,0.5443305373191833,0.001,64,1,1,NA,NA,NA,NA,NA,NA,NA,NA,NA,NA,NA,NA,NA,NA,NA
4,,False,multiplicative,,4,4,32,0.2,20,0.6035087704658508,0.49766045808792114,0.001,64,1,1,NA,NA,NA,NA,NA,NA,NA,NA,NA,NA,NA,NA,NA,NA,NA
5,,False,multiplicative,,4,4,32,0.2,20,0.5596491098403931,0.40963611006736755,0.001,64,1,1,NA,NA,NA,NA,NA,NA,NA,NA,NA,NA,NA,NA,NA,NA,NA
6,,False,multiplicative,,4,4,32,0.2,20,0.6736842393875122,0.333143025636673,0.001,64,1,1,NA,NA,NA,NA,NA,NA,NA,NA,NA,NA,NA,NA,NA,NA,NA
7,,False,multiplicative,,4,4,32,0.2,20,0.728070080280304,0.25904715061187744,0.001,64,1,1,NA,NA,NA,NA,NA,NA,NA,NA,NA,NA,NA,NA,NA,NA,NA
8,,False,multiplicative,,4,4,32,0.2,20,0.7719298601150513,0.19721528887748718,0.001,64,1,1,NA,NA,NA,NA,NA,NA,NA,NA,NA,NA,NA,NA,NA,NA,NA
9,,False,multiplicative,,4,4,32,0.2,20,0.8140350580215454,0.1650507152080536,0.001,64,1,1,NA,NA,NA,NA,NA,NA,NA,NA,NA,NA,NA,NA,NA,NA,NA
10,,False,multiplicative,,4,4,32,0.2,20,0.9368420839309692,0.13316020369529724,0.001,64,1,1,NA,NA,NA,NA,NA,NA,NA,NA,NA,NA,NA,NA,NA,NA,NA
11,,False,multiplicative,,4,4,32,0.2,20,0.7894736528396606,0.09864943474531174,0.001,64,1,1,NA,NA,NA,NA,NA,NA,NA,NA,NA,NA,NA,NA,NA,NA,NA
12,,False,multiplicative,,4,4,32,0.2,20,0.8771929740905762,0.06836472451686859,0.001,64,1,1,NA,NA,NA,NA,NA,NA,NA,NA,NA,NA,NA,NA,NA,NA,NA
13,,False,multiplicative,,4,4,32,0.2,20,0.8421052694320679,0.05724164471030235,0.001,64,1,1,NA,NA,NA,NA,NA,NA,NA,NA,NA,NA,NA,NA,NA,NA,NA
0,,False,multiplicative,,4,4,32,0.2,20,0.1994987279176712,0.7945443987846375,0.001,64,2,1,NA,NA,NA,NA,NA,NA,NA,NA,NA,NA,NA,NA,NA,NA,NA
1,,False,multiplicative,,4,4,32,0.2,20,0.39473679661750793,0.6589030027389526,0.001,64,2,1,NA,NA,NA,NA,NA,NA,NA,NA,NA,NA,NA,NA,NA,NA,NA
2,,False,multiplicative,,4,4,32,0.2,20,0.4350877106189728,0.5395944714546204,0.001,64,2,1,NA,NA,NA,NA,NA,NA,NA,NA,NA,NA,NA,NA,NA,NA,NA
3,,False,multiplicative,,4,4,32,0.2,20,0.6456140279769897,0.47090601921081543,0.001,64,2,1,NA,NA,NA,NA,NA,NA,NA,NA,NA,NA,NA,NA,NA,NA,NA
4,,False,multiplicative,,4,4,32,0.2,20,0.6122806668281555,0.42132505774497986,0.001,64,2,1,NA,NA,NA,NA,NA,NA,NA,NA,NA,NA,NA,NA,NA,NA,NA
5,,False,multiplicative,,4,4,32,0.2,20,0.7784461379051208,0.3830622434616089,0.001,64,2,1,NA,NA,NA,NA,NA,NA,NA,NA,NA,NA,NA,NA,NA,NA,NA
6,,False,multiplicative,,4,4,32,0.2,20,0.7491227984428406,0.31593263149261475,0.001,64,2,1,NA,NA,NA,NA,NA,NA,NA,NA,NA,NA,NA,NA,NA,NA,NA
7,,False,multiplicative,,4,4,32,0.2,20,0.7877193093299866,0.22822944819927216,0.001,64,2,1,NA,NA,NA,NA,NA,NA,NA,NA,NA,NA,NA,NA,NA,NA,NA
8,,False,multiplicative,,4,4,32,0.2,20,0.7889723777770996,0.17176112532615662,0.001,64,2,1,NA,NA,NA,NA,NA,NA,NA,NA,NA,NA,NA,NA,NA,NA,NA
9,,False,multiplicative,,4,4,32,0.2,20,0.7644110321998596,0.11925049871206284,0.001,64,2,1,NA,NA,NA,NA,NA,NA,NA,NA,NA,NA,NA,NA,NA,NA,NA
10,,False,multiplicative,,4,4,32,0.2,20,1.0,0.06794768571853638,0.001,64,2,1,NA,NA,NA,NA,NA,NA,NA,NA,NA,NA,NA,NA,NA,NA,NA
11,,False,multiplicative,,4,4,32,0.2,20,0.9473684430122375,0.059534747153520584,0.001,64,2,1,NA,NA,NA,NA,NA,NA,NA,NA,NA,NA,NA,NA,NA,NA,NA
12,,False,multiplicative,,4,4,32,0.2,20,0.7894736528396606,0.04050414264202118,0.001,64,2,1,NA,NA,NA,NA,NA,NA,NA,NA,NA,NA,NA,NA,NA,NA,NA
13,,False,multiplicative,,4,4,32,0.2,20,0.9473684430122375,0.03155048191547394,0.001,64,2,1,NA,NA,NA,NA,NA,NA,NA,NA,NA,NA,NA,NA,NA,NA,NA
0,,False,multiplicative,,4,4,32,0.2,20,0.1315789371728897,0.7594252824783325,0.001,64,3,1,NA,NA,NA,NA,NA,NA,NA,NA,NA,NA,NA,NA,NA,NA,NA
1,,False,multiplicative,,4,4,32,0.2,20,0.4385964870452881,0.6544673442840576,0.001,64,3,1,NA,NA,NA,NA,NA,NA,NA,NA,NA,NA,NA,NA,NA,NA,NA
2,,False,multiplicative,,4,4,32,0.2,20,0.4456140100955963,0.6431875824928284,0.001,64,3,1,NA,NA,NA,NA,NA,NA,NA,NA,NA,NA,NA,NA,NA,NA,NA
3,,False,multiplicative,,4,4,32,0.2,20,0.7157894372940063,0.5484797358512878,0.001,64,3,1,NA,NA,NA,NA,NA,NA,NA,NA,NA,NA,NA,NA,NA,NA,NA
4,,False,multiplicative,,4,4,32,0.2,20,0.5491228103637695,0.4578244388103485,0.001,64,3,1,NA,NA,NA,NA,NA,NA,NA,NA,NA,NA,NA,NA,NA,NA,NA
5,,False,multiplicative,,4,4,32,0.2,20,0.680701732635498,0.4003298580646515,0.001,64,3,1,NA,NA,NA,NA,NA,NA,NA,NA,NA,NA,NA,NA,NA,NA,NA
6,,False,multiplicative,,4,4,32,0.2,20,0.6591477990150452,0.3477657437324524,0.001,64,3,1,NA,NA,NA,NA,NA,NA,NA,NA,NA,NA,NA,NA,NA,NA,NA
0,,False,multiplicative,,4,4,32,0.2,20,0.3466666340827942,0.7337735891342163,0.001,64,0,2,NA,NA,NA,NA,NA,NA,NA,NA,NA,NA,NA,NA,NA,NA,NA
1,,False,multiplicative,,4,4,32,0.2,20,0.10833331197500229,0.6972354054450989,0.001,64,0,2,NA,NA,NA,NA,NA,NA,NA,NA,NA,NA,NA,NA,NA,NA,NA
2,,False,multiplicative,,4,4,32,0.2,20,0.37166664004325867,0.6768612265586853,0.001,64,0,2,NA,NA,NA,NA,NA,NA,NA,NA,NA,NA,NA,NA,NA,NA,NA
3,,False,multiplicative,,4,4,32,0.2,20,0.258333295583725,0.6280131936073303,0.001,64,0,2,NA,NA,NA,NA,NA,NA,NA,NA,NA,NA,NA,NA,NA,NA,NA
4,,False,multiplicative,,4,4,32,0.2,20,0.45119041204452515,0.5918049216270447,0.001,64,0,2,NA,NA,NA,NA,NA,NA,NA,NA,NA,NA,NA,NA,NA,NA,NA
5,,False,multiplicative,,4,4,32,0.2,20,0.5199999809265137,0.5784881114959717,0.001,64,0,2,NA,NA,NA,NA,NA,NA,NA,NA,NA,NA,NA,NA,NA,NA,NA
6,,False,multiplicative,,4,4,32,0.2,20,0.5845237970352173,0.49100202322006226,0.001,64,0,2,NA,NA,NA,NA,NA,NA,NA,NA,NA,NA,NA,NA,NA,NA,NA
7,,False,multiplicative,,4,4,32,0.2,20,0.4283333420753479,0.46117645502090454,0.001,64,0,2,NA,NA,NA,NA,NA,NA,NA,NA,NA,NA,NA,NA,NA,NA,NA
8,,False,multiplicative,,4,4,32,0.2,20,0.5049999356269836,0.44683343172073364,0.001,64,0,2,NA,NA,NA,NA,NA,NA,NA,NA,NA,NA,NA,NA,NA,NA,NA
9,,False,multiplicative,,4,4,32,0.2,20,0.5733333230018616,0.3861147463321686,0.001,64,0,2,NA,NA,NA,NA,NA,NA,NA,NA,NA,NA,NA,NA,NA,NA,NA
0,,False,multiplicative,,4,4,32,0.2,20,0.2916666567325592,0.7516577243804932,0.001,64,1,2,NA,NA,NA,NA,NA,NA,NA,NA,NA,NA,NA,NA,NA,NA,NA
1,,False,multiplicative,,4,4,32,0.2,20,0.36619046330451965,0.6275625824928284,0.001,64,1,2,NA,NA,NA,NA,NA,NA,NA,NA,NA,NA,NA,NA,NA,NA,NA
2,,False,multiplicative,,4,4,32,0.2,20,0.4699999690055847,0.6152692437171936,0.001,64,1,2,NA,NA,NA,NA,NA,NA,NA,NA,NA,NA,NA,NA,NA,NA,NA
3,,False,multiplicative,,4,4,32,0.2,20,0.5716665983200073,0.5347086787223816,0.001,64,1,2,NA,NA,NA,NA,NA,NA,NA,NA,NA,NA,NA,NA,NA,NA,NA
4,,False,multiplicative,,4,4,32,0.2,20,0.619523823261261,0.48550888895988464,0.001,64,1,2,NA,NA,NA,NA,NA,NA,NA,NA,NA,NA,NA,NA,NA,NA,NA
5,,False,multiplicative,,4,4,32,0.2,20,0.5240475535392761,0.4374542832374573,0.001,64,1,2,NA,NA,NA,NA,NA,NA,NA,NA,NA,NA,NA,NA,NA,NA,NA
6,,False,multiplicative,,4,4,32,0.2,20,0.5828571319580078,0.3707951605319977,0.001,64,1,2,NA,NA,NA,NA,NA,NA,NA,NA,NA,NA,NA,NA,NA,NA,NA
7,,False,multiplicative,,4,4,32,0.2,20,0.8133333325386047,0.26809751987457275,0.001,64,1,2,NA,NA,NA,NA,NA,NA,NA,NA,NA,NA,NA,NA,NA,NA,NA
8,,False,multiplicative,,4,4,32,0.2,20,0.7545238733291626,0.30045124888420105,0.001,64,1,2,NA,NA,NA,NA,NA,NA,NA,NA,NA,NA,NA,NA,NA,NA,NA
9,,False,multiplicative,,4,4,32,0.2,20,0.7333333492279053,0.2957681715488434,0.001,64,1,2,NA,NA,NA,NA,NA,NA,NA,NA,NA,NA,NA,NA,NA,NA,NA
10,,False,multiplicative,,4,4,32,0.2,20,0.736666738986969,0.2529050409793854,0.001,64,1,2,NA,NA,NA,NA,NA,NA,NA,NA,NA,NA,NA,NA,NA,NA,NA
0,,False,multiplicative,,4,4,32,0.2,20,0.4449999928474426,0.7732298374176025,0.001,64,2,2,NA,NA,NA,NA,NA,NA,NA,NA,NA,NA,NA,NA,NA,NA,NA
1,,False,multiplicative,,4,4,32,0.2,20,0.5845237970352173,0.6969022750854492,0.001,64,2,2,NA,NA,NA,NA,NA,NA,NA,NA,NA,NA,NA,NA,NA,NA,NA
2,,False,multiplicative,,4,4,32,0.2,20,0.28999996185302734,0.6328125,0.001,64,2,2,NA,NA,NA,NA,NA,NA,NA,NA,NA,NA,NA,NA,NA,NA,NA
3,,False,multiplicative,,4,4,32,0.2,20,0.601190447807312,0.57359778881073,0.001,64,2,2,NA,NA,NA,NA,NA,NA,NA,NA,NA,NA,NA,NA,NA,NA,NA
4,,False,multiplicative,,4,4,32,0.2,20,0.4733332693576813,0.511773943901062,0.001,64,2,2,NA,NA,NA,NA,NA,NA,NA,NA,NA,NA,NA,NA,NA,NA,NA
5,,False,multiplicative,,4,4,32,0.2,20,0.625,0.4634849727153778,0.001,64,2,2,NA,NA,NA,NA,NA,NA,NA,NA,NA,NA,NA,NA,NA,NA,NA
6,,False,multiplicative,,4,4,32,0.2,20,0.6549999713897705,0.4819629490375519,0.001,64,2,2,NA,NA,NA,NA,NA,NA,NA,NA,NA,NA,NA,NA,NA,NA,NA
7,,False,multiplicative,,4,4,32,0.2,20,0.7945238351821899,0.4062311351299286,0.001,64,2,2,NA,NA,NA,NA,NA,NA,NA,NA,NA,NA,NA,NA,NA,NA,NA
8,,False,multiplicative,,4,4,32,0.2,20,0.7828571200370789,0.3370591700077057,0.001,64,2,2,NA,NA,NA,NA,NA,NA,NA,NA,NA,NA,NA,NA,NA,NA,NA
9,,False,multiplicative,,4,4,32,0.2,20,0.6566666960716248,0.340243399143219,0.001,64,2,2,NA,NA,NA,NA,NA,NA,NA,NA,NA,NA,NA,NA,NA,NA,NA
10,,False,multiplicative,,4,4,32,0.2,20,0.6966666579246521,0.26775625348091125,0.001,64,2,2,NA,NA,NA,NA,NA,NA,NA,NA,NA,NA,NA,NA,NA,NA,NA
0,,False,multiplicative,,4,4,32,0.2,20,0.39166662096977234,0.723816454410553,0.001,64,3,2,NA,NA,NA,NA,NA,NA,NA,NA,NA,NA,NA,NA,NA,NA,NA
1,,False,multiplicative,,4,4,32,0.2,20,0.15666663646697998,0.6875196099281311,0.001,64,3,2,NA,NA,NA,NA,NA,NA,NA,NA,NA,NA,NA,NA,NA,NA,NA
2,,False,multiplicative,,4,4,32,0.2,20,0.4249999523162842,0.6309511065483093,0.001,64,3,2,NA,NA,NA,NA,NA,NA,NA,NA,NA,NA,NA,NA,NA,NA,NA
3,,False,multiplicative,,4,4,32,0.2,20,0.5816667079925537,0.5913146734237671,0.001,64,3,2,NA,NA,NA,NA,NA,NA,NA,NA,NA,NA,NA,NA,NA,NA,NA
4,,False,multiplicative,,4,4,32,0.2,20,0.43285712599754333,0.5182245969772339,0.001,64,3,2,NA,NA,NA,NA,NA,NA,NA,NA,NA,NA,NA,NA,NA,NA,NA
5,,False,multiplicative,,4,4,32,0.2,20,0.6328572034835815,0.46619653701782227,0.001,64,3,2,NA,NA,NA,NA,NA,NA,NA,NA,NA,NA,NA,NA,NA,NA,NA
6,,False,multiplicative,,4,4,32,0.2,20,0.7795237302780151,0.39282697439193726,0.001,64,3,2,NA,NA,NA,NA,NA,NA,NA,NA,NA,NA,NA,NA,NA,NA,NA
7,,False,multiplicative,,4,4,32,0.2,20,0.7328571677207947,0.33129727840423584,0.001,64,3,2,NA,NA,NA,NA,NA,NA,NA,NA,NA,NA,NA,NA,NA,NA,NA
8,,False,multiplicative,,4,4,32,0.2,20,0.7983332872390747,0.3486904799938202,0.001,64,3,2,NA,NA,NA,NA,NA,NA,NA,NA,NA,NA,NA,NA,NA,NA,NA
9,,False,multiplicative,,4,4,32,0.2,20,0.7161904573440552,0.33639776706695557,0.001,64,3,2,NA,NA,NA,NA,NA,NA,NA,NA,NA,NA,NA,NA,NA,NA,NA
10,,False,multiplicative,,4,4,32,0.2,20,0.6928570866584778,0.22460000216960907,0.001,64,3,2,NA,NA,NA,NA,NA,NA,NA,NA,NA,NA,NA,NA,NA,NA,NA
11,,False,multiplicative,,4,4,32,0.2,20,0.8716666102409363,0.20139166712760925,0.001,64,3,2,NA,NA,NA,NA,NA,NA,NA,NA,NA,NA,NA,NA,NA,NA,NA
12,,False,multiplicative,,4,4,32,0.2,20,0.8300000429153442,0.19848982989788055,0.001,64,3,2,NA,NA,NA,NA,NA,NA,NA,NA,NA,NA,NA,NA,NA,NA,NA
13,,False,multiplicative,,4,4,32,0.2,20,0.8466666340827942,0.15063609182834625,0.001,64,3,2,NA,NA,NA,NA,NA,NA,NA,NA,NA,NA,NA,NA,NA,NA,NA
14,,False,multiplicative,,4,4,32,0.2,20,0.9161904454231262,0.1377374529838562,0.001,64,3,2,NA,NA,NA,NA,NA,NA,NA,NA,NA,NA,NA,NA,NA,NA,NA
15,,False,multiplicative,,4,4,32,0.2,20,0.9061905145645142,0.12908229231834412,0.001,64,3,2,NA,NA,NA,NA,NA,NA,NA,NA,NA,NA,NA,NA,NA,NA,NA
16,,False,multiplicative,,4,4,32,0.2,20,0.8899999856948853,0.10411838442087173,0.001,64,3,2,NA,NA,NA,NA,NA,NA,NA,NA,NA,NA,NA,NA,NA,NA,NA
17,,False,multiplicative,,4,4,32,0.2,20,0.8399999737739563,0.11877299845218658,0.001,64,3,2,NA,NA,NA,NA,NA,NA,NA,NA,NA,NA,NA,NA,NA,NA,NA
0,,False,multiplicative,,4,4,32,0.2,20,0.3345864713191986,0.716261625289917,0.001,64,0,3,NA,NA,NA,NA,NA,NA,NA,NA,NA,NA,NA,NA,NA,NA,NA
1,,False,multiplicative,,4,4,32,0.2,20,0.46666666865348816,0.6274186968803406,0.001,64,0,3,NA,NA,NA,NA,NA,NA,NA,NA,NA,NA,NA,NA,NA,NA,NA
2,,False,multiplicative,,4,4,32,0.2,20,0.47543856501579285,0.5766193270683289,0.001,64,0,3,NA,NA,NA,NA,NA,NA,NA,NA,NA,NA,NA,NA,NA,NA,NA
3,,False,multiplicative,,4,4,32,0.2,20,0.5807017087936401,0.5462584495544434,0.001,64,0,3,NA,NA,NA,NA,NA,NA,NA,NA,NA,NA,NA,NA,NA,NA,NA
4,,False,multiplicative,,4,4,32,0.2,20,0.7052631974220276,0.4906790256500244,0.001,64,0,3,NA,NA,NA,NA,NA,NA,NA,NA,NA,NA,NA,NA,NA,NA,NA
5,,False,multiplicative,,4,4,32,0.2,20,0.6942355632781982,0.435315877199173,0.001,64,0,3,NA,NA,NA,NA,NA,NA,NA,NA,NA,NA,NA,NA,NA,NA,NA
6,,False,multiplicative,,4,4,32,0.2,20,0.7157894968986511,0.40939363837242126,0.001,64,0,3,NA,NA,NA,NA,NA,NA,NA,NA,NA,NA,NA,NA,NA,NA,NA
7,,False,multiplicative,,4,4,32,0.2,20,0.7087718844413757,0.30991533398628235,0.001,64,0,3,NA,NA,NA,NA,NA,NA,NA,NA,NA,NA,NA,NA,NA,NA,NA
8,,False,multiplicative,,4,4,32,0.2,20,0.838596522808075,0.2817675471305847,0.001,64,0,3,NA,NA,NA,NA,NA,NA,NA,NA,NA,NA,NA,NA,NA,NA,NA
9,,False,multiplicative,,4,4,32,0.2,20,0.8310776352882385,0.2591142952442169,0.001,64,0,3,NA,NA,NA,NA,NA,NA,NA,NA,NA,NA,NA,NA,NA,NA,NA
10,,False,multiplicative,,4,4,32,0.2,20,0.8521302938461304,0.22664503753185272,0.001,64,0,3,NA,NA,NA,NA,NA,NA,NA,NA,NA,NA,NA,NA,NA,NA,NA
11,,False,multiplicative,,4,4,32,0.2,20,0.9087719321250916,0.17551866173744202,0.001,64,0,3,NA,NA,NA,NA,NA,NA,NA,NA,NA,NA,NA,NA,NA,NA,NA
12,,False,multiplicative,,4,4,32,0.2,20,0.9543859362602234,0.14769811928272247,0.001,64,0,3,NA,NA,NA,NA,NA,NA,NA,NA,NA,NA,NA,NA,NA,NA,NA
13,,False,multiplicative,,4,4,32,0.2,20,0.9122806191444397,0.160273477435112,0.001,64,0,3,NA,NA,NA,NA,NA,NA,NA,NA,NA,NA,NA,NA,NA,NA,NA
14,,False,multiplicative,,4,4,32,0.2,20,0.884210467338562,0.11664869636297226,0.001,64,0,3,NA,NA,NA,NA,NA,NA,NA,NA,NA,NA,NA,NA,NA,NA,NA
15,,False,multiplicative,,4,4,32,0.2,20,0.9298245310783386,0.08404739946126938,0.001,64,0,3,NA,NA,NA,NA,NA,NA,NA,NA,NA,NA,NA,NA,NA,NA,NA
0,,False,multiplicative,,4,4,32,0.2,20,0.11403506994247437,0.7469885349273682,0.001,64,1,3,NA,NA,NA,NA,NA,NA,NA,NA,NA,NA,NA,NA,NA,NA,NA
1,,False,multiplicative,,4,4,32,0.2,20,0.333333283662796,0.6507818698883057,0.001,64,1,3,NA,NA,NA,NA,NA,NA,NA,NA,NA,NA,NA,NA,NA,NA,NA
2,,False,multiplicative,,4,4,32,0.2,20,0.6245614290237427,0.5778730511665344,0.001,64,1,3,NA,NA,NA,NA,NA,NA,NA,NA,NA,NA,NA,NA,NA,NA,NA
3,,False,multiplicative,,4,4,32,0.2,20,0.6070175766944885,0.6162052750587463,0.001,64,1,3,NA,NA,NA,NA,NA,NA,NA,NA,NA,NA,NA,NA,NA,NA,NA
4,,False,multiplicative,,4,4,32,0.2,20,0.7077693343162537,0.5108334422111511,0.001,64,1,3,NA,NA,NA,NA,NA,NA,NA,NA,NA,NA,NA,NA,NA,NA,NA
5,,False,multiplicative,,4,4,32,0.2,20,0.5473684072494507,0.4829270839691162,0.001,64,1,3,NA,NA,NA,NA,NA,NA,NA,NA,NA,NA,NA,NA,NA,NA,NA
6,,False,multiplicative,,4,4,32,0.2,20,0.7403509020805359,0.3936072289943695,0.001,64,1,3,NA,NA,NA,NA,NA,NA,NA,NA,NA,NA,NA,NA,NA,NA,NA
7,,False,multiplicative,,4,4,32,0.2,20,0.7842105627059937,0.3371337056159973,0.001,64,1,3,NA,NA,NA,NA,NA,NA,NA,NA,NA,NA,NA,NA,NA,NA,NA
8,,False,multiplicative,,4,4,32,0.2,20,0.7666667103767395,0.2679860591888428,0.001,64,1,3,NA,NA,NA,NA,NA,NA,NA,NA,NA,NA,NA,NA,NA,NA,NA
9,,False,multiplicative,,4,4,32,0.2,20,0.8802005648612976,0.24936096370220184,0.001,64,1,3,NA,NA,NA,NA,NA,NA,NA,NA,NA,NA,NA,NA,NA,NA,NA
10,,False,multiplicative,,4,4,32,0.2,20,0.781954824924469,0.21438360214233398,0.001,64,1,3,NA,NA,NA,NA,NA,NA,NA,NA,NA,NA,NA,NA,NA,NA,NA
11,,False,multiplicative,,4,4,32,0.2,20,0.8696742057800293,0.17228832840919495,0.001,64,1,3,NA,NA,NA,NA,NA,NA,NA,NA,NA,NA,NA,NA,NA,NA,NA
12,,False,multiplicative,,4,4,32,0.2,20,0.8929823637008667,0.1531626284122467,0.001,64,1,3,NA,NA,NA,NA,NA,NA,NA,NA,NA,NA,NA,NA,NA,NA,NA
13,,False,multiplicative,,4,4,32,0.2,20,0.8691728711128235,0.11515455693006516,0.001,64,1,3,NA,NA,NA,NA,NA,NA,NA,NA,NA,NA,NA,NA,NA,NA,NA
14,,False,multiplicative,,4,4,32,0.2,20,0.8315789103507996,0.11131726950407028,0.001,64,1,3,NA,NA,NA,NA,NA,NA,NA,NA,NA,NA,NA,NA,NA,NA,NA
15,,False,multiplicative,,4,4,32,0.2,20,0.9999998807907104,0.07513448596000671,0.001,64,1,3,NA,NA,NA,NA,NA,NA,NA,NA,NA,NA,NA,NA,NA,NA,NA
16,,False,multiplicative,,4,4,32,0.2,20,0.877193033695221,0.07154212146997452,0.001,64,1,3,NA,NA,NA,NA,NA,NA,NA,NA,NA,NA,NA,NA,NA,NA,NA
17,,False,multiplicative,,4,4,32,0.2,20,0.8157894611358643,0.11249973624944687,0.001,64,1,3,NA,NA,NA,NA,NA,NA,NA,NA,NA,NA,NA,NA,NA,NA,NA
18,,False,multiplicative,,4,4,32,0.2,20,0.8696740865707397,0.10202405601739883,0.001,64,1,3,NA,NA,NA,NA,NA,NA,NA,NA,NA,NA,NA,NA,NA,NA,NA
0,,False,multiplicative,,4,4,32,0.2,20,0.3866666853427887,0.6953672766685486,0.001,64,2,3,NA,NA,NA,NA,NA,NA,NA,NA,NA,NA,NA,NA,NA,NA,NA
1,,False,multiplicative,,4,4,32,0.2,20,0.5549999475479126,0.5093895792961121,0.001,64,2,3,NA,NA,NA,NA,NA,NA,NA,NA,NA,NA,NA,NA,NA,NA,NA
2,,False,multiplicative,,4,4,32,0.2,20,0.6228570938110352,0.4519837200641632,0.001,64,2,3,NA,NA,NA,NA,NA,NA,NA,NA,NA,NA,NA,NA,NA,NA,NA
3,,False,multiplicative,,4,4,32,0.2,20,0.7366666793823242,0.40499424934387207,0.001,64,2,3,NA,NA,NA,NA,NA,NA,NA,NA,NA,NA,NA,NA,NA,NA,NA
4,,False,multiplicative,,4,4,32,0.2,20,0.7345237731933594,0.28074708580970764,0.001,64,2,3,NA,NA,NA,NA,NA,NA,NA,NA,NA,NA,NA,NA,NA,NA,NA
5,,False,multiplicative,,4,4,32,0.2,20,0.7666667103767395,0.27485501766204834,0.001,64,2,3,NA,NA,NA,NA,NA,NA,NA,NA,NA,NA,NA,NA,NA,NA,NA
6,,False,multiplicative,,4,4,32,0.2,20,0.7566666603088379,0.25059762597084045,0.001,64,2,3,NA,NA,NA,NA,NA,NA,NA,NA,NA,NA,NA,NA,NA,NA,NA
7,,False,multiplicative,,4,4,32,0.2,20,0.8633333444595337,0.18565936386585236,0.001,64,2,3,NA,NA,NA,NA,NA,NA,NA,NA,NA,NA,NA,NA,NA,NA,NA
8,,False,multiplicative,,4,4,32,0.2,20,0.7633333206176758,0.16405171155929565,0.001,64,2,3,NA,NA,NA,NA,NA,NA,NA,NA,NA,NA,NA,NA,NA,NA,NA
9,,False,multiplicative,,4,4,32,0.2,20,0.8899999856948853,0.12349589169025421,0.001,64,2,3,NA,NA,NA,NA,NA,NA,NA,NA,NA,NA,NA,NA,NA,NA,NA
10,,False,multiplicative,,4,4,32,0.2,20,0.8261904716491699,0.11090078204870224,0.001,64,2,3,NA,NA,NA,NA,NA,NA,NA,NA,NA,NA,NA,NA,NA,NA,NA
11,,False,multiplicative,,4,4,32,0.2,20,0.8500000238418579,0.10230943560600281,0.001,64,2,3,NA,NA,NA,NA,NA,NA,NA,NA,NA,NA,NA,NA,NA,NA,NA
12,,False,multiplicative,,4,4,32,0.2,20,0.7899999618530273,0.08586684614419937,0.001,64,2,3,NA,NA,NA,NA,NA,NA,NA,NA,NA,NA,NA,NA,NA,NA,NA
0,,False,multiplicative,,4,4,32,0.2,20,0.4883333146572113,0.7211061120033264,0.001,64,3,3,NA,NA,NA,NA,NA,NA,NA,NA,NA,NA,NA,NA,NA,NA,NA
1,,False,multiplicative,,4,4,32,0.2,20,0.3349999785423279,0.628219485282898,0.001,64,3,3,NA,NA,NA,NA,NA,NA,NA,NA,NA,NA,NA,NA,NA,NA,NA
2,,False,multiplicative,,4,4,32,0.2,20,0.7228571176528931,0.5383983254432678,0.001,64,3,3,NA,NA,NA,NA,NA,NA,NA,NA,NA,NA,NA,NA,NA,NA,NA
3,,False,multiplicative,,4,4,32,0.2,20,0.713333249092102,0.4486362934112549,0.001,64,3,3,NA,NA,NA,NA,NA,NA,NA,NA,NA,NA,NA,NA,NA,NA,NA
4,,False,multiplicative,,4,4,32,0.2,20,0.7545238137245178,0.41611209511756897,0.001,64,3,3,NA,NA,NA,NA,NA,NA,NA,NA,NA,NA,NA,NA,NA,NA,NA
5,,False,multiplicative,,4,4,32,0.2,20,0.7128571271896362,0.3195284903049469,0.001,64,3,3,NA,NA,NA,NA,NA,NA,NA,NA,NA,NA,NA,NA,NA,NA,NA
6,,False,multiplicative,,4,4,32,0.2,20,0.7899999618530273,0.23304642736911774,0.001,64,3,3,NA,NA,NA,NA,NA,NA,NA,NA,NA,NA,NA,NA,NA,NA,NA
7,,False,multiplicative,,4,4,32,0.2,20,0.8399999737739563,0.1882203370332718,0.001,64,3,3,NA,NA,NA,NA,NA,NA,NA,NA,NA,NA,NA,NA,NA,NA,NA
8,,False,multiplicative,,4,4,32,0.2,20,0.8999999761581421,0.12484124302864075,0.001,64,3,3,NA,NA,NA,NA,NA,NA,NA,NA,NA,NA,NA,NA,NA,NA,NA
9,,False,multiplicative,,4,4,32,0.2,20,0.9083333015441895,0.11944537609815598,0.001,64,3,3,NA,NA,NA,NA,NA,NA,NA,NA,NA,NA,NA,NA,NA,NA,NA
10,,False,multiplicative,,4,4,32,0.2,20,0.8233333826065063,0.09804593026638031,0.001,64,3,3,NA,NA,NA,NA,NA,NA,NA,NA,NA,NA,NA,NA,NA,NA,NA
11,,False,multiplicative,,4,4,32,0.2,20,0.8733332753181458,0.09777642786502838,0.001,64,3,3,NA,NA,NA,NA,NA,NA,NA,NA,NA,NA,NA,NA,NA,NA,NA
12,,False,multiplicative,,4,4,32,0.2,20,0.8233333826065063,0.13720647990703583,0.001,64,3,3,NA,NA,NA,NA,NA,NA,NA,NA,NA,NA,NA,NA,NA,NA,NA
0,,False,multiplicative,,4,4,32,0.2,20,0.2199999839067459,0.7189240455627441,0.001,64,0,4,NA,NA,NA,NA,NA,NA,NA,NA,NA,NA,NA,NA,NA,NA,NA
1,,False,multiplicative,,4,4,32,0.2,20,0.5233333706855774,0.5539922714233398,0.001,64,0,4,NA,NA,NA,NA,NA,NA,NA,NA,NA,NA,NA,NA,NA,NA,NA
2,,False,multiplicative,,4,4,32,0.2,20,0.6316666603088379,0.43324244022369385,0.001,64,0,4,NA,NA,NA,NA,NA,NA,NA,NA,NA,NA,NA,NA,NA,NA,NA
3,,False,multiplicative,,4,4,32,0.2,20,0.6416666507720947,0.3300459384918213,0.001,64,0,4,NA,NA,NA,NA,NA,NA,NA,NA,NA,NA,NA,NA,NA,NA,NA
4,,False,multiplicative,,4,4,32,0.2,20,0.746666669845581,0.28887760639190674,0.001,64,0,4,NA,NA,NA,NA,NA,NA,NA,NA,NA,NA,NA,NA,NA,NA,NA
5,,False,multiplicative,,4,4,32,0.2,20,0.7228571176528931,0.20572543144226074,0.001,64,0,4,NA,NA,NA,NA,NA,NA,NA,NA,NA,NA,NA,NA,NA,NA,NA
6,,False,multiplicative,,4,4,32,0.2,20,0.8233333826065063,0.14142966270446777,0.001,64,0,4,NA,NA,NA,NA,NA,NA,NA,NA,NA,NA,NA,NA,NA,NA,NA
7,,False,multiplicative,,4,4,32,0.2,20,0.8733332753181458,0.098065085709095,0.001,64,0,4,NA,NA,NA,NA,NA,NA,NA,NA,NA,NA,NA,NA,NA,NA,NA
8,,False,multiplicative,,4,4,32,0.2,20,0.8833333253860474,0.0940820723772049,0.001,64,0,4,NA,NA,NA,NA,NA,NA,NA,NA,NA,NA,NA,NA,NA,NA,NA
9,,False,multiplicative,,4,4,32,0.2,20,0.9333332777023315,0.07903433591127396,0.001,64,0,4,NA,NA,NA,NA,NA,NA,NA,NA,NA,NA,NA,NA,NA,NA,NA
10,,False,multiplicative,,4,4,32,0.2,20,0.8333333134651184,0.055211056023836136,0.001,64,0,4,NA,NA,NA,NA,NA,NA,NA,NA,NA,NA,NA,NA,NA,NA,NA
11,,False,multiplicative,,4,4,32,0.2,20,0.8999999761581421,0.042381513863801956,0.001,64,0,4,NA,NA,NA,NA,NA,NA,NA,NA,NA,NA,NA,NA,NA,NA,NA
12,,False,multiplicative,,4,4,32,0.2,20,0.949999988079071,0.03926209360361099,0.001,64,0,4,NA,NA,NA,NA,NA,NA,NA,NA,NA,NA,NA,NA,NA,NA,NA
13,,False,multiplicative,,4,4,32,0.2,20,0.8500000238418579,0.03445757180452347,0.001,64,0,4,NA,NA,NA,NA,NA,NA,NA,NA,NA,NA,NA,NA,NA,NA,NA
14,,False,multiplicative,,4,4,32,0.2,20,0.8999999761581421,0.03528914973139763,0.001,64,0,4,NA,NA,NA,NA,NA,NA,NA,NA,NA,NA,NA,NA,NA,NA,NA
15,,False,multiplicative,,4,4,32,0.2,20,0.8999999761581421,0.02646845579147339,0.001,64,0,4,NA,NA,NA,NA,NA,NA,NA,NA,NA,NA,NA,NA,NA,NA,NA
0,,False,multiplicative,,4,4,32,0.2,20,0.2666666507720947,0.7424951195716858,0.001,64,1,4,NA,NA,NA,NA,NA,NA,NA,NA,NA,NA,NA,NA,NA,NA,NA
1,,False,multiplicative,,4,4,32,0.2,20,0.4533332884311676,0.6110731959342957,0.001,64,1,4,NA,NA,NA,NA,NA,NA,NA,NA,NA,NA,NA,NA,NA,NA,NA
2,,False,multiplicative,,4,4,32,0.2,20,0.46166664361953735,0.6097987294197083,0.001,64,1,4,NA,NA,NA,NA,NA,NA,NA,NA,NA,NA,NA,NA,NA,NA,NA
3,,False,multiplicative,,4,4,32,0.2,20,0.5266666412353516,0.5458509922027588,0.001,64,1,4,NA,NA,NA,NA,NA,NA,NA,NA,NA,NA,NA,NA,NA,NA,NA
4,,False,multiplicative,,4,4,32,0.2,20,0.674047589302063,0.4074288010597229,0.001,64,1,4,NA,NA,NA,NA,NA,NA,NA,NA,NA,NA,NA,NA,NA,NA,NA
5,,False,multiplicative,,4,4,32,0.2,20,0.67166668176651,0.3763013184070587,0.001,64,1,4,NA,NA,NA,NA,NA,NA,NA,NA,NA,NA,NA,NA,NA,NA,NA
6,,False,multiplicative,,4,4,32,0.2,20,0.7595238089561462,0.30419430136680603,0.001,64,1,4,NA,NA,NA,NA,NA,NA,NA,NA,NA,NA,NA,NA,NA,NA,NA
7,,False,multiplicative,,4,4,32,0.2,20,0.824999988079071,0.2293989509344101,0.001,64,1,4,NA,NA,NA,NA,NA,NA,NA,NA,NA,NA,NA,NA,NA,NA,NA
8,,False,multiplicative,,4,4,32,0.2,20,0.7916666865348816,0.20300103724002838,0.001,64,1,4,NA,NA,NA,NA,NA,NA,NA,NA,NA,NA,NA,NA,NA,NA,NA
9,,False,multiplicative,,4,4,32,0.2,20,0.8166667222976685,0.15524165332317352,0.001,64,1,4,NA,NA,NA,NA,NA,NA,NA,NA,NA,NA,NA,NA,NA,NA,NA
10,,False,multiplicative,,4,4,32,0.2,20,0.8233332633972168,0.15015162527561188,0.001,64,1,4,NA,NA,NA,NA,NA,NA,NA,NA,NA,NA,NA,NA,NA,NA,NA
0,,False,multiplicative,,4,4,32,0.2,20,0.33666664361953735,0.6616212129592896,0.001,64,2,4,NA,NA,NA,NA,NA,NA,NA,NA,NA,NA,NA,NA,NA,NA,NA
1,,False,multiplicative,,4,4,32,0.2,20,0.5433333516120911,0.5743876099586487,0.001,64,2,4,NA,NA,NA,NA,NA,NA,NA,NA,NA,NA,NA,NA,NA,NA,NA
2,,False,multiplicative,,4,4,32,0.2,20,0.5483333468437195,0.43713200092315674,0.001,64,2,4,NA,NA,NA,NA,NA,NA,NA,NA,NA,NA,NA,NA,NA,NA,NA
3,,False,multiplicative,,4,4,32,0.2,20,0.653333306312561,0.35309889912605286,0.001,64,2,4,NA,NA,NA,NA,NA,NA,NA,NA,NA,NA,NA,NA,NA,NA,NA
4,,False,multiplicative,,4,4,32,0.2,20,0.6995238065719604,0.2997615337371826,0.001,64,2,4,NA,NA,NA,NA,NA,NA,NA,NA,NA,NA,NA,NA,NA,NA,NA
5,,False,multiplicative,,4,4,32,0.2,20,0.7661904692649841,0.20255403220653534,0.001,64,2,4,NA,NA,NA,NA,NA,NA,NA,NA,NA,NA,NA,NA,NA,NA,NA
6,,False,multiplicative,,4,4,32,0.2,20,0.8733332753181458,0.154873788356781,0.001,64,2,4,NA,NA,NA,NA,NA,NA,NA,NA,NA,NA,NA,NA,NA,NA,NA
7,,False,multiplicative,,4,4,32,0.2,20,0.8833333253860474,0.11838045716285706,0.001,64,2,4,NA,NA,NA,NA,NA,NA,NA,NA,NA,NA,NA,NA,NA,NA,NA
8,,False,multiplicative,,4,4,32,0.2,20,0.7833333611488342,0.08660182356834412,0.001,64,2,4,NA,NA,NA,NA,NA,NA,NA,NA,NA,NA,NA,NA,NA,NA,NA
9,,False,multiplicative,,4,4,32,0.2,20,0.9333332777023315,0.06655251234769821,0.001,64,2,4,NA,NA,NA,NA,NA,NA,NA,NA,NA,NA,NA,NA,NA,NA,NA
10,,False,multiplicative,,4,4,32,0.2,20,0.8333333730697632,0.07886261492967606,0.001,64,2,4,NA,NA,NA,NA,NA,NA,NA,NA,NA,NA,NA,NA,NA,NA,NA
11,,False,multiplicative,,4,4,32,0.2,20,0.8833333253860474,0.059393104165792465,0.001,64,2,4,NA,NA,NA,NA,NA,NA,NA,NA,NA,NA,NA,NA,NA,NA,NA
12,,False,multiplicative,,4,4,32,0.2,20,0.8233332633972168,0.06759531795978546,0.001,64,2,4,NA,NA,NA,NA,NA,NA,NA,NA,NA,NA,NA,NA,NA,NA,NA
0,,False,multiplicative,,4,4,32,0.2,20,0.2983333170413971,0.7224871516227722,0.001,64,3,4,NA,NA,NA,NA,NA,NA,NA,NA,NA,NA,NA,NA,NA,NA,NA
1,,False,multiplicative,,4,4,32,0.2,20,0.5328570604324341,0.6149279475212097,0.001,64,3,4,NA,NA,NA,NA,NA,NA,NA,NA,NA,NA,NA,NA,NA,NA,NA
2,,False,multiplicative,,4,4,32,0.2,20,0.42119044065475464,0.5227087736129761,0.001,64,3,4,NA,NA,NA,NA,NA,NA,NA,NA,NA,NA,NA,NA,NA,NA,NA
3,,False,multiplicative,,4,4,32,0.2,20,0.46166664361953735,0.5366122126579285,0.001,64,3,4,NA,NA,NA,NA,NA,NA,NA,NA,NA,NA,NA,NA,NA,NA,NA
4,,False,multiplicative,,4,4,32,0.2,20,0.504523754119873,0.4517766535282135,0.001,64,3,4,NA,NA,NA,NA,NA,NA,NA,NA,NA,NA,NA,NA,NA,NA,NA
0,,False,multiplicative,,4,4,32,0.2,20,0.3649999797344208,0.7044074535369873,0.001,64,0,5,NA,NA,NA,NA,NA,NA,NA,NA,NA,NA,NA,NA,NA,NA,NA
1,,False,multiplicative,,4,4,32,0.2,20,0.5528571009635925,0.5284976363182068,0.001,64,0,5,NA,NA,NA,NA,NA,NA,NA,NA,NA,NA,NA,NA,NA,NA,NA
2,,False,multiplicative,,4,4,32,0.2,20,0.6466667056083679,0.5864851474761963,0.001,64,0,5,NA,NA,NA,NA,NA,NA,NA,NA,NA,NA,NA,NA,NA,NA,NA
3,,False,multiplicative,,4,4,32,0.2,20,0.5,0.5323688983917236,0.001,64,0,5,NA,NA,NA,NA,NA,NA,NA,NA,NA,NA,NA,NA,NA,NA,NA
4,,False,multiplicative,,4,4,32,0.2,20,0.5995238423347473,0.46776705980300903,0.001,64,0,5,NA,NA,NA,NA,NA,NA,NA,NA,NA,NA,NA,NA,NA,NA,NA
5,,False,multiplicative,,4,4,32,0.2,20,0.6895238161087036,0.4168323278427124,0.001,64,0,5,NA,NA,NA,NA,NA,NA,NA,NA,NA,NA,NA,NA,NA,NA,NA
6,,False,multiplicative,,4,4,32,0.2,20,0.6395238041877747,0.39694440364837646,0.001,64,0,5,NA,NA,NA,NA,NA,NA,NA,NA,NA,NA,NA,NA,NA,NA,NA
7,,False,multiplicative,,4,4,32,0.2,20,0.7145237326622009,0.33345043659210205,0.001,64,0,5,NA,NA,NA,NA,NA,NA,NA,NA,NA,NA,NA,NA,NA,NA,NA
8,,False,multiplicative,,4,4,32,0.2,20,0.75,0.28097257018089294,0.001,64,0,5,NA,NA,NA,NA,NA,NA,NA,NA,NA,NA,NA,NA,NA,NA,NA
9,,False,multiplicative,,4,4,32,0.2,20,0.800000011920929,0.2780618965625763,0.001,64,0,5,NA,NA,NA,NA,NA,NA,NA,NA,NA,NA,NA,NA,NA,NA,NA
10,,False,multiplicative,,4,4,32,0.2,20,0.75,0.23272256553173065,0.001,64,0,5,NA,NA,NA,NA,NA,NA,NA,NA,NA,NA,NA,NA,NA,NA,NA
11,,False,multiplicative,,4,4,32,0.2,20,0.7161904573440552,0.26399633288383484,0.001,64,0,5,NA,NA,NA,NA,NA,NA,NA,NA,NA,NA,NA,NA,NA,NA,NA
12,,False,multiplicative,,4,4,32,0.2,20,0.7983333468437195,0.284345418214798,0.001,64,0,5,NA,NA,NA,NA,NA,NA,NA,NA,NA,NA,NA,NA,NA,NA,NA
0,,False,multiplicative,,4,4,32,0.2,20,0.40119045972824097,0.7285547852516174,0.001,64,1,5,NA,NA,NA,NA,NA,NA,NA,NA,NA,NA,NA,NA,NA,NA,NA
1,,False,multiplicative,,4,4,32,0.2,20,0.398333340883255,0.6763770580291748,0.001,64,1,5,NA,NA,NA,NA,NA,NA,NA,NA,NA,NA,NA,NA,NA,NA,NA
2,,False,multiplicative,,4,4,32,0.2,20,0.44333332777023315,0.6098683476448059,0.001,64,1,5,NA,NA,NA,NA,NA,NA,NA,NA,NA,NA,NA,NA,NA,NA,NA
3,,False,multiplicative,,4,4,32,0.2,20,0.59333336353302,0.5655322670936584,0.001,64,1,5,NA,NA,NA,NA,NA,NA,NA,NA,NA,NA,NA,NA,NA,NA,NA
4,,False,multiplicative,,4,4,32,0.2,20,0.5549999475479126,0.5511829853057861,0.001,64,1,5,NA,NA,NA,NA,NA,NA,NA,NA,NA,NA,NA,NA,NA,NA,NA
5,,False,multiplicative,,4,4,32,0.2,20,0.5628571510314941,0.5073214173316956,0.001,64,1,5,NA,NA,NA,NA,NA,NA,NA,NA,NA,NA,NA,NA,NA,NA,NA
6,,False,multiplicative,,4,4,32,0.2,20,0.513333261013031,0.5047337412834167,0.001,64,1,5,NA,NA,NA,NA,NA,NA,NA,NA,NA,NA,NA,NA,NA,NA,NA
0,,False,multiplicative,,4,4,32,0.2,20,0.3466666638851166,0.7388173341751099,0.001,64,2,5,NA,NA,NA,NA,NA,NA,NA,NA,NA,NA,NA,NA,NA,NA,NA
1,,False,multiplicative,,4,4,32,0.2,20,0.5449999570846558,0.6330843567848206,0.001,64,2,5,NA,NA,NA,NA,NA,NA,NA,NA,NA,NA,NA,NA,NA,NA,NA
2,,False,multiplicative,,4,4,32,0.2,20,0.5916666388511658,0.5572484731674194,0.001,64,2,5,NA,NA,NA,NA,NA,NA,NA,NA,NA,NA,NA,NA,NA,NA,NA
3,,False,multiplicative,,4,4,32,0.2,20,0.5883333086967468,0.5328563451766968,0.001,64,2,5,NA,NA,NA,NA,NA,NA,NA,NA,NA,NA,NA,NA,NA,NA,NA
4,,False,multiplicative,,4,4,32,0.2,20,0.4045237600803375,0.5536971688270569,0.001,64,2,5,NA,NA,NA,NA,NA,NA,NA,NA,NA,NA,NA,NA,NA,NA,NA
5,,False,multiplicative,,4,4,32,0.2,20,0.5628570914268494,0.5115261077880859,0.001,64,2,5,NA,NA,NA,NA,NA,NA,NA,NA,NA,NA,NA,NA,NA,NA,NA
0,,False,multiplicative,,4,4,32,0.2,20,0.3233333230018616,0.6784443259239197,0.001,64,3,5,NA,NA,NA,NA,NA,NA,NA,NA,NA,NA,NA,NA,NA,NA,NA
1,,False,multiplicative,,4,4,32,0.2,20,0.48119044303894043,0.6386905312538147,0.001,64,3,5,NA,NA,NA,NA,NA,NA,NA,NA,NA,NA,NA,NA,NA,NA,NA
2,,False,multiplicative,,4,4,32,0.2,20,0.4883333742618561,0.5883216857910156,0.001,64,3,5,NA,NA,NA,NA,NA,NA,NA,NA,NA,NA,NA,NA,NA,NA,NA
3,,False,multiplicative,,4,4,32,0.2,20,0.5311905145645142,0.508491039276123,0.001,64,3,5,NA,NA,NA,NA,NA,NA,NA,NA,NA,NA,NA,NA,NA,NA,NA
4,,False,multiplicative,,4,4,32,0.2,20,0.6233333349227905,0.41333091259002686,0.001,64,3,5,NA,NA,NA,NA,NA,NA,NA,NA,NA,NA,NA,NA,NA,NA,NA
5,,False,multiplicative,,4,4,32,0.2,20,0.5507143139839172,0.4747909605503082,0.001,64,3,5,NA,NA,NA,NA,NA,NA,NA,NA,NA,NA,NA,NA,NA,NA,NA
6,,False,multiplicative,,4,4,32,0.2,20,0.5623809099197388,0.43548163771629333,0.001,64,3,5,NA,NA,NA,NA,NA,NA,NA,NA,NA,NA,NA,NA,NA,NA,NA
7,,False,multiplicative,,4,4,32,0.2,20,0.6649999618530273,0.3914993107318878,0.001,64,3,5,NA,NA,NA,NA,NA,NA,NA,NA,NA,NA,NA,NA,NA,NA,NA
8,,False,multiplicative,,4,4,32,0.2,20,0.6866666078567505,0.3679543137550354,0.001,64,3,5,NA,NA,NA,NA,NA,NA,NA,NA,NA,NA,NA,NA,NA,NA,NA
9,,False,multiplicative,,4,4,32,0.2,20,0.6233333349227905,0.31064802408218384,0.001,64,3,5,NA,NA,NA,NA,NA,NA,NA,NA,NA,NA,NA,NA,NA,NA,NA
10,,False,multiplicative,,4,4,32,0.2,20,0.6866666674613953,0.28703466057777405,0.001,64,3,5,NA,NA,NA,NA,NA,NA,NA,NA,NA,NA,NA,NA,NA,NA,NA
11,,False,multiplicative,,4,4,32,0.2,20,0.7833333015441895,0.27380603551864624,0.001,64,3,5,NA,NA,NA,NA,NA,NA,NA,NA,NA,NA,NA,NA,NA,NA,NA
12,,False,multiplicative,,4,4,32,0.2,20,0.7523809671401978,0.29952070116996765,0.001,64,3,5,NA,NA,NA,NA,NA,NA,NA,NA,NA,NA,NA,NA,NA,NA,NA
13,,False,multiplicative,,4,4,32,0.2,20,0.7966666221618652,0.27571597695350647,0.001,64,3,5,NA,NA,NA,NA,NA,NA,NA,NA,NA,NA,NA,NA,NA,NA,NA
14,,False,multiplicative,,4,4,32,0.2,20,0.6490476131439209,0.26061078906059265,0.001,64,3,5,NA,NA,NA,NA,NA,NA,NA,NA,NA,NA,NA,NA,NA,NA,NA
15,,False,multiplicative,,4,4,32,0.2,20,0.6995238065719604,0.22531546652317047,0.001,64,3,5,NA,NA,NA,NA,NA,NA,NA,NA,NA,NA,NA,NA,NA,NA,NA
16,,False,multiplicative,,4,4,32,0.2,20,0.8228570818901062,0.18364249169826508,0.001,64,3,5,NA,NA,NA,NA,NA,NA,NA,NA,NA,NA,NA,NA,NA,NA,NA
17,,False,multiplicative,,4,4,32,0.2,20,0.8228570818901062,0.27276578545570374,0.001,64,3,5,NA,NA,NA,NA,NA,NA,NA,NA,NA,NA,NA,NA,NA,NA,NA
18,,False,multiplicative,,4,4,32,0.2,20,0.8466666340827942,0.18552349507808685,0.001,64,3,5,NA,NA,NA,NA,NA,NA,NA,NA,NA,NA,NA,NA,NA,NA,NA
19,,False,multiplicative,,4,4,32,0.2,20,0.8533332943916321,0.1672676056623459,0.001,64,3,5,NA,NA,NA,NA,NA,NA,NA,NA,NA,NA,NA,NA,NA,NA,NA
