epoch,att_act,att_hist,att_type,att_units,att_window,batch_size,dense_units,dropout,epochs,keras_f1_score,loss,lr,lstm_units,ofold,task,val_att_act,val_att_hist,val_att_type,val_att_units,val_att_window,val_batch_size,val_dense_units,val_dropout,val_epochs,val_keras_f1_score,val_loss,val_lr,val_lstm_units,val_ofold,val_task
0,Softmax,True,additive,8,4,4,16,0.2,20,0.31353381276130676,0.7071365118026733,0.001,64,0,1,NA,NA,NA,NA,NA,NA,NA,NA,NA,NA,NA,NA,NA,NA,NA
1,Softmax,True,additive,8,4,4,16,0.2,20,0.4385964870452881,0.58802330493927,0.001,64,0,1,NA,NA,NA,NA,NA,NA,NA,NA,NA,NA,NA,NA,NA,NA,NA
2,Softmax,True,additive,8,4,4,16,0.2,20,0.6674185395240784,0.5281739830970764,0.001,64,0,1,NA,NA,NA,NA,NA,NA,NA,NA,NA,NA,NA,NA,NA,NA,NA
3,Softmax,True,additive,8,4,4,16,0.2,20,0.582456111907959,0.5418322682380676,0.001,64,0,1,NA,NA,NA,NA,NA,NA,NA,NA,NA,NA,NA,NA,NA,NA,NA
4,Softmax,True,additive,8,4,4,16,0.2,20,0.5596491098403931,0.5033851861953735,0.001,64,0,1,NA,NA,NA,NA,NA,NA,NA,NA,NA,NA,NA,NA,NA,NA,NA
5,Softmax,True,additive,8,4,4,16,0.2,20,0.5649122595787048,0.4989529550075531,0.001,64,0,1,NA,NA,NA,NA,NA,NA,NA,NA,NA,NA,NA,NA,NA,NA,NA
0,Softmax,True,additive,8,4,4,16,0.2,20,0.435087651014328,0.7021434307098389,0.001,64,1,1,NA,NA,NA,NA,NA,NA,NA,NA,NA,NA,NA,NA,NA,NA,NA
1,Softmax,True,additive,8,4,4,16,0.2,20,0.5982455611228943,0.5598807334899902,0.001,64,1,1,NA,NA,NA,NA,NA,NA,NA,NA,NA,NA,NA,NA,NA,NA,NA
2,Softmax,True,additive,8,4,4,16,0.2,20,0.5964911580085754,0.5284696817398071,0.001,64,1,1,NA,NA,NA,NA,NA,NA,NA,NA,NA,NA,NA,NA,NA,NA,NA
3,Softmax,True,additive,8,4,4,16,0.2,20,0.6047618985176086,0.48981502652168274,0.001,64,1,1,NA,NA,NA,NA,NA,NA,NA,NA,NA,NA,NA,NA,NA,NA,NA
4,Softmax,True,additive,8,4,4,16,0.2,20,0.6122806668281555,0.4863598644733429,0.001,64,1,1,NA,NA,NA,NA,NA,NA,NA,NA,NA,NA,NA,NA,NA,NA,NA
5,Softmax,True,additive,8,4,4,16,0.2,20,0.5807017683982849,0.44014471769332886,0.001,64,1,1,NA,NA,NA,NA,NA,NA,NA,NA,NA,NA,NA,NA,NA,NA,NA
6,Softmax,True,additive,8,4,4,16,0.2,20,0.5578947067260742,0.4265488088130951,0.001,64,1,1,NA,NA,NA,NA,NA,NA,NA,NA,NA,NA,NA,NA,NA,NA,NA
7,Softmax,True,additive,8,4,4,16,0.2,20,0.6368420720100403,0.4274653196334839,0.001,64,1,1,NA,NA,NA,NA,NA,NA,NA,NA,NA,NA,NA,NA,NA,NA,NA
8,Softmax,True,additive,8,4,4,16,0.2,20,0.6526315808296204,0.38102176785469055,0.001,64,1,1,NA,NA,NA,NA,NA,NA,NA,NA,NA,NA,NA,NA,NA,NA,NA
9,Softmax,True,additive,8,4,4,16,0.2,20,0.6333333849906921,0.3657059371471405,0.001,64,1,1,NA,NA,NA,NA,NA,NA,NA,NA,NA,NA,NA,NA,NA,NA,NA
10,Softmax,True,additive,8,4,4,16,0.2,20,0.7333332896232605,0.311421662569046,0.001,64,1,1,NA,NA,NA,NA,NA,NA,NA,NA,NA,NA,NA,NA,NA,NA,NA
11,Softmax,True,additive,8,4,4,16,0.2,20,0.6315789222717285,0.29974251985549927,0.001,64,1,1,NA,NA,NA,NA,NA,NA,NA,NA,NA,NA,NA,NA,NA,NA,NA
12,Softmax,True,additive,8,4,4,16,0.2,20,0.7508772015571594,0.3160082697868347,0.001,64,1,1,NA,NA,NA,NA,NA,NA,NA,NA,NA,NA,NA,NA,NA,NA,NA
13,Softmax,True,additive,8,4,4,16,0.2,20,0.7679197788238525,0.3004359006881714,0.001,64,1,1,NA,NA,NA,NA,NA,NA,NA,NA,NA,NA,NA,NA,NA,NA,NA
14,Softmax,True,additive,8,4,4,16,0.2,20,0.6456140875816345,0.23232287168502808,0.001,64,1,1,NA,NA,NA,NA,NA,NA,NA,NA,NA,NA,NA,NA,NA,NA,NA
15,Softmax,True,additive,8,4,4,16,0.2,20,0.8999999165534973,0.23366358876228333,0.001,64,1,1,NA,NA,NA,NA,NA,NA,NA,NA,NA,NA,NA,NA,NA,NA,NA
16,Softmax,True,additive,8,4,4,16,0.2,20,0.699999988079071,0.18556198477745056,0.001,64,1,1,NA,NA,NA,NA,NA,NA,NA,NA,NA,NA,NA,NA,NA,NA,NA
17,Softmax,True,additive,8,4,4,16,0.2,20,0.8421052098274231,0.19546383619308472,0.001,64,1,1,NA,NA,NA,NA,NA,NA,NA,NA,NA,NA,NA,NA,NA,NA,NA
18,Softmax,True,additive,8,4,4,16,0.2,20,0.8385964632034302,0.19417040050029755,0.001,64,1,1,NA,NA,NA,NA,NA,NA,NA,NA,NA,NA,NA,NA,NA,NA,NA
0,Softmax,True,additive,8,4,4,16,0.2,20,0.35438594222068787,0.6901872754096985,0.001,64,2,1,NA,NA,NA,NA,NA,NA,NA,NA,NA,NA,NA,NA,NA,NA,NA
1,Softmax,True,additive,8,4,4,16,0.2,20,0.5907267928123474,0.656466543674469,0.001,64,2,1,NA,NA,NA,NA,NA,NA,NA,NA,NA,NA,NA,NA,NA,NA,NA
2,Softmax,True,additive,8,4,4,16,0.2,20,0.640350878238678,0.5680928826332092,0.001,64,2,1,NA,NA,NA,NA,NA,NA,NA,NA,NA,NA,NA,NA,NA,NA,NA
3,Softmax,True,additive,8,4,4,16,0.2,20,0.5877192616462708,0.5503842234611511,0.001,64,2,1,NA,NA,NA,NA,NA,NA,NA,NA,NA,NA,NA,NA,NA,NA,NA
4,Softmax,True,additive,8,4,4,16,0.2,20,0.601754367351532,0.5434792637825012,0.001,64,2,1,NA,NA,NA,NA,NA,NA,NA,NA,NA,NA,NA,NA,NA,NA,NA
5,Softmax,True,additive,8,4,4,16,0.2,20,0.6140351295471191,0.5583897829055786,0.001,64,2,1,NA,NA,NA,NA,NA,NA,NA,NA,NA,NA,NA,NA,NA,NA,NA
0,Softmax,True,additive,8,4,4,16,0.2,20,0.5157895088195801,0.6813367605209351,0.001,64,3,1,NA,NA,NA,NA,NA,NA,NA,NA,NA,NA,NA,NA,NA,NA,NA
1,Softmax,True,additive,8,4,4,16,0.2,20,0.6122806668281555,0.6007099151611328,0.001,64,3,1,NA,NA,NA,NA,NA,NA,NA,NA,NA,NA,NA,NA,NA,NA,NA
2,Softmax,True,additive,8,4,4,16,0.2,20,0.5438596606254578,0.50419682264328,0.001,64,3,1,NA,NA,NA,NA,NA,NA,NA,NA,NA,NA,NA,NA,NA,NA,NA
3,Softmax,True,additive,8,4,4,16,0.2,20,0.7012531161308289,0.4947277903556824,0.001,64,3,1,NA,NA,NA,NA,NA,NA,NA,NA,NA,NA,NA,NA,NA,NA,NA
4,Softmax,True,additive,8,4,4,16,0.2,20,0.5964912176132202,0.4783761501312256,0.001,64,3,1,NA,NA,NA,NA,NA,NA,NA,NA,NA,NA,NA,NA,NA,NA,NA
5,Softmax,True,additive,8,4,4,16,0.2,20,0.5784461498260498,0.48460108041763306,0.001,64,3,1,NA,NA,NA,NA,NA,NA,NA,NA,NA,NA,NA,NA,NA,NA,NA
6,Softmax,True,additive,8,4,4,16,0.2,20,0.5438596606254578,0.48451945185661316,0.001,64,3,1,NA,NA,NA,NA,NA,NA,NA,NA,NA,NA,NA,NA,NA,NA,NA
0,Softmax,True,additive,8,4,4,16,0.2,20,0.4066666066646576,0.6272767782211304,0.001,64,0,2,NA,NA,NA,NA,NA,NA,NA,NA,NA,NA,NA,NA,NA,NA,NA
1,Softmax,True,additive,8,4,4,16,0.2,20,0.4500000476837158,0.623552680015564,0.001,64,0,2,NA,NA,NA,NA,NA,NA,NA,NA,NA,NA,NA,NA,NA,NA,NA
2,Softmax,True,additive,8,4,4,16,0.2,20,0.5300000309944153,0.5418065190315247,0.001,64,0,2,NA,NA,NA,NA,NA,NA,NA,NA,NA,NA,NA,NA,NA,NA,NA
3,Softmax,True,additive,8,4,4,16,0.2,20,0.5633333325386047,0.4790368676185608,0.001,64,0,2,NA,NA,NA,NA,NA,NA,NA,NA,NA,NA,NA,NA,NA,NA,NA
4,Softmax,True,additive,8,4,4,16,0.2,20,0.6133333444595337,0.4603320360183716,0.001,64,0,2,NA,NA,NA,NA,NA,NA,NA,NA,NA,NA,NA,NA,NA,NA,NA
5,Softmax,True,additive,8,4,4,16,0.2,20,0.6016666889190674,0.43526268005371094,0.001,64,0,2,NA,NA,NA,NA,NA,NA,NA,NA,NA,NA,NA,NA,NA,NA,NA
6,Softmax,True,additive,8,4,4,16,0.2,20,0.7590476274490356,0.3820480704307556,0.001,64,0,2,NA,NA,NA,NA,NA,NA,NA,NA,NA,NA,NA,NA,NA,NA,NA
7,Softmax,True,additive,8,4,4,16,0.2,20,0.7616666555404663,0.3174362778663635,0.001,64,0,2,NA,NA,NA,NA,NA,NA,NA,NA,NA,NA,NA,NA,NA,NA,NA
8,Softmax,True,additive,8,4,4,16,0.2,20,0.7411904335021973,0.2901792526245117,0.001,64,0,2,NA,NA,NA,NA,NA,NA,NA,NA,NA,NA,NA,NA,NA,NA,NA
9,Softmax,True,additive,8,4,4,16,0.2,20,0.8283333778381348,0.3195391595363617,0.001,64,0,2,NA,NA,NA,NA,NA,NA,NA,NA,NA,NA,NA,NA,NA,NA,NA
10,Softmax,True,additive,8,4,4,16,0.2,20,0.7333333492279053,0.25280407071113586,0.001,64,0,2,NA,NA,NA,NA,NA,NA,NA,NA,NA,NA,NA,NA,NA,NA,NA
11,Softmax,True,additive,8,4,4,16,0.2,20,0.7466667294502258,0.22486309707164764,0.001,64,0,2,NA,NA,NA,NA,NA,NA,NA,NA,NA,NA,NA,NA,NA,NA,NA
12,Softmax,True,additive,8,4,4,16,0.2,20,0.9066667556762695,0.18286316096782684,0.001,64,0,2,NA,NA,NA,NA,NA,NA,NA,NA,NA,NA,NA,NA,NA,NA,NA
13,Softmax,True,additive,8,4,4,16,0.2,20,0.7816666960716248,0.2294163852930069,0.001,64,0,2,NA,NA,NA,NA,NA,NA,NA,NA,NA,NA,NA,NA,NA,NA,NA
14,Softmax,True,additive,8,4,4,16,0.2,20,0.8566665649414062,0.1922372281551361,0.001,64,0,2,NA,NA,NA,NA,NA,NA,NA,NA,NA,NA,NA,NA,NA,NA,NA
15,Softmax,True,additive,8,4,4,16,0.2,20,0.8566666841506958,0.1765712946653366,0.001,64,0,2,NA,NA,NA,NA,NA,NA,NA,NA,NA,NA,NA,NA,NA,NA,NA
0,Softmax,True,additive,8,4,4,16,0.2,20,0.40166664123535156,0.7146145105361938,0.001,64,1,2,NA,NA,NA,NA,NA,NA,NA,NA,NA,NA,NA,NA,NA,NA,NA
1,Softmax,True,additive,8,4,4,16,0.2,20,0.4711904525756836,0.6002960205078125,0.001,64,1,2,NA,NA,NA,NA,NA,NA,NA,NA,NA,NA,NA,NA,NA,NA,NA
2,Softmax,True,additive,8,4,4,16,0.2,20,0.6083333492279053,0.5849171876907349,0.001,64,1,2,NA,NA,NA,NA,NA,NA,NA,NA,NA,NA,NA,NA,NA,NA,NA
3,Softmax,True,additive,8,4,4,16,0.2,20,0.5483332872390747,0.5050995945930481,0.001,64,1,2,NA,NA,NA,NA,NA,NA,NA,NA,NA,NA,NA,NA,NA,NA,NA
4,Softmax,True,additive,8,4,4,16,0.2,20,0.6257142424583435,0.48866990208625793,0.001,64,1,2,NA,NA,NA,NA,NA,NA,NA,NA,NA,NA,NA,NA,NA,NA,NA
5,Softmax,True,additive,8,4,4,16,0.2,20,0.5899999737739563,0.46370574831962585,0.001,64,1,2,NA,NA,NA,NA,NA,NA,NA,NA,NA,NA,NA,NA,NA,NA,NA
6,Softmax,True,additive,8,4,4,16,0.2,20,0.6633332967758179,0.4350561499595642,0.001,64,1,2,NA,NA,NA,NA,NA,NA,NA,NA,NA,NA,NA,NA,NA,NA,NA
7,Softmax,True,additive,8,4,4,16,0.2,20,0.7366666197776794,0.37842893600463867,0.001,64,1,2,NA,NA,NA,NA,NA,NA,NA,NA,NA,NA,NA,NA,NA,NA,NA
8,Softmax,True,additive,8,4,4,16,0.2,20,0.7661904692649841,0.3409936726093292,0.001,64,1,2,NA,NA,NA,NA,NA,NA,NA,NA,NA,NA,NA,NA,NA,NA,NA
9,Softmax,True,additive,8,4,4,16,0.2,20,0.6978570818901062,0.3283190131187439,0.001,64,1,2,NA,NA,NA,NA,NA,NA,NA,NA,NA,NA,NA,NA,NA,NA,NA
10,Softmax,True,additive,8,4,4,16,0.2,20,0.6861904859542847,0.2945879101753235,0.001,64,1,2,NA,NA,NA,NA,NA,NA,NA,NA,NA,NA,NA,NA,NA,NA,NA
11,Softmax,True,additive,8,4,4,16,0.2,20,0.7700000405311584,0.2788698673248291,0.001,64,1,2,NA,NA,NA,NA,NA,NA,NA,NA,NA,NA,NA,NA,NA,NA,NA
12,Softmax,True,additive,8,4,4,16,0.2,20,0.8228570818901062,0.25300687551498413,0.001,64,1,2,NA,NA,NA,NA,NA,NA,NA,NA,NA,NA,NA,NA,NA,NA,NA
13,Softmax,True,additive,8,4,4,16,0.2,20,0.7895238399505615,0.20799411833286285,0.001,64,1,2,NA,NA,NA,NA,NA,NA,NA,NA,NA,NA,NA,NA,NA,NA,NA
14,Softmax,True,additive,8,4,4,16,0.2,20,0.8399999737739563,0.18215513229370117,0.001,64,1,2,NA,NA,NA,NA,NA,NA,NA,NA,NA,NA,NA,NA,NA,NA,NA
15,Softmax,True,additive,8,4,4,16,0.2,20,0.8461904525756836,0.16412223875522614,0.001,64,1,2,NA,NA,NA,NA,NA,NA,NA,NA,NA,NA,NA,NA,NA,NA,NA
16,Softmax,True,additive,8,4,4,16,0.2,20,0.841666579246521,0.17500615119934082,0.001,64,1,2,NA,NA,NA,NA,NA,NA,NA,NA,NA,NA,NA,NA,NA,NA,NA
17,Softmax,True,additive,8,4,4,16,0.2,20,0.6561905145645142,0.15582381188869476,0.001,64,1,2,NA,NA,NA,NA,NA,NA,NA,NA,NA,NA,NA,NA,NA,NA,NA
18,Softmax,True,additive,8,4,4,16,0.2,20,0.8633333444595337,0.13451142609119415,0.001,64,1,2,NA,NA,NA,NA,NA,NA,NA,NA,NA,NA,NA,NA,NA,NA,NA
19,Softmax,True,additive,8,4,4,16,0.2,20,0.7733333110809326,0.1469275951385498,0.001,64,1,2,NA,NA,NA,NA,NA,NA,NA,NA,NA,NA,NA,NA,NA,NA,NA
0,Softmax,True,additive,8,4,4,16,0.2,20,0.48666661977767944,0.6581714749336243,0.001,64,2,2,NA,NA,NA,NA,NA,NA,NA,NA,NA,NA,NA,NA,NA,NA,NA
1,Softmax,True,additive,8,4,4,16,0.2,20,0.45500001311302185,0.6319578289985657,0.001,64,2,2,NA,NA,NA,NA,NA,NA,NA,NA,NA,NA,NA,NA,NA,NA,NA
2,Softmax,True,additive,8,4,4,16,0.2,20,0.3099999725818634,0.603490948677063,0.001,64,2,2,NA,NA,NA,NA,NA,NA,NA,NA,NA,NA,NA,NA,NA,NA,NA
3,Softmax,True,additive,8,4,4,16,0.2,20,0.5445238351821899,0.592742383480072,0.001,64,2,2,NA,NA,NA,NA,NA,NA,NA,NA,NA,NA,NA,NA,NA,NA,NA
4,Softmax,True,additive,8,4,4,16,0.2,20,0.5616666674613953,0.5736948251724243,0.001,64,2,2,NA,NA,NA,NA,NA,NA,NA,NA,NA,NA,NA,NA,NA,NA,NA
5,Softmax,True,additive,8,4,4,16,0.2,20,0.6378571391105652,0.49960029125213623,0.001,64,2,2,NA,NA,NA,NA,NA,NA,NA,NA,NA,NA,NA,NA,NA,NA,NA
6,Softmax,True,additive,8,4,4,16,0.2,20,0.57833331823349,0.5517303943634033,0.001,64,2,2,NA,NA,NA,NA,NA,NA,NA,NA,NA,NA,NA,NA,NA,NA,NA
7,Softmax,True,additive,8,4,4,16,0.2,20,0.6761904954910278,0.5079466104507446,0.001,64,2,2,NA,NA,NA,NA,NA,NA,NA,NA,NA,NA,NA,NA,NA,NA,NA
8,Softmax,True,additive,8,4,4,16,0.2,20,0.6307142972946167,0.462298184633255,0.001,64,2,2,NA,NA,NA,NA,NA,NA,NA,NA,NA,NA,NA,NA,NA,NA,NA
9,Softmax,True,additive,8,4,4,16,0.2,20,0.5716666579246521,0.42008912563323975,0.001,64,2,2,NA,NA,NA,NA,NA,NA,NA,NA,NA,NA,NA,NA,NA,NA,NA
10,Softmax,True,additive,8,4,4,16,0.2,20,0.5949999690055847,0.4230712056159973,0.001,64,2,2,NA,NA,NA,NA,NA,NA,NA,NA,NA,NA,NA,NA,NA,NA,NA
0,Softmax,True,additive,8,4,4,16,0.2,20,0.09833332151174545,0.6756492853164673,0.001,64,3,2,NA,NA,NA,NA,NA,NA,NA,NA,NA,NA,NA,NA,NA,NA,NA
1,Softmax,True,additive,8,4,4,16,0.2,20,0.4678571820259094,0.6075723767280579,0.001,64,3,2,NA,NA,NA,NA,NA,NA,NA,NA,NA,NA,NA,NA,NA,NA,NA
2,Softmax,True,additive,8,4,4,16,0.2,20,0.5890476703643799,0.588219940662384,0.001,64,3,2,NA,NA,NA,NA,NA,NA,NA,NA,NA,NA,NA,NA,NA,NA,NA
3,Softmax,True,additive,8,4,4,16,0.2,20,0.6273809671401978,0.5998257994651794,0.001,64,3,2,NA,NA,NA,NA,NA,NA,NA,NA,NA,NA,NA,NA,NA,NA,NA
4,Softmax,True,additive,8,4,4,16,0.2,20,0.5919047594070435,0.6085630655288696,0.001,64,3,2,NA,NA,NA,NA,NA,NA,NA,NA,NA,NA,NA,NA,NA,NA,NA
5,Softmax,True,additive,8,4,4,16,0.2,20,0.6973809003829956,0.5957291722297668,0.001,64,3,2,NA,NA,NA,NA,NA,NA,NA,NA,NA,NA,NA,NA,NA,NA,NA
6,Softmax,True,additive,8,4,4,16,0.2,20,0.6200000047683716,0.5887879133224487,0.001,64,3,2,NA,NA,NA,NA,NA,NA,NA,NA,NA,NA,NA,NA,NA,NA,NA
7,Softmax,True,additive,8,4,4,16,0.2,20,0.688095211982727,0.5505116581916809,0.001,64,3,2,NA,NA,NA,NA,NA,NA,NA,NA,NA,NA,NA,NA,NA,NA,NA
8,Softmax,True,additive,8,4,4,16,0.2,20,0.6623809337615967,0.5163283944129944,0.001,64,3,2,NA,NA,NA,NA,NA,NA,NA,NA,NA,NA,NA,NA,NA,NA,NA
0,Softmax,True,additive,8,4,4,16,0.2,20,0.501253068447113,0.6990047097206116,0.001,64,0,3,NA,NA,NA,NA,NA,NA,NA,NA,NA,NA,NA,NA,NA,NA,NA
1,Softmax,True,additive,8,4,4,16,0.2,20,0.48370927572250366,0.5826097726821899,0.001,64,0,3,NA,NA,NA,NA,NA,NA,NA,NA,NA,NA,NA,NA,NA,NA,NA
2,Softmax,True,additive,8,4,4,16,0.2,20,0.5754386186599731,0.5308716297149658,0.001,64,0,3,NA,NA,NA,NA,NA,NA,NA,NA,NA,NA,NA,NA,NA,NA,NA
3,Softmax,True,additive,8,4,4,16,0.2,20,0.6561403274536133,0.48033082485198975,0.001,64,0,3,NA,NA,NA,NA,NA,NA,NA,NA,NA,NA,NA,NA,NA,NA,NA
4,Softmax,True,additive,8,4,4,16,0.2,20,0.6877192854881287,0.457935631275177,0.001,64,0,3,NA,NA,NA,NA,NA,NA,NA,NA,NA,NA,NA,NA,NA,NA,NA
5,Softmax,True,additive,8,4,4,16,0.2,20,0.6135338544845581,0.41158413887023926,0.001,64,0,3,NA,NA,NA,NA,NA,NA,NA,NA,NA,NA,NA,NA,NA,NA,NA
6,Softmax,True,additive,8,4,4,16,0.2,20,0.6929824352264404,0.3503151834011078,0.001,64,0,3,NA,NA,NA,NA,NA,NA,NA,NA,NA,NA,NA,NA,NA,NA,NA
7,Softmax,True,additive,8,4,4,16,0.2,20,0.7491227984428406,0.3286546468734741,0.001,64,0,3,NA,NA,NA,NA,NA,NA,NA,NA,NA,NA,NA,NA,NA,NA,NA
8,Softmax,True,additive,8,4,4,16,0.2,20,0.845613956451416,0.3185814321041107,0.001,64,0,3,NA,NA,NA,NA,NA,NA,NA,NA,NA,NA,NA,NA,NA,NA,NA
9,Softmax,True,additive,8,4,4,16,0.2,20,0.7942355871200562,0.2828173041343689,0.001,64,0,3,NA,NA,NA,NA,NA,NA,NA,NA,NA,NA,NA,NA,NA,NA,NA
10,Softmax,True,additive,8,4,4,16,0.2,20,0.7375940084457397,0.2864474058151245,0.001,64,0,3,NA,NA,NA,NA,NA,NA,NA,NA,NA,NA,NA,NA,NA,NA,NA
11,Softmax,True,additive,8,4,4,16,0.2,20,0.8771929740905762,0.2362762689590454,0.001,64,0,3,NA,NA,NA,NA,NA,NA,NA,NA,NA,NA,NA,NA,NA,NA,NA
12,Softmax,True,additive,8,4,4,16,0.2,20,0.8807017803192139,0.22513587772846222,0.001,64,0,3,NA,NA,NA,NA,NA,NA,NA,NA,NA,NA,NA,NA,NA,NA,NA
13,Softmax,True,additive,8,4,4,16,0.2,20,0.8877193331718445,0.21255919337272644,0.001,64,0,3,NA,NA,NA,NA,NA,NA,NA,NA,NA,NA,NA,NA,NA,NA,NA
14,Softmax,True,additive,8,4,4,16,0.2,20,0.8912281394004822,0.18117626011371613,0.001,64,0,3,NA,NA,NA,NA,NA,NA,NA,NA,NA,NA,NA,NA,NA,NA,NA
15,Softmax,True,additive,8,4,4,16,0.2,20,0.9017543792724609,0.15719252824783325,0.001,64,0,3,NA,NA,NA,NA,NA,NA,NA,NA,NA,NA,NA,NA,NA,NA,NA
16,Softmax,True,additive,8,4,4,16,0.2,20,0.8661653399467468,0.13625769317150116,0.001,64,0,3,NA,NA,NA,NA,NA,NA,NA,NA,NA,NA,NA,NA,NA,NA,NA
17,Softmax,True,additive,8,4,4,16,0.2,20,0.824561357498169,0.15652135014533997,0.001,64,0,3,NA,NA,NA,NA,NA,NA,NA,NA,NA,NA,NA,NA,NA,NA,NA
18,Softmax,True,additive,8,4,4,16,0.2,20,0.9192981719970703,0.11967200040817261,0.001,64,0,3,NA,NA,NA,NA,NA,NA,NA,NA,NA,NA,NA,NA,NA,NA,NA
19,Softmax,True,additive,8,4,4,16,0.2,20,1.0,0.10821934789419174,0.001,64,0,3,NA,NA,NA,NA,NA,NA,NA,NA,NA,NA,NA,NA,NA,NA,NA
0,Softmax,True,additive,8,4,4,16,0.2,20,0.3684210181236267,0.740520715713501,0.001,64,1,3,NA,NA,NA,NA,NA,NA,NA,NA,NA,NA,NA,NA,NA,NA,NA
1,Softmax,True,additive,8,4,4,16,0.2,20,0.6451128125190735,0.6046373248100281,0.001,64,1,3,NA,NA,NA,NA,NA,NA,NA,NA,NA,NA,NA,NA,NA,NA,NA
2,Softmax,True,additive,8,4,4,16,0.2,20,0.5639097690582275,0.5524587035179138,0.001,64,1,3,NA,NA,NA,NA,NA,NA,NA,NA,NA,NA,NA,NA,NA,NA,NA
3,Softmax,True,additive,8,4,4,16,0.2,20,0.5578947067260742,0.5217218995094299,0.001,64,1,3,NA,NA,NA,NA,NA,NA,NA,NA,NA,NA,NA,NA,NA,NA,NA
4,Softmax,True,additive,8,4,4,16,0.2,20,0.7100250720977783,0.5101794004440308,0.001,64,1,3,NA,NA,NA,NA,NA,NA,NA,NA,NA,NA,NA,NA,NA,NA,NA
5,Softmax,True,additive,8,4,4,16,0.2,20,0.7293232679367065,0.4568760395050049,0.001,64,1,3,NA,NA,NA,NA,NA,NA,NA,NA,NA,NA,NA,NA,NA,NA,NA
6,Softmax,True,additive,8,4,4,16,0.2,20,0.6837093234062195,0.4398437440395355,0.001,64,1,3,NA,NA,NA,NA,NA,NA,NA,NA,NA,NA,NA,NA,NA,NA,NA
7,Softmax,True,additive,8,4,4,16,0.2,20,0.7035087943077087,0.44432488083839417,0.001,64,1,3,NA,NA,NA,NA,NA,NA,NA,NA,NA,NA,NA,NA,NA,NA,NA
8,Softmax,True,additive,8,4,4,16,0.2,20,0.7100250720977783,0.4004247784614563,0.001,64,1,3,NA,NA,NA,NA,NA,NA,NA,NA,NA,NA,NA,NA,NA,NA,NA
0,Softmax,True,additive,8,4,4,16,0.2,20,0.4161904454231262,0.7542272806167603,0.001,64,2,3,NA,NA,NA,NA,NA,NA,NA,NA,NA,NA,NA,NA,NA,NA,NA
1,Softmax,True,additive,8,4,4,16,0.2,20,0.5211904644966125,0.5460565686225891,0.001,64,2,3,NA,NA,NA,NA,NA,NA,NA,NA,NA,NA,NA,NA,NA,NA,NA
2,Softmax,True,additive,8,4,4,16,0.2,20,0.5716665983200073,0.5600899457931519,0.001,64,2,3,NA,NA,NA,NA,NA,NA,NA,NA,NA,NA,NA,NA,NA,NA,NA
3,Softmax,True,additive,8,4,4,16,0.2,20,0.574999988079071,0.5089657306671143,0.001,64,2,3,NA,NA,NA,NA,NA,NA,NA,NA,NA,NA,NA,NA,NA,NA,NA
4,Softmax,True,additive,8,4,4,16,0.2,20,0.6495238542556763,0.48907405138015747,0.001,64,2,3,NA,NA,NA,NA,NA,NA,NA,NA,NA,NA,NA,NA,NA,NA,NA
5,Softmax,True,additive,8,4,4,16,0.2,20,0.49333328008651733,0.4493260681629181,0.001,64,2,3,NA,NA,NA,NA,NA,NA,NA,NA,NA,NA,NA,NA,NA,NA,NA
6,Softmax,True,additive,8,4,4,16,0.2,20,0.7400000095367432,0.40756744146347046,0.001,64,2,3,NA,NA,NA,NA,NA,NA,NA,NA,NA,NA,NA,NA,NA,NA,NA
7,Softmax,True,additive,8,4,4,16,0.2,20,0.6228570938110352,0.40994229912757874,0.001,64,2,3,NA,NA,NA,NA,NA,NA,NA,NA,NA,NA,NA,NA,NA,NA,NA
8,Softmax,True,additive,8,4,4,16,0.2,20,0.6866666674613953,0.37009158730506897,0.001,64,2,3,NA,NA,NA,NA,NA,NA,NA,NA,NA,NA,NA,NA,NA,NA,NA
9,Softmax,True,additive,8,4,4,16,0.2,20,0.71833336353302,0.36215314269065857,0.001,64,2,3,NA,NA,NA,NA,NA,NA,NA,NA,NA,NA,NA,NA,NA,NA,NA
0,Softmax,True,additive,8,4,4,16,0.2,20,0.34952378273010254,0.7043347358703613,0.001,64,3,3,NA,NA,NA,NA,NA,NA,NA,NA,NA,NA,NA,NA,NA,NA,NA
1,Softmax,True,additive,8,4,4,16,0.2,20,0.29999998211860657,0.6859632730484009,0.001,64,3,3,NA,NA,NA,NA,NA,NA,NA,NA,NA,NA,NA,NA,NA,NA,NA
2,Softmax,True,additive,8,4,4,16,0.2,20,0.6366666555404663,0.6040288209915161,0.001,64,3,3,NA,NA,NA,NA,NA,NA,NA,NA,NA,NA,NA,NA,NA,NA,NA
3,Softmax,True,additive,8,4,4,16,0.2,20,0.5861905217170715,0.5697465538978577,0.001,64,3,3,NA,NA,NA,NA,NA,NA,NA,NA,NA,NA,NA,NA,NA,NA,NA
4,Softmax,True,additive,8,4,4,16,0.2,20,0.6050000786781311,0.5230334401130676,0.001,64,3,3,NA,NA,NA,NA,NA,NA,NA,NA,NA,NA,NA,NA,NA,NA,NA
5,Softmax,True,additive,8,4,4,16,0.2,20,0.6795238256454468,0.49457865953445435,0.001,64,3,3,NA,NA,NA,NA,NA,NA,NA,NA,NA,NA,NA,NA,NA,NA,NA
6,Softmax,True,additive,8,4,4,16,0.2,20,0.4650000035762787,0.5244386196136475,0.001,64,3,3,NA,NA,NA,NA,NA,NA,NA,NA,NA,NA,NA,NA,NA,NA,NA
7,Softmax,True,additive,8,4,4,16,0.2,20,0.619523823261261,0.4837132692337036,0.001,64,3,3,NA,NA,NA,NA,NA,NA,NA,NA,NA,NA,NA,NA,NA,NA,NA
8,Softmax,True,additive,8,4,4,16,0.2,20,0.6949999928474426,0.4313773512840271,0.001,64,3,3,NA,NA,NA,NA,NA,NA,NA,NA,NA,NA,NA,NA,NA,NA,NA
9,Softmax,True,additive,8,4,4,16,0.2,20,0.5766666531562805,0.44876644015312195,0.001,64,3,3,NA,NA,NA,NA,NA,NA,NA,NA,NA,NA,NA,NA,NA,NA,NA
10,Softmax,True,additive,8,4,4,16,0.2,20,0.70333331823349,0.42153415083885193,0.001,64,3,3,NA,NA,NA,NA,NA,NA,NA,NA,NA,NA,NA,NA,NA,NA,NA
11,Softmax,True,additive,8,4,4,16,0.2,20,0.7283333539962769,0.4165343642234802,0.001,64,3,3,NA,NA,NA,NA,NA,NA,NA,NA,NA,NA,NA,NA,NA,NA,NA
12,Softmax,True,additive,8,4,4,16,0.2,20,0.7316666841506958,0.3379317820072174,0.001,64,3,3,NA,NA,NA,NA,NA,NA,NA,NA,NA,NA,NA,NA,NA,NA,NA
13,Softmax,True,additive,8,4,4,16,0.2,20,0.7400000095367432,0.3105039894580841,0.001,64,3,3,NA,NA,NA,NA,NA,NA,NA,NA,NA,NA,NA,NA,NA,NA,NA
14,Softmax,True,additive,8,4,4,16,0.2,20,0.7495237588882446,0.2879348397254944,0.001,64,3,3,NA,NA,NA,NA,NA,NA,NA,NA,NA,NA,NA,NA,NA,NA,NA
15,Softmax,True,additive,8,4,4,16,0.2,20,0.7766667008399963,0.2832981050014496,0.001,64,3,3,NA,NA,NA,NA,NA,NA,NA,NA,NA,NA,NA,NA,NA,NA,NA
16,Softmax,True,additive,8,4,4,16,0.2,20,0.7633333206176758,0.2761436700820923,0.001,64,3,3,NA,NA,NA,NA,NA,NA,NA,NA,NA,NA,NA,NA,NA,NA,NA
17,Softmax,True,additive,8,4,4,16,0.2,20,0.7433333396911621,0.27686625719070435,0.001,64,3,3,NA,NA,NA,NA,NA,NA,NA,NA,NA,NA,NA,NA,NA,NA,NA
18,Softmax,True,additive,8,4,4,16,0.2,20,0.78166663646698,0.2577165961265564,0.001,64,3,3,NA,NA,NA,NA,NA,NA,NA,NA,NA,NA,NA,NA,NA,NA,NA
19,Softmax,True,additive,8,4,4,16,0.2,20,0.7066666483879089,0.24143868684768677,0.001,64,3,3,NA,NA,NA,NA,NA,NA,NA,NA,NA,NA,NA,NA,NA,NA,NA
0,Softmax,True,additive,8,4,4,16,0.2,20,0.5811904668807983,0.5972939729690552,0.001,64,0,4,NA,NA,NA,NA,NA,NA,NA,NA,NA,NA,NA,NA,NA,NA,NA
1,Softmax,True,additive,8,4,4,16,0.2,20,0.6028571128845215,0.5353941917419434,0.001,64,0,4,NA,NA,NA,NA,NA,NA,NA,NA,NA,NA,NA,NA,NA,NA,NA
2,Softmax,True,additive,8,4,4,16,0.2,20,0.5316666960716248,0.5245115756988525,0.001,64,0,4,NA,NA,NA,NA,NA,NA,NA,NA,NA,NA,NA,NA,NA,NA,NA
3,Softmax,True,additive,8,4,4,16,0.2,20,0.653333306312561,0.40963664650917053,0.001,64,0,4,NA,NA,NA,NA,NA,NA,NA,NA,NA,NA,NA,NA,NA,NA,NA
4,Softmax,True,additive,8,4,4,16,0.2,20,0.5799999833106995,0.42760226130485535,0.001,64,0,4,NA,NA,NA,NA,NA,NA,NA,NA,NA,NA,NA,NA,NA,NA,NA
5,Softmax,True,additive,8,4,4,16,0.2,20,0.6499999761581421,0.4217228591442108,0.001,64,0,4,NA,NA,NA,NA,NA,NA,NA,NA,NA,NA,NA,NA,NA,NA,NA
6,Softmax,True,additive,8,4,4,16,0.2,20,0.6333333253860474,0.3734261393547058,0.001,64,0,4,NA,NA,NA,NA,NA,NA,NA,NA,NA,NA,NA,NA,NA,NA,NA
0,Softmax,True,additive,8,4,4,16,0.2,20,0.4583333134651184,0.7319052815437317,0.001,64,1,4,NA,NA,NA,NA,NA,NA,NA,NA,NA,NA,NA,NA,NA,NA,NA
1,Softmax,True,additive,8,4,4,16,0.2,20,0.6383333802223206,0.6018698811531067,0.001,64,1,4,NA,NA,NA,NA,NA,NA,NA,NA,NA,NA,NA,NA,NA,NA,NA
2,Softmax,True,additive,8,4,4,16,0.2,20,0.40666666626930237,0.6044561266899109,0.001,64,1,4,NA,NA,NA,NA,NA,NA,NA,NA,NA,NA,NA,NA,NA,NA,NA
3,Softmax,True,additive,8,4,4,16,0.2,20,0.6833332777023315,0.5363298654556274,0.001,64,1,4,NA,NA,NA,NA,NA,NA,NA,NA,NA,NA,NA,NA,NA,NA,NA
4,Softmax,True,additive,8,4,4,16,0.2,20,0.5157142877578735,0.48242679238319397,0.001,64,1,4,NA,NA,NA,NA,NA,NA,NA,NA,NA,NA,NA,NA,NA,NA,NA
5,Softmax,True,additive,8,4,4,16,0.2,20,0.5883333086967468,0.49932652711868286,0.001,64,1,4,NA,NA,NA,NA,NA,NA,NA,NA,NA,NA,NA,NA,NA,NA,NA
6,Softmax,True,additive,8,4,4,16,0.2,20,0.6245237588882446,0.4661952555179596,0.001,64,1,4,NA,NA,NA,NA,NA,NA,NA,NA,NA,NA,NA,NA,NA,NA,NA
0,Softmax,True,additive,8,4,4,16,0.2,20,0.5378571152687073,0.6813259720802307,0.001,64,2,4,NA,NA,NA,NA,NA,NA,NA,NA,NA,NA,NA,NA,NA,NA,NA
1,Softmax,True,additive,8,4,4,16,0.2,20,0.38499993085861206,0.5996031761169434,0.001,64,2,4,NA,NA,NA,NA,NA,NA,NA,NA,NA,NA,NA,NA,NA,NA,NA
2,Softmax,True,additive,8,4,4,16,0.2,20,0.6461904644966125,0.5732382535934448,0.001,64,2,4,NA,NA,NA,NA,NA,NA,NA,NA,NA,NA,NA,NA,NA,NA,NA
3,Softmax,True,additive,8,4,4,16,0.2,20,0.57833331823349,0.49703988432884216,0.001,64,2,4,NA,NA,NA,NA,NA,NA,NA,NA,NA,NA,NA,NA,NA,NA,NA
4,Softmax,True,additive,8,4,4,16,0.2,20,0.5061904788017273,0.4788989722728729,0.001,64,2,4,NA,NA,NA,NA,NA,NA,NA,NA,NA,NA,NA,NA,NA,NA,NA
5,Softmax,True,additive,8,4,4,16,0.2,20,0.3649999499320984,0.5864648818969727,0.001,64,2,4,NA,NA,NA,NA,NA,NA,NA,NA,NA,NA,NA,NA,NA,NA,NA
0,Softmax,True,additive,8,4,4,16,0.2,20,0.4466666281223297,0.6730033755302429,0.001,64,3,4,NA,NA,NA,NA,NA,NA,NA,NA,NA,NA,NA,NA,NA,NA,NA
1,Softmax,True,additive,8,4,4,16,0.2,20,0.5228570699691772,0.6350523233413696,0.001,64,3,4,NA,NA,NA,NA,NA,NA,NA,NA,NA,NA,NA,NA,NA,NA,NA
2,Softmax,True,additive,8,4,4,16,0.2,20,0.5450000166893005,0.5614380240440369,0.001,64,3,4,NA,NA,NA,NA,NA,NA,NA,NA,NA,NA,NA,NA,NA,NA,NA
3,Softmax,True,additive,8,4,4,16,0.2,20,0.6150000095367432,0.5670557022094727,0.001,64,3,4,NA,NA,NA,NA,NA,NA,NA,NA,NA,NA,NA,NA,NA,NA,NA
4,Softmax,True,additive,8,4,4,16,0.2,20,0.3149999678134918,0.6068980693817139,0.001,64,3,4,NA,NA,NA,NA,NA,NA,NA,NA,NA,NA,NA,NA,NA,NA,NA
5,Softmax,True,additive,8,4,4,16,0.2,20,0.6178570985794067,0.5393502712249756,0.001,64,3,4,NA,NA,NA,NA,NA,NA,NA,NA,NA,NA,NA,NA,NA,NA,NA
6,Softmax,True,additive,8,4,4,16,0.2,20,0.5811904668807983,0.4919479191303253,0.001,64,3,4,NA,NA,NA,NA,NA,NA,NA,NA,NA,NA,NA,NA,NA,NA,NA
7,Softmax,True,additive,8,4,4,16,0.2,20,0.6733333468437195,0.48444223403930664,0.001,64,3,4,NA,NA,NA,NA,NA,NA,NA,NA,NA,NA,NA,NA,NA,NA,NA
8,Softmax,True,additive,8,4,4,16,0.2,20,0.6583333611488342,0.440533310174942,0.001,64,3,4,NA,NA,NA,NA,NA,NA,NA,NA,NA,NA,NA,NA,NA,NA,NA
9,Softmax,True,additive,8,4,4,16,0.2,20,0.5683332681655884,0.42505738139152527,0.001,64,3,4,NA,NA,NA,NA,NA,NA,NA,NA,NA,NA,NA,NA,NA,NA,NA
10,Softmax,True,additive,8,4,4,16,0.2,20,0.604523777961731,0.3883236348628998,0.001,64,3,4,NA,NA,NA,NA,NA,NA,NA,NA,NA,NA,NA,NA,NA,NA,NA
0,Softmax,True,additive,8,4,4,16,0.2,20,0.3145237863063812,0.7342998385429382,0.001,64,0,5,NA,NA,NA,NA,NA,NA,NA,NA,NA,NA,NA,NA,NA,NA,NA
1,Softmax,True,additive,8,4,4,16,0.2,20,0.5007141828536987,0.6391456723213196,0.001,64,0,5,NA,NA,NA,NA,NA,NA,NA,NA,NA,NA,NA,NA,NA,NA,NA
2,Softmax,True,additive,8,4,4,16,0.2,20,0.43333330750465393,0.5950407385826111,0.001,64,0,5,NA,NA,NA,NA,NA,NA,NA,NA,NA,NA,NA,NA,NA,NA,NA
3,Softmax,True,additive,8,4,4,16,0.2,20,0.48499998450279236,0.5420904755592346,0.001,64,0,5,NA,NA,NA,NA,NA,NA,NA,NA,NA,NA,NA,NA,NA,NA,NA
4,Softmax,True,additive,8,4,4,16,0.2,20,0.49833327531814575,0.5092970132827759,0.001,64,0,5,NA,NA,NA,NA,NA,NA,NA,NA,NA,NA,NA,NA,NA,NA,NA
0,Softmax,True,additive,8,4,4,16,0.2,20,0.45666661858558655,0.7174709439277649,0.001,64,1,5,NA,NA,NA,NA,NA,NA,NA,NA,NA,NA,NA,NA,NA,NA,NA
1,Softmax,True,additive,8,4,4,16,0.2,20,0.4883333742618561,0.6249516606330872,0.001,64,1,5,NA,NA,NA,NA,NA,NA,NA,NA,NA,NA,NA,NA,NA,NA,NA
2,Softmax,True,additive,8,4,4,16,0.2,20,0.5149999856948853,0.5777137875556946,0.001,64,1,5,NA,NA,NA,NA,NA,NA,NA,NA,NA,NA,NA,NA,NA,NA,NA
3,Softmax,True,additive,8,4,4,16,0.2,20,0.6200000047683716,0.5615125298500061,0.001,64,1,5,NA,NA,NA,NA,NA,NA,NA,NA,NA,NA,NA,NA,NA,NA,NA
4,Softmax,True,additive,8,4,4,16,0.2,20,0.5216666460037231,0.5300830006599426,0.001,64,1,5,NA,NA,NA,NA,NA,NA,NA,NA,NA,NA,NA,NA,NA,NA,NA
5,Softmax,True,additive,8,4,4,16,0.2,20,0.5716666579246521,0.5613728761672974,0.001,64,1,5,NA,NA,NA,NA,NA,NA,NA,NA,NA,NA,NA,NA,NA,NA,NA
6,Softmax,True,additive,8,4,4,16,0.2,20,0.5116666555404663,0.4886001944541931,0.001,64,1,5,NA,NA,NA,NA,NA,NA,NA,NA,NA,NA,NA,NA,NA,NA,NA
0,Softmax,True,additive,8,4,4,16,0.2,20,0.30071425437927246,0.7103374600410461,0.001,64,2,5,NA,NA,NA,NA,NA,NA,NA,NA,NA,NA,NA,NA,NA,NA,NA
1,Softmax,True,additive,8,4,4,16,0.2,20,0.18333330750465393,0.7032890319824219,0.001,64,2,5,NA,NA,NA,NA,NA,NA,NA,NA,NA,NA,NA,NA,NA,NA,NA
2,Softmax,True,additive,8,4,4,16,0.2,20,0.5166666507720947,0.6298050284385681,0.001,64,2,5,NA,NA,NA,NA,NA,NA,NA,NA,NA,NA,NA,NA,NA,NA,NA
3,Softmax,True,additive,8,4,4,16,0.2,20,0.4599999487400055,0.6258640289306641,0.001,64,2,5,NA,NA,NA,NA,NA,NA,NA,NA,NA,NA,NA,NA,NA,NA,NA
4,Softmax,True,additive,8,4,4,16,0.2,20,0.4949999749660492,0.5795408487319946,0.001,64,2,5,NA,NA,NA,NA,NA,NA,NA,NA,NA,NA,NA,NA,NA,NA,NA
5,Softmax,True,additive,8,4,4,16,0.2,20,0.5183332562446594,0.5341889262199402,0.001,64,2,5,NA,NA,NA,NA,NA,NA,NA,NA,NA,NA,NA,NA,NA,NA,NA
6,Softmax,True,additive,8,4,4,16,0.2,20,0.526190459728241,0.5528889894485474,0.001,64,2,5,NA,NA,NA,NA,NA,NA,NA,NA,NA,NA,NA,NA,NA,NA,NA
7,Softmax,True,additive,8,4,4,16,0.2,20,0.5328570604324341,0.5288335084915161,0.001,64,2,5,NA,NA,NA,NA,NA,NA,NA,NA,NA,NA,NA,NA,NA,NA,NA
8,Softmax,True,additive,8,4,4,16,0.2,20,0.5816666483879089,0.46628549695014954,0.001,64,2,5,NA,NA,NA,NA,NA,NA,NA,NA,NA,NA,NA,NA,NA,NA,NA
9,Softmax,True,additive,8,4,4,16,0.2,20,0.6528571844100952,0.447405070066452,0.001,64,2,5,NA,NA,NA,NA,NA,NA,NA,NA,NA,NA,NA,NA,NA,NA,NA
10,Softmax,True,additive,8,4,4,16,0.2,20,0.6550000309944153,0.47909456491470337,0.001,64,2,5,NA,NA,NA,NA,NA,NA,NA,NA,NA,NA,NA,NA,NA,NA,NA
11,Softmax,True,additive,8,4,4,16,0.2,20,0.6749999523162842,0.41729697585105896,0.001,64,2,5,NA,NA,NA,NA,NA,NA,NA,NA,NA,NA,NA,NA,NA,NA,NA
12,Softmax,True,additive,8,4,4,16,0.2,20,0.6833333373069763,0.41517317295074463,0.001,64,2,5,NA,NA,NA,NA,NA,NA,NA,NA,NA,NA,NA,NA,NA,NA,NA
13,Softmax,True,additive,8,4,4,16,0.2,20,0.541190505027771,0.387490451335907,0.001,64,2,5,NA,NA,NA,NA,NA,NA,NA,NA,NA,NA,NA,NA,NA,NA,NA
14,Softmax,True,additive,8,4,4,16,0.2,20,0.6449999809265137,0.39400550723075867,0.001,64,2,5,NA,NA,NA,NA,NA,NA,NA,NA,NA,NA,NA,NA,NA,NA,NA
15,Softmax,True,additive,8,4,4,16,0.2,20,0.7145237922668457,0.4078085422515869,0.001,64,2,5,NA,NA,NA,NA,NA,NA,NA,NA,NA,NA,NA,NA,NA,NA,NA
16,Softmax,True,additive,8,4,4,16,0.2,20,0.7161904573440552,0.3614923059940338,0.001,64,2,5,NA,NA,NA,NA,NA,NA,NA,NA,NA,NA,NA,NA,NA,NA,NA
17,Softmax,True,additive,8,4,4,16,0.2,20,0.7666667103767395,0.3266509473323822,0.001,64,2,5,NA,NA,NA,NA,NA,NA,NA,NA,NA,NA,NA,NA,NA,NA,NA
18,Softmax,True,additive,8,4,4,16,0.2,20,0.8061904907226562,0.3076867461204529,0.001,64,2,5,NA,NA,NA,NA,NA,NA,NA,NA,NA,NA,NA,NA,NA,NA,NA
19,Softmax,True,additive,8,4,4,16,0.2,20,0.6028571724891663,0.34113937616348267,0.001,64,2,5,NA,NA,NA,NA,NA,NA,NA,NA,NA,NA,NA,NA,NA,NA,NA
0,Softmax,True,additive,8,4,4,16,0.2,20,0.44452375173568726,0.6775783896446228,0.001,64,3,5,NA,NA,NA,NA,NA,NA,NA,NA,NA,NA,NA,NA,NA,NA,NA
1,Softmax,True,additive,8,4,4,16,0.2,20,0.4483333230018616,0.636376142501831,0.001,64,3,5,NA,NA,NA,NA,NA,NA,NA,NA,NA,NA,NA,NA,NA,NA,NA
2,Softmax,True,additive,8,4,4,16,0.2,20,0.3333333134651184,0.5981196761131287,0.001,64,3,5,NA,NA,NA,NA,NA,NA,NA,NA,NA,NA,NA,NA,NA,NA,NA
3,Softmax,True,additive,8,4,4,16,0.2,20,0.5433333516120911,0.5738778114318848,0.001,64,3,5,NA,NA,NA,NA,NA,NA,NA,NA,NA,NA,NA,NA,NA,NA,NA
4,Softmax,True,additive,8,4,4,16,0.2,20,0.4566665589809418,0.5943072438240051,0.001,64,3,5,NA,NA,NA,NA,NA,NA,NA,NA,NA,NA,NA,NA,NA,NA,NA
5,Softmax,True,additive,8,4,4,16,0.2,20,0.49119049310684204,0.5431060194969177,0.001,64,3,5,NA,NA,NA,NA,NA,NA,NA,NA,NA,NA,NA,NA,NA,NA,NA
6,Softmax,True,additive,8,4,4,16,0.2,20,0.5950000286102295,0.514205813407898,0.001,64,3,5,NA,NA,NA,NA,NA,NA,NA,NA,NA,NA,NA,NA,NA,NA,NA
7,Softmax,True,additive,8,4,4,16,0.2,20,0.5366666316986084,0.5035247802734375,0.001,64,3,5,NA,NA,NA,NA,NA,NA,NA,NA,NA,NA,NA,NA,NA,NA,NA
8,Softmax,True,additive,8,4,4,16,0.2,20,0.6150000095367432,0.4956960082054138,0.001,64,3,5,NA,NA,NA,NA,NA,NA,NA,NA,NA,NA,NA,NA,NA,NA,NA
9,Softmax,True,additive,8,4,4,16,0.2,20,0.5533333420753479,0.47653859853744507,0.001,64,3,5,NA,NA,NA,NA,NA,NA,NA,NA,NA,NA,NA,NA,NA,NA,NA
10,Softmax,True,additive,8,4,4,16,0.2,20,0.47166672348976135,0.4564448595046997,0.001,64,3,5,NA,NA,NA,NA,NA,NA,NA,NA,NA,NA,NA,NA,NA,NA,NA
11,Softmax,True,additive,8,4,4,16,0.2,20,0.6716666221618652,0.42331498861312866,0.001,64,3,5,NA,NA,NA,NA,NA,NA,NA,NA,NA,NA,NA,NA,NA,NA,NA
12,Softmax,True,additive,8,4,4,16,0.2,20,0.6016666293144226,0.414522260427475,0.001,64,3,5,NA,NA,NA,NA,NA,NA,NA,NA,NA,NA,NA,NA,NA,NA,NA
13,Softmax,True,additive,8,4,4,16,0.2,20,0.550000011920929,0.42790040373802185,0.001,64,3,5,NA,NA,NA,NA,NA,NA,NA,NA,NA,NA,NA,NA,NA,NA,NA
14,Softmax,True,additive,8,4,4,16,0.2,20,0.6595238447189331,0.3828656077384949,0.001,64,3,5,NA,NA,NA,NA,NA,NA,NA,NA,NA,NA,NA,NA,NA,NA,NA
