epoch,att_act,att_hist,att_type,att_units,att_window,batch_size,dense_units,dropout,epochs,keras_f1_score,loss,lr,lstm_units,ofold,task,val_att_act,val_att_hist,val_att_type,val_att_units,val_att_window,val_batch_size,val_dense_units,val_dropout,val_epochs,val_keras_f1_score,val_loss,val_lr,val_lstm_units,val_ofold,val_task
0,Softmax,True,additive,8,4,4,16,0.2,20,0.23984959721565247,0.7059845328330994,0.001,64,0,1,NA,NA,NA,NA,NA,NA,NA,NA,NA,NA,NA,NA,NA,NA,NA
1,Softmax,True,additive,8,4,4,16,0.2,20,0.5315788984298706,0.5844581127166748,0.001,64,0,1,NA,NA,NA,NA,NA,NA,NA,NA,NA,NA,NA,NA,NA,NA,NA
2,Softmax,True,additive,8,4,4,16,0.2,20,0.6240601539611816,0.572087824344635,0.001,64,0,1,NA,NA,NA,NA,NA,NA,NA,NA,NA,NA,NA,NA,NA,NA,NA
3,Softmax,True,additive,8,4,4,16,0.2,20,0.44385966658592224,0.557098925113678,0.001,64,0,1,NA,NA,NA,NA,NA,NA,NA,NA,NA,NA,NA,NA,NA,NA,NA
4,Softmax,True,additive,8,4,4,16,0.2,20,0.5363408327102661,0.5013283491134644,0.001,64,0,1,NA,NA,NA,NA,NA,NA,NA,NA,NA,NA,NA,NA,NA,NA,NA
5,Softmax,True,additive,8,4,4,16,0.2,20,0.5789473652839661,0.5094393491744995,0.001,64,0,1,NA,NA,NA,NA,NA,NA,NA,NA,NA,NA,NA,NA,NA,NA,NA
0,Softmax,True,additive,8,4,4,16,0.2,20,0.46090227365493774,0.6426552534103394,0.001,64,1,1,NA,NA,NA,NA,NA,NA,NA,NA,NA,NA,NA,NA,NA,NA,NA
1,Softmax,True,additive,8,4,4,16,0.2,20,0.5789473652839661,0.5819051861763,0.001,64,1,1,NA,NA,NA,NA,NA,NA,NA,NA,NA,NA,NA,NA,NA,NA,NA
2,Softmax,True,additive,8,4,4,16,0.2,20,0.5609022378921509,0.539850115776062,0.001,64,1,1,NA,NA,NA,NA,NA,NA,NA,NA,NA,NA,NA,NA,NA,NA,NA
3,Softmax,True,additive,8,4,4,16,0.2,20,0.557393491268158,0.4909871816635132,0.001,64,1,1,NA,NA,NA,NA,NA,NA,NA,NA,NA,NA,NA,NA,NA,NA,NA
4,Softmax,True,additive,8,4,4,16,0.2,20,0.5456140637397766,0.45975589752197266,0.001,64,1,1,NA,NA,NA,NA,NA,NA,NA,NA,NA,NA,NA,NA,NA,NA,NA
0,Softmax,True,additive,8,4,4,16,0.2,20,0.48897242546081543,0.6925117373466492,0.001,64,2,1,NA,NA,NA,NA,NA,NA,NA,NA,NA,NA,NA,NA,NA,NA,NA
1,Softmax,True,additive,8,4,4,16,0.2,20,0.6526315808296204,0.5655947327613831,0.001,64,2,1,NA,NA,NA,NA,NA,NA,NA,NA,NA,NA,NA,NA,NA,NA,NA
2,Softmax,True,additive,8,4,4,16,0.2,20,0.5964912176132202,0.5820050239562988,0.001,64,2,1,NA,NA,NA,NA,NA,NA,NA,NA,NA,NA,NA,NA,NA,NA,NA
3,Softmax,True,additive,8,4,4,16,0.2,20,0.6736841797828674,0.6034778356552124,0.001,64,2,1,NA,NA,NA,NA,NA,NA,NA,NA,NA,NA,NA,NA,NA,NA,NA
4,Softmax,True,additive,8,4,4,16,0.2,20,0.6192982196807861,0.5442997217178345,0.001,64,2,1,NA,NA,NA,NA,NA,NA,NA,NA,NA,NA,NA,NA,NA,NA,NA
5,Softmax,True,additive,8,4,4,16,0.2,20,0.6047618985176086,0.517859697341919,0.001,64,2,1,NA,NA,NA,NA,NA,NA,NA,NA,NA,NA,NA,NA,NA,NA,NA
6,Softmax,True,additive,8,4,4,16,0.2,20,0.5157894492149353,0.4956319034099579,0.001,64,2,1,NA,NA,NA,NA,NA,NA,NA,NA,NA,NA,NA,NA,NA,NA,NA
0,Softmax,True,additive,8,4,4,16,0.2,20,0.4714285731315613,0.6916324496269226,0.001,64,3,1,NA,NA,NA,NA,NA,NA,NA,NA,NA,NA,NA,NA,NA,NA,NA
1,Softmax,True,additive,8,4,4,16,0.2,20,0.6035087704658508,0.6045143604278564,0.001,64,3,1,NA,NA,NA,NA,NA,NA,NA,NA,NA,NA,NA,NA,NA,NA,NA
2,Softmax,True,additive,8,4,4,16,0.2,20,0.49473682045936584,0.5237192511558533,0.001,64,3,1,NA,NA,NA,NA,NA,NA,NA,NA,NA,NA,NA,NA,NA,NA,NA
3,Softmax,True,additive,8,4,4,16,0.2,20,0.7263158559799194,0.532778263092041,0.001,64,3,1,NA,NA,NA,NA,NA,NA,NA,NA,NA,NA,NA,NA,NA,NA,NA
4,Softmax,True,additive,8,4,4,16,0.2,20,0.5385964512825012,0.5136067271232605,0.001,64,3,1,NA,NA,NA,NA,NA,NA,NA,NA,NA,NA,NA,NA,NA,NA,NA
5,Softmax,True,additive,8,4,4,16,0.2,20,0.5451127886772156,0.47039327025413513,0.001,64,3,1,NA,NA,NA,NA,NA,NA,NA,NA,NA,NA,NA,NA,NA,NA,NA
6,Softmax,True,additive,8,4,4,16,0.2,20,0.6135337948799133,0.48139703273773193,0.001,64,3,1,NA,NA,NA,NA,NA,NA,NA,NA,NA,NA,NA,NA,NA,NA,NA
0,Softmax,True,additive,8,4,4,16,0.2,20,0.19833332300186157,0.6905955672264099,0.001,64,0,2,NA,NA,NA,NA,NA,NA,NA,NA,NA,NA,NA,NA,NA,NA,NA
1,Softmax,True,additive,8,4,4,16,0.2,20,0.5333333611488342,0.5818511843681335,0.001,64,0,2,NA,NA,NA,NA,NA,NA,NA,NA,NA,NA,NA,NA,NA,NA,NA
2,Softmax,True,additive,8,4,4,16,0.2,20,0.5299999713897705,0.5608420968055725,0.001,64,0,2,NA,NA,NA,NA,NA,NA,NA,NA,NA,NA,NA,NA,NA,NA,NA
3,Softmax,True,additive,8,4,4,16,0.2,20,0.49333328008651733,0.5349316596984863,0.001,64,0,2,NA,NA,NA,NA,NA,NA,NA,NA,NA,NA,NA,NA,NA,NA,NA
4,Softmax,True,additive,8,4,4,16,0.2,20,0.6966665983200073,0.5232941508293152,0.001,64,0,2,NA,NA,NA,NA,NA,NA,NA,NA,NA,NA,NA,NA,NA,NA,NA
5,Softmax,True,additive,8,4,4,16,0.2,20,0.5783332586288452,0.46822869777679443,0.001,64,0,2,NA,NA,NA,NA,NA,NA,NA,NA,NA,NA,NA,NA,NA,NA,NA
6,Softmax,True,additive,8,4,4,16,0.2,20,0.6978570818901062,0.48064690828323364,0.001,64,0,2,NA,NA,NA,NA,NA,NA,NA,NA,NA,NA,NA,NA,NA,NA,NA
7,Softmax,True,additive,8,4,4,16,0.2,20,0.6333333849906921,0.4177166521549225,0.001,64,0,2,NA,NA,NA,NA,NA,NA,NA,NA,NA,NA,NA,NA,NA,NA,NA
8,Softmax,True,additive,8,4,4,16,0.2,20,0.6578571200370789,0.3886193633079529,0.001,64,0,2,NA,NA,NA,NA,NA,NA,NA,NA,NA,NA,NA,NA,NA,NA,NA
9,Softmax,True,additive,8,4,4,16,0.2,20,0.8299999237060547,0.34156134724617004,0.001,64,0,2,NA,NA,NA,NA,NA,NA,NA,NA,NA,NA,NA,NA,NA,NA,NA
10,Softmax,True,additive,8,4,4,16,0.2,20,0.675000011920929,0.3687780499458313,0.001,64,0,2,NA,NA,NA,NA,NA,NA,NA,NA,NA,NA,NA,NA,NA,NA,NA
11,Softmax,True,additive,8,4,4,16,0.2,20,0.7100000381469727,0.29392942786216736,0.001,64,0,2,NA,NA,NA,NA,NA,NA,NA,NA,NA,NA,NA,NA,NA,NA,NA
12,Softmax,True,additive,8,4,4,16,0.2,20,0.8100000619888306,0.29792654514312744,0.001,64,0,2,NA,NA,NA,NA,NA,NA,NA,NA,NA,NA,NA,NA,NA,NA,NA
0,Softmax,True,additive,8,4,4,16,0.2,20,0.41333332657814026,0.6771402359008789,0.001,64,1,2,NA,NA,NA,NA,NA,NA,NA,NA,NA,NA,NA,NA,NA,NA,NA
1,Softmax,True,additive,8,4,4,16,0.2,20,0.48666661977767944,0.5960344672203064,0.001,64,1,2,NA,NA,NA,NA,NA,NA,NA,NA,NA,NA,NA,NA,NA,NA,NA
2,Softmax,True,additive,8,4,4,16,0.2,20,0.5333333611488342,0.5580712556838989,0.001,64,1,2,NA,NA,NA,NA,NA,NA,NA,NA,NA,NA,NA,NA,NA,NA,NA
3,Softmax,True,additive,8,4,4,16,0.2,20,0.5766666531562805,0.5262311100959778,0.001,64,1,2,NA,NA,NA,NA,NA,NA,NA,NA,NA,NA,NA,NA,NA,NA,NA
4,Softmax,True,additive,8,4,4,16,0.2,20,0.6073809862136841,0.49943214654922485,0.001,64,1,2,NA,NA,NA,NA,NA,NA,NA,NA,NA,NA,NA,NA,NA,NA,NA
5,Softmax,True,additive,8,4,4,16,0.2,20,0.557857096195221,0.45534735918045044,0.001,64,1,2,NA,NA,NA,NA,NA,NA,NA,NA,NA,NA,NA,NA,NA,NA,NA
6,Softmax,True,additive,8,4,4,16,0.2,20,0.6407142877578735,0.42558225989341736,0.001,64,1,2,NA,NA,NA,NA,NA,NA,NA,NA,NA,NA,NA,NA,NA,NA,NA
7,Softmax,True,additive,8,4,4,16,0.2,20,0.6200000047683716,0.41661781072616577,0.001,64,1,2,NA,NA,NA,NA,NA,NA,NA,NA,NA,NA,NA,NA,NA,NA,NA
8,Softmax,True,additive,8,4,4,16,0.2,20,0.6795238256454468,0.3913637697696686,0.001,64,1,2,NA,NA,NA,NA,NA,NA,NA,NA,NA,NA,NA,NA,NA,NA,NA
9,Softmax,True,additive,8,4,4,16,0.2,20,0.6861904859542847,0.37071019411087036,0.001,64,1,2,NA,NA,NA,NA,NA,NA,NA,NA,NA,NA,NA,NA,NA,NA,NA
10,Softmax,True,additive,8,4,4,16,0.2,20,0.7528571486473083,0.33838823437690735,0.001,64,1,2,NA,NA,NA,NA,NA,NA,NA,NA,NA,NA,NA,NA,NA,NA,NA
11,Softmax,True,additive,8,4,4,16,0.2,20,0.7266666889190674,0.32469621300697327,0.001,64,1,2,NA,NA,NA,NA,NA,NA,NA,NA,NA,NA,NA,NA,NA,NA,NA
12,Softmax,True,additive,8,4,4,16,0.2,20,0.8050000071525574,0.3099571764469147,0.001,64,1,2,NA,NA,NA,NA,NA,NA,NA,NA,NA,NA,NA,NA,NA,NA,NA
13,Softmax,True,additive,8,4,4,16,0.2,20,0.7190476655960083,0.2778550982475281,0.001,64,1,2,NA,NA,NA,NA,NA,NA,NA,NA,NA,NA,NA,NA,NA,NA,NA
14,Softmax,True,additive,8,4,4,16,0.2,20,0.7757142782211304,0.28031179308891296,0.001,64,1,2,NA,NA,NA,NA,NA,NA,NA,NA,NA,NA,NA,NA,NA,NA,NA
15,Softmax,True,additive,8,4,4,16,0.2,20,0.8128571510314941,0.24886886775493622,0.001,64,1,2,NA,NA,NA,NA,NA,NA,NA,NA,NA,NA,NA,NA,NA,NA,NA
16,Softmax,True,additive,8,4,4,16,0.2,20,0.8299999237060547,0.23401065170764923,0.001,64,1,2,NA,NA,NA,NA,NA,NA,NA,NA,NA,NA,NA,NA,NA,NA,NA
17,Softmax,True,additive,8,4,4,16,0.2,20,0.5907142758369446,0.20311300456523895,0.001,64,1,2,NA,NA,NA,NA,NA,NA,NA,NA,NA,NA,NA,NA,NA,NA,NA
18,Softmax,True,additive,8,4,4,16,0.2,20,0.7866666913032532,0.18996882438659668,0.001,64,1,2,NA,NA,NA,NA,NA,NA,NA,NA,NA,NA,NA,NA,NA,NA,NA
19,Softmax,True,additive,8,4,4,16,0.2,20,0.8333333134651184,0.15103626251220703,0.001,64,1,2,NA,NA,NA,NA,NA,NA,NA,NA,NA,NA,NA,NA,NA,NA,NA
0,Softmax,True,additive,8,4,4,16,0.2,20,0.3266666531562805,0.7141855955123901,0.001,64,2,2,NA,NA,NA,NA,NA,NA,NA,NA,NA,NA,NA,NA,NA,NA,NA
1,Softmax,True,additive,8,4,4,16,0.2,20,0.5733333826065063,0.6115209460258484,0.001,64,2,2,NA,NA,NA,NA,NA,NA,NA,NA,NA,NA,NA,NA,NA,NA,NA
2,Softmax,True,additive,8,4,4,16,0.2,20,0.3816666305065155,0.6013192534446716,0.001,64,2,2,NA,NA,NA,NA,NA,NA,NA,NA,NA,NA,NA,NA,NA,NA,NA
3,Softmax,True,additive,8,4,4,16,0.2,20,0.6128571629524231,0.5772222876548767,0.001,64,2,2,NA,NA,NA,NA,NA,NA,NA,NA,NA,NA,NA,NA,NA,NA,NA
4,Softmax,True,additive,8,4,4,16,0.2,20,0.503333330154419,0.542758047580719,0.001,64,2,2,NA,NA,NA,NA,NA,NA,NA,NA,NA,NA,NA,NA,NA,NA,NA
5,Softmax,True,additive,8,4,4,16,0.2,20,0.5899999737739563,0.5458440780639648,0.001,64,2,2,NA,NA,NA,NA,NA,NA,NA,NA,NA,NA,NA,NA,NA,NA,NA
6,Softmax,True,additive,8,4,4,16,0.2,20,0.5883333086967468,0.4982764422893524,0.001,64,2,2,NA,NA,NA,NA,NA,NA,NA,NA,NA,NA,NA,NA,NA,NA,NA
0,Softmax,True,additive,8,4,4,16,0.2,20,0.3583332896232605,0.6837790012359619,0.001,64,3,2,NA,NA,NA,NA,NA,NA,NA,NA,NA,NA,NA,NA,NA,NA,NA
1,Softmax,True,additive,8,4,4,16,0.2,20,0.4699999690055847,0.6523971557617188,0.001,64,3,2,NA,NA,NA,NA,NA,NA,NA,NA,NA,NA,NA,NA,NA,NA,NA
2,Softmax,True,additive,8,4,4,16,0.2,20,0.5816666483879089,0.5845786333084106,0.001,64,3,2,NA,NA,NA,NA,NA,NA,NA,NA,NA,NA,NA,NA,NA,NA,NA
3,Softmax,True,additive,8,4,4,16,0.2,20,0.5233333110809326,0.6039440631866455,0.001,64,3,2,NA,NA,NA,NA,NA,NA,NA,NA,NA,NA,NA,NA,NA,NA,NA
4,Softmax,True,additive,8,4,4,16,0.2,20,0.6490476131439209,0.5241491198539734,0.001,64,3,2,NA,NA,NA,NA,NA,NA,NA,NA,NA,NA,NA,NA,NA,NA,NA
5,Softmax,True,additive,8,4,4,16,0.2,20,0.71833336353302,0.4865807890892029,0.001,64,3,2,NA,NA,NA,NA,NA,NA,NA,NA,NA,NA,NA,NA,NA,NA,NA
6,Softmax,True,additive,8,4,4,16,0.2,20,0.7711904644966125,0.4526534080505371,0.001,64,3,2,NA,NA,NA,NA,NA,NA,NA,NA,NA,NA,NA,NA,NA,NA,NA
7,Softmax,True,additive,8,4,4,16,0.2,20,0.6411904692649841,0.4607471525669098,0.001,64,3,2,NA,NA,NA,NA,NA,NA,NA,NA,NA,NA,NA,NA,NA,NA,NA
8,Softmax,True,additive,8,4,4,16,0.2,20,0.7549999952316284,0.4189820885658264,0.001,64,3,2,NA,NA,NA,NA,NA,NA,NA,NA,NA,NA,NA,NA,NA,NA,NA
9,Softmax,True,additive,8,4,4,16,0.2,20,0.6578570604324341,0.4472467005252838,0.001,64,3,2,NA,NA,NA,NA,NA,NA,NA,NA,NA,NA,NA,NA,NA,NA,NA
0,Softmax,True,additive,8,4,4,16,0.2,20,0.41528820991516113,0.7488857507705688,0.001,64,0,3,NA,NA,NA,NA,NA,NA,NA,NA,NA,NA,NA,NA,NA,NA,NA
1,Softmax,True,additive,8,4,4,16,0.2,20,0.5872180461883545,0.6185001134872437,0.001,64,0,3,NA,NA,NA,NA,NA,NA,NA,NA,NA,NA,NA,NA,NA,NA,NA
2,Softmax,True,additive,8,4,4,16,0.2,20,0.601754367351532,0.5605964660644531,0.001,64,0,3,NA,NA,NA,NA,NA,NA,NA,NA,NA,NA,NA,NA,NA,NA,NA
3,Softmax,True,additive,8,4,4,16,0.2,20,0.703508734703064,0.5013920664787292,0.001,64,0,3,NA,NA,NA,NA,NA,NA,NA,NA,NA,NA,NA,NA,NA,NA,NA
4,Softmax,True,additive,8,4,4,16,0.2,20,0.680701732635498,0.4628086984157562,0.001,64,0,3,NA,NA,NA,NA,NA,NA,NA,NA,NA,NA,NA,NA,NA,NA,NA
5,Softmax,True,additive,8,4,4,16,0.2,20,0.8117794990539551,0.4362289011478424,0.001,64,0,3,NA,NA,NA,NA,NA,NA,NA,NA,NA,NA,NA,NA,NA,NA,NA
6,Softmax,True,additive,8,4,4,16,0.2,20,0.6964912414550781,0.3938682973384857,0.001,64,0,3,NA,NA,NA,NA,NA,NA,NA,NA,NA,NA,NA,NA,NA,NA,NA
7,Softmax,True,additive,8,4,4,16,0.2,20,0.7438597083091736,0.3768067955970764,0.001,64,0,3,NA,NA,NA,NA,NA,NA,NA,NA,NA,NA,NA,NA,NA,NA,NA
8,Softmax,True,additive,8,4,4,16,0.2,20,0.8140350580215454,0.33903592824935913,0.001,64,0,3,NA,NA,NA,NA,NA,NA,NA,NA,NA,NA,NA,NA,NA,NA,NA
9,Softmax,True,additive,8,4,4,16,0.2,20,0.738596498966217,0.2876399755477905,0.001,64,0,3,NA,NA,NA,NA,NA,NA,NA,NA,NA,NA,NA,NA,NA,NA,NA
10,Softmax,True,additive,8,4,4,16,0.2,20,0.7704259753227234,0.27682822942733765,0.001,64,0,3,NA,NA,NA,NA,NA,NA,NA,NA,NA,NA,NA,NA,NA,NA,NA
11,Softmax,True,additive,8,4,4,16,0.2,20,0.8070175647735596,0.2522151470184326,0.001,64,0,3,NA,NA,NA,NA,NA,NA,NA,NA,NA,NA,NA,NA,NA,NA,NA
0,Softmax,True,additive,8,4,4,16,0.2,20,0.4012531042098999,0.7877436280250549,0.001,64,1,3,NA,NA,NA,NA,NA,NA,NA,NA,NA,NA,NA,NA,NA,NA,NA
1,Softmax,True,additive,8,4,4,16,0.2,20,0.6421052813529968,0.6045252680778503,0.001,64,1,3,NA,NA,NA,NA,NA,NA,NA,NA,NA,NA,NA,NA,NA,NA,NA
2,Softmax,True,additive,8,4,4,16,0.2,20,0.5263157486915588,0.6223742365837097,0.001,64,1,3,NA,NA,NA,NA,NA,NA,NA,NA,NA,NA,NA,NA,NA,NA,NA
3,Softmax,True,additive,8,4,4,16,0.2,20,0.5561403632164001,0.5876682996749878,0.001,64,1,3,NA,NA,NA,NA,NA,NA,NA,NA,NA,NA,NA,NA,NA,NA,NA
4,Softmax,True,additive,8,4,4,16,0.2,20,0.6446115374565125,0.54582279920578,0.001,64,1,3,NA,NA,NA,NA,NA,NA,NA,NA,NA,NA,NA,NA,NA,NA,NA
5,Softmax,True,additive,8,4,4,16,0.2,20,0.7122807502746582,0.5205694437026978,0.001,64,1,3,NA,NA,NA,NA,NA,NA,NA,NA,NA,NA,NA,NA,NA,NA,NA
6,Softmax,True,additive,8,4,4,16,0.2,20,0.7112782001495361,0.44093969464302063,0.001,64,1,3,NA,NA,NA,NA,NA,NA,NA,NA,NA,NA,NA,NA,NA,NA,NA
7,Softmax,True,additive,8,4,4,16,0.2,20,0.6644110083580017,0.4780581593513489,0.001,64,1,3,NA,NA,NA,NA,NA,NA,NA,NA,NA,NA,NA,NA,NA,NA,NA
8,Softmax,True,additive,8,4,4,16,0.2,20,0.6674185395240784,0.43471628427505493,0.001,64,1,3,NA,NA,NA,NA,NA,NA,NA,NA,NA,NA,NA,NA,NA,NA,NA
0,Softmax,True,additive,8,4,4,16,0.2,20,0.374523788690567,0.7207070589065552,0.001,64,2,3,NA,NA,NA,NA,NA,NA,NA,NA,NA,NA,NA,NA,NA,NA,NA
1,Softmax,True,additive,8,4,4,16,0.2,20,0.2916666269302368,0.6193317770957947,0.001,64,2,3,NA,NA,NA,NA,NA,NA,NA,NA,NA,NA,NA,NA,NA,NA,NA
2,Softmax,True,additive,8,4,4,16,0.2,20,0.42666664719581604,0.623202919960022,0.001,64,2,3,NA,NA,NA,NA,NA,NA,NA,NA,NA,NA,NA,NA,NA,NA,NA
3,Softmax,True,additive,8,4,4,16,0.2,20,0.5533333420753479,0.5772170424461365,0.001,64,2,3,NA,NA,NA,NA,NA,NA,NA,NA,NA,NA,NA,NA,NA,NA,NA
4,Softmax,True,additive,8,4,4,16,0.2,20,0.5161904692649841,0.5359322428703308,0.001,64,2,3,NA,NA,NA,NA,NA,NA,NA,NA,NA,NA,NA,NA,NA,NA,NA
5,Softmax,True,additive,8,4,4,16,0.2,20,0.5350000262260437,0.4957251250743866,0.001,64,2,3,NA,NA,NA,NA,NA,NA,NA,NA,NA,NA,NA,NA,NA,NA,NA
6,Softmax,True,additive,8,4,4,16,0.2,20,0.5849999785423279,0.4869413375854492,0.001,64,2,3,NA,NA,NA,NA,NA,NA,NA,NA,NA,NA,NA,NA,NA,NA,NA
7,Softmax,True,additive,8,4,4,16,0.2,20,0.5266666412353516,0.5032902956008911,0.001,64,2,3,NA,NA,NA,NA,NA,NA,NA,NA,NA,NA,NA,NA,NA,NA,NA
8,Softmax,True,additive,8,4,4,16,0.2,20,0.45666664838790894,0.48539695143699646,0.001,64,2,3,NA,NA,NA,NA,NA,NA,NA,NA,NA,NA,NA,NA,NA,NA,NA
9,Softmax,True,additive,8,4,4,16,0.2,20,0.5849999785423279,0.44022607803344727,0.001,64,2,3,NA,NA,NA,NA,NA,NA,NA,NA,NA,NA,NA,NA,NA,NA,NA
0,Softmax,True,additive,8,4,4,16,0.2,20,0.3040475845336914,0.6782413721084595,0.001,64,3,3,NA,NA,NA,NA,NA,NA,NA,NA,NA,NA,NA,NA,NA,NA,NA
1,Softmax,True,additive,8,4,4,16,0.2,20,0.4233333170413971,0.6720490455627441,0.001,64,3,3,NA,NA,NA,NA,NA,NA,NA,NA,NA,NA,NA,NA,NA,NA,NA
2,Softmax,True,additive,8,4,4,16,0.2,20,0.5945237874984741,0.601427435874939,0.001,64,3,3,NA,NA,NA,NA,NA,NA,NA,NA,NA,NA,NA,NA,NA,NA,NA
3,Softmax,True,additive,8,4,4,16,0.2,20,0.3816666305065155,0.5791890621185303,0.001,64,3,3,NA,NA,NA,NA,NA,NA,NA,NA,NA,NA,NA,NA,NA,NA,NA
4,Softmax,True,additive,8,4,4,16,0.2,20,0.7116667032241821,0.5227862596511841,0.001,64,3,3,NA,NA,NA,NA,NA,NA,NA,NA,NA,NA,NA,NA,NA,NA,NA
5,Softmax,True,additive,8,4,4,16,0.2,20,0.6200000047683716,0.5086930990219116,0.001,64,3,3,NA,NA,NA,NA,NA,NA,NA,NA,NA,NA,NA,NA,NA,NA,NA
6,Softmax,True,additive,8,4,4,16,0.2,20,0.6299999952316284,0.49573981761932373,0.001,64,3,3,NA,NA,NA,NA,NA,NA,NA,NA,NA,NA,NA,NA,NA,NA,NA
7,Softmax,True,additive,8,4,4,16,0.2,20,0.6361904740333557,0.46498939394950867,0.001,64,3,3,NA,NA,NA,NA,NA,NA,NA,NA,NA,NA,NA,NA,NA,NA,NA
0,Softmax,True,additive,8,4,4,16,0.2,20,0.5816666483879089,0.6069047451019287,0.001,64,0,4,NA,NA,NA,NA,NA,NA,NA,NA,NA,NA,NA,NA,NA,NA,NA
1,Softmax,True,additive,8,4,4,16,0.2,20,0.5095237493515015,0.5997151136398315,0.001,64,0,4,NA,NA,NA,NA,NA,NA,NA,NA,NA,NA,NA,NA,NA,NA,NA
2,Softmax,True,additive,8,4,4,16,0.2,20,0.5078571438789368,0.5418171286582947,0.001,64,0,4,NA,NA,NA,NA,NA,NA,NA,NA,NA,NA,NA,NA,NA,NA,NA
3,Softmax,True,additive,8,4,4,16,0.2,20,0.5795238018035889,0.4463678300380707,0.001,64,0,4,NA,NA,NA,NA,NA,NA,NA,NA,NA,NA,NA,NA,NA,NA,NA
0,Softmax,True,additive,8,4,4,16,0.2,20,0.4099999964237213,0.676672637462616,0.001,64,1,4,NA,NA,NA,NA,NA,NA,NA,NA,NA,NA,NA,NA,NA,NA,NA
1,Softmax,True,additive,8,4,4,16,0.2,20,0.4066666066646576,0.5754983425140381,0.001,64,1,4,NA,NA,NA,NA,NA,NA,NA,NA,NA,NA,NA,NA,NA,NA,NA
2,Softmax,True,additive,8,4,4,16,0.2,20,0.3633333146572113,0.5608522295951843,0.001,64,1,4,NA,NA,NA,NA,NA,NA,NA,NA,NA,NA,NA,NA,NA,NA,NA
3,Softmax,True,additive,8,4,4,16,0.2,20,0.6766666769981384,0.49892568588256836,0.001,64,1,4,NA,NA,NA,NA,NA,NA,NA,NA,NA,NA,NA,NA,NA,NA,NA
4,Softmax,True,additive,8,4,4,16,0.2,20,0.522857129573822,0.49211010336875916,0.001,64,1,4,NA,NA,NA,NA,NA,NA,NA,NA,NA,NA,NA,NA,NA,NA,NA
5,Softmax,True,additive,8,4,4,16,0.2,20,0.621666669845581,0.5321075320243835,0.001,64,1,4,NA,NA,NA,NA,NA,NA,NA,NA,NA,NA,NA,NA,NA,NA,NA
6,Softmax,True,additive,8,4,4,16,0.2,20,0.6561904549598694,0.4532124400138855,0.001,64,1,4,NA,NA,NA,NA,NA,NA,NA,NA,NA,NA,NA,NA,NA,NA,NA
0,Softmax,True,additive,8,4,4,16,0.2,20,0.4945237636566162,0.6763340830802917,0.001,64,2,4,NA,NA,NA,NA,NA,NA,NA,NA,NA,NA,NA,NA,NA,NA,NA
1,Softmax,True,additive,8,4,4,16,0.2,20,0.41666659712791443,0.6048616766929626,0.001,64,2,4,NA,NA,NA,NA,NA,NA,NA,NA,NA,NA,NA,NA,NA,NA,NA
2,Softmax,True,additive,8,4,4,16,0.2,20,0.6378570795059204,0.5640222430229187,0.001,64,2,4,NA,NA,NA,NA,NA,NA,NA,NA,NA,NA,NA,NA,NA,NA,NA
3,Softmax,True,additive,8,4,4,16,0.2,20,0.5933333039283752,0.533003032207489,0.001,64,2,4,NA,NA,NA,NA,NA,NA,NA,NA,NA,NA,NA,NA,NA,NA,NA
4,Softmax,True,additive,8,4,4,16,0.2,20,0.5245238542556763,0.5098646879196167,0.001,64,2,4,NA,NA,NA,NA,NA,NA,NA,NA,NA,NA,NA,NA,NA,NA,NA
5,Softmax,True,additive,8,4,4,16,0.2,20,0.5383332967758179,0.5251723527908325,0.001,64,2,4,NA,NA,NA,NA,NA,NA,NA,NA,NA,NA,NA,NA,NA,NA,NA
0,Softmax,True,additive,8,4,4,16,0.2,20,0.47833332419395447,0.6974295377731323,0.001,64,3,4,NA,NA,NA,NA,NA,NA,NA,NA,NA,NA,NA,NA,NA,NA,NA
1,Softmax,True,additive,8,4,4,16,0.2,20,0.4645237922668457,0.6461865901947021,0.001,64,3,4,NA,NA,NA,NA,NA,NA,NA,NA,NA,NA,NA,NA,NA,NA,NA
2,Softmax,True,additive,8,4,4,16,0.2,20,0.5878571271896362,0.5744042992591858,0.001,64,3,4,NA,NA,NA,NA,NA,NA,NA,NA,NA,NA,NA,NA,NA,NA,NA
3,Softmax,True,additive,8,4,4,16,0.2,20,0.6050000190734863,0.5570039749145508,0.001,64,3,4,NA,NA,NA,NA,NA,NA,NA,NA,NA,NA,NA,NA,NA,NA,NA
4,Softmax,True,additive,8,4,4,16,0.2,20,0.4233333170413971,0.5557547211647034,0.001,64,3,4,NA,NA,NA,NA,NA,NA,NA,NA,NA,NA,NA,NA,NA,NA,NA
5,Softmax,True,additive,8,4,4,16,0.2,20,0.6416666507720947,0.5148870944976807,0.001,64,3,4,NA,NA,NA,NA,NA,NA,NA,NA,NA,NA,NA,NA,NA,NA,NA
6,Softmax,True,additive,8,4,4,16,0.2,20,0.5895237922668457,0.4645960032939911,0.001,64,3,4,NA,NA,NA,NA,NA,NA,NA,NA,NA,NA,NA,NA,NA,NA,NA
7,Softmax,True,additive,8,4,4,16,0.2,20,0.7150000333786011,0.4447666108608246,0.001,64,3,4,NA,NA,NA,NA,NA,NA,NA,NA,NA,NA,NA,NA,NA,NA,NA
8,Softmax,True,additive,8,4,4,16,0.2,20,0.6666666865348816,0.4199974834918976,0.001,64,3,4,NA,NA,NA,NA,NA,NA,NA,NA,NA,NA,NA,NA,NA,NA,NA
9,Softmax,True,additive,8,4,4,16,0.2,20,0.6183333396911621,0.4242092967033386,0.001,64,3,4,NA,NA,NA,NA,NA,NA,NA,NA,NA,NA,NA,NA,NA,NA,NA
10,Softmax,True,additive,8,4,4,16,0.2,20,0.6000000238418579,0.3611167371273041,0.001,64,3,4,NA,NA,NA,NA,NA,NA,NA,NA,NA,NA,NA,NA,NA,NA,NA
0,Softmax,True,additive,8,4,4,16,0.2,20,0.41452378034591675,0.6843042373657227,0.001,64,0,5,NA,NA,NA,NA,NA,NA,NA,NA,NA,NA,NA,NA,NA,NA,NA
1,Softmax,True,additive,8,4,4,16,0.2,20,0.46833330392837524,0.6495077610015869,0.001,64,0,5,NA,NA,NA,NA,NA,NA,NA,NA,NA,NA,NA,NA,NA,NA,NA
2,Softmax,True,additive,8,4,4,16,0.2,20,0.4249999523162842,0.5888803005218506,0.001,64,0,5,NA,NA,NA,NA,NA,NA,NA,NA,NA,NA,NA,NA,NA,NA,NA
3,Softmax,True,additive,8,4,4,16,0.2,20,0.4516666531562805,0.5779146552085876,0.001,64,0,5,NA,NA,NA,NA,NA,NA,NA,NA,NA,NA,NA,NA,NA,NA,NA
4,Softmax,True,additive,8,4,4,16,0.2,20,0.4633333086967468,0.5419954657554626,0.001,64,0,5,NA,NA,NA,NA,NA,NA,NA,NA,NA,NA,NA,NA,NA,NA,NA
0,Softmax,True,additive,8,4,4,16,0.2,20,0.5383332967758179,0.6636708974838257,0.001,64,1,5,NA,NA,NA,NA,NA,NA,NA,NA,NA,NA,NA,NA,NA,NA,NA
1,Softmax,True,additive,8,4,4,16,0.2,20,0.5049999952316284,0.6321060657501221,0.001,64,1,5,NA,NA,NA,NA,NA,NA,NA,NA,NA,NA,NA,NA,NA,NA,NA
2,Softmax,True,additive,8,4,4,16,0.2,20,0.5483333468437195,0.6008868217468262,0.001,64,1,5,NA,NA,NA,NA,NA,NA,NA,NA,NA,NA,NA,NA,NA,NA,NA
3,Softmax,True,additive,8,4,4,16,0.2,20,0.6399999856948853,0.5735564827919006,0.001,64,1,5,NA,NA,NA,NA,NA,NA,NA,NA,NA,NA,NA,NA,NA,NA,NA
4,Softmax,True,additive,8,4,4,16,0.2,20,0.5366666316986084,0.5239519476890564,0.001,64,1,5,NA,NA,NA,NA,NA,NA,NA,NA,NA,NA,NA,NA,NA,NA,NA
5,Softmax,True,additive,8,4,4,16,0.2,20,0.5907142758369446,0.526634693145752,0.001,64,1,5,NA,NA,NA,NA,NA,NA,NA,NA,NA,NA,NA,NA,NA,NA,NA
6,Softmax,True,additive,8,4,4,16,0.2,20,0.5066666007041931,0.4922959506511688,0.001,64,1,5,NA,NA,NA,NA,NA,NA,NA,NA,NA,NA,NA,NA,NA,NA,NA
0,Softmax,True,additive,8,4,4,16,0.2,20,0.3816666305065155,0.752942681312561,0.001,64,2,5,NA,NA,NA,NA,NA,NA,NA,NA,NA,NA,NA,NA,NA,NA,NA
1,Softmax,True,additive,8,4,4,16,0.2,20,0.39000001549720764,0.6778441071510315,0.001,64,2,5,NA,NA,NA,NA,NA,NA,NA,NA,NA,NA,NA,NA,NA,NA,NA
2,Softmax,True,additive,8,4,4,16,0.2,20,0.49333328008651733,0.6099071502685547,0.001,64,2,5,NA,NA,NA,NA,NA,NA,NA,NA,NA,NA,NA,NA,NA,NA,NA
3,Softmax,True,additive,8,4,4,16,0.2,20,0.4933333396911621,0.5827665328979492,0.001,64,2,5,NA,NA,NA,NA,NA,NA,NA,NA,NA,NA,NA,NA,NA,NA,NA
4,Softmax,True,additive,8,4,4,16,0.2,20,0.528333306312561,0.5873947143554688,0.001,64,2,5,NA,NA,NA,NA,NA,NA,NA,NA,NA,NA,NA,NA,NA,NA,NA
5,Softmax,True,additive,8,4,4,16,0.2,20,0.5149999856948853,0.5596309304237366,0.001,64,2,5,NA,NA,NA,NA,NA,NA,NA,NA,NA,NA,NA,NA,NA,NA,NA
6,Softmax,True,additive,8,4,4,16,0.2,20,0.6661904454231262,0.5463255047798157,0.001,64,2,5,NA,NA,NA,NA,NA,NA,NA,NA,NA,NA,NA,NA,NA,NA,NA
7,Softmax,True,additive,8,4,4,16,0.2,20,0.49619045853614807,0.5247451066970825,0.001,64,2,5,NA,NA,NA,NA,NA,NA,NA,NA,NA,NA,NA,NA,NA,NA,NA
8,Softmax,True,additive,8,4,4,16,0.2,20,0.5578571557998657,0.5088497996330261,0.001,64,2,5,NA,NA,NA,NA,NA,NA,NA,NA,NA,NA,NA,NA,NA,NA,NA
9,Softmax,True,additive,8,4,4,16,0.2,20,0.6550000309944153,0.4692792594432831,0.001,64,2,5,NA,NA,NA,NA,NA,NA,NA,NA,NA,NA,NA,NA,NA,NA,NA
0,Softmax,True,additive,8,4,4,16,0.2,20,0.44999995827674866,0.6818767786026001,0.001,64,3,5,NA,NA,NA,NA,NA,NA,NA,NA,NA,NA,NA,NA,NA,NA,NA
1,Softmax,True,additive,8,4,4,16,0.2,20,0.5561904907226562,0.6137483716011047,0.001,64,3,5,NA,NA,NA,NA,NA,NA,NA,NA,NA,NA,NA,NA,NA,NA,NA
2,Softmax,True,additive,8,4,4,16,0.2,20,0.4966666102409363,0.6262744665145874,0.001,64,3,5,NA,NA,NA,NA,NA,NA,NA,NA,NA,NA,NA,NA,NA,NA,NA
3,Softmax,True,additive,8,4,4,16,0.2,20,0.5816666483879089,0.574563205242157,0.001,64,3,5,NA,NA,NA,NA,NA,NA,NA,NA,NA,NA,NA,NA,NA,NA,NA
4,Softmax,True,additive,8,4,4,16,0.2,20,0.4466666281223297,0.6087614297866821,0.001,64,3,5,NA,NA,NA,NA,NA,NA,NA,NA,NA,NA,NA,NA,NA,NA,NA
5,Softmax,True,additive,8,4,4,16,0.2,20,0.5061904191970825,0.5462349057197571,0.001,64,3,5,NA,NA,NA,NA,NA,NA,NA,NA,NA,NA,NA,NA,NA,NA,NA
6,Softmax,True,additive,8,4,4,16,0.2,20,0.49833330512046814,0.5341678261756897,0.001,64,3,5,NA,NA,NA,NA,NA,NA,NA,NA,NA,NA,NA,NA,NA,NA,NA
