epoch,att_act,att_hist,att_type,att_units,att_window,batch_size,dense_units,dropout,epochs,keras_f1_score,loss,lr,lstm_units,ofold,task,val_att_act,val_att_hist,val_att_type,val_att_units,val_att_window,val_batch_size,val_dense_units,val_dropout,val_epochs,val_keras_f1_score,val_loss,val_lr,val_lstm_units,val_ofold,val_task
0,Softmax,True,additive,8,4,4,16,0.2,20,0.3679197430610657,0.6911669969558716,0.001,64,0,1,NA,NA,NA,NA,NA,NA,NA,NA,NA,NA,NA,NA,NA,NA,NA
1,Softmax,True,additive,8,4,4,16,0.2,20,0.6964913010597229,0.5657376050949097,0.001,64,0,1,NA,NA,NA,NA,NA,NA,NA,NA,NA,NA,NA,NA,NA,NA,NA
2,Softmax,True,additive,8,4,4,16,0.2,20,0.5363407731056213,0.5403329730033875,0.001,64,0,1,NA,NA,NA,NA,NA,NA,NA,NA,NA,NA,NA,NA,NA,NA,NA
3,Softmax,True,additive,8,4,4,16,0.2,20,0.5298245549201965,0.5719525218009949,0.001,64,0,1,NA,NA,NA,NA,NA,NA,NA,NA,NA,NA,NA,NA,NA,NA,NA
4,Softmax,True,additive,8,4,4,16,0.2,20,0.601754367351532,0.499952495098114,0.001,64,0,1,NA,NA,NA,NA,NA,NA,NA,NA,NA,NA,NA,NA,NA,NA,NA
0,Softmax,True,additive,8,4,4,16,0.2,20,0.3310776650905609,0.6965242624282837,0.001,64,1,1,NA,NA,NA,NA,NA,NA,NA,NA,NA,NA,NA,NA,NA,NA,NA
1,Softmax,True,additive,8,4,4,16,0.2,20,0.5807016491889954,0.5405246019363403,0.001,64,1,1,NA,NA,NA,NA,NA,NA,NA,NA,NA,NA,NA,NA,NA,NA,NA
2,Softmax,True,additive,8,4,4,16,0.2,20,0.5964911580085754,0.5255095362663269,0.001,64,1,1,NA,NA,NA,NA,NA,NA,NA,NA,NA,NA,NA,NA,NA,NA,NA
3,Softmax,True,additive,8,4,4,16,0.2,20,0.5456140637397766,0.48075413703918457,0.001,64,1,1,NA,NA,NA,NA,NA,NA,NA,NA,NA,NA,NA,NA,NA,NA,NA
4,Softmax,True,additive,8,4,4,16,0.2,20,0.5456140637397766,0.49043920636177063,0.001,64,1,1,NA,NA,NA,NA,NA,NA,NA,NA,NA,NA,NA,NA,NA,NA,NA
5,Softmax,True,additive,8,4,4,16,0.2,20,0.5385964512825012,0.45902279019355774,0.001,64,1,1,NA,NA,NA,NA,NA,NA,NA,NA,NA,NA,NA,NA,NA,NA,NA
0,Softmax,True,additive,8,4,4,16,0.2,20,0.38020047545433044,0.6646990776062012,0.001,64,2,1,NA,NA,NA,NA,NA,NA,NA,NA,NA,NA,NA,NA,NA,NA,NA
1,Softmax,True,additive,8,4,4,16,0.2,20,0.6451127529144287,0.5877277255058289,0.001,64,2,1,NA,NA,NA,NA,NA,NA,NA,NA,NA,NA,NA,NA,NA,NA,NA
2,Softmax,True,additive,8,4,4,16,0.2,20,0.4999999403953552,0.5874698162078857,0.001,64,2,1,NA,NA,NA,NA,NA,NA,NA,NA,NA,NA,NA,NA,NA,NA,NA
3,Softmax,True,additive,8,4,4,16,0.2,20,0.7017543911933899,0.5619651675224304,0.001,64,2,1,NA,NA,NA,NA,NA,NA,NA,NA,NA,NA,NA,NA,NA,NA,NA
4,Softmax,True,additive,8,4,4,16,0.2,20,0.6192982196807861,0.5277431607246399,0.001,64,2,1,NA,NA,NA,NA,NA,NA,NA,NA,NA,NA,NA,NA,NA,NA,NA
5,Softmax,True,additive,8,4,4,16,0.2,20,0.6035087704658508,0.5314757823944092,0.001,64,2,1,NA,NA,NA,NA,NA,NA,NA,NA,NA,NA,NA,NA,NA,NA,NA
6,Softmax,True,additive,8,4,4,16,0.2,20,0.5578946471214294,0.47580230236053467,0.001,64,2,1,NA,NA,NA,NA,NA,NA,NA,NA,NA,NA,NA,NA,NA,NA,NA
0,Softmax,True,additive,8,4,4,16,0.2,20,0.5122806429862976,0.6416230201721191,0.001,64,3,1,NA,NA,NA,NA,NA,NA,NA,NA,NA,NA,NA,NA,NA,NA,NA
1,Softmax,True,additive,8,4,4,16,0.2,20,0.5877193212509155,0.599288821220398,0.001,64,3,1,NA,NA,NA,NA,NA,NA,NA,NA,NA,NA,NA,NA,NA,NA,NA
2,Softmax,True,additive,8,4,4,16,0.2,20,0.45087718963623047,0.5257290601730347,0.001,64,3,1,NA,NA,NA,NA,NA,NA,NA,NA,NA,NA,NA,NA,NA,NA,NA
3,Softmax,True,additive,8,4,4,16,0.2,20,0.7175438404083252,0.5162591338157654,0.001,64,3,1,NA,NA,NA,NA,NA,NA,NA,NA,NA,NA,NA,NA,NA,NA,NA
4,Softmax,True,additive,8,4,4,16,0.2,20,0.5982456207275391,0.4700264036655426,0.001,64,3,1,NA,NA,NA,NA,NA,NA,NA,NA,NA,NA,NA,NA,NA,NA,NA
5,Softmax,True,additive,8,4,4,16,0.2,20,0.5907267928123474,0.4749511778354645,0.001,64,3,1,NA,NA,NA,NA,NA,NA,NA,NA,NA,NA,NA,NA,NA,NA,NA
6,Softmax,True,additive,8,4,4,16,0.2,20,0.5877192616462708,0.47634413838386536,0.001,64,3,1,NA,NA,NA,NA,NA,NA,NA,NA,NA,NA,NA,NA,NA,NA,NA
0,Softmax,True,additive,8,4,4,16,0.2,20,0.13666664063930511,0.6815218329429626,0.001,64,0,2,NA,NA,NA,NA,NA,NA,NA,NA,NA,NA,NA,NA,NA,NA,NA
1,Softmax,True,additive,8,4,4,16,0.2,20,0.3166666328907013,0.6312177777290344,0.001,64,0,2,NA,NA,NA,NA,NA,NA,NA,NA,NA,NA,NA,NA,NA,NA,NA
2,Softmax,True,additive,8,4,4,16,0.2,20,0.3916666507720947,0.6152238845825195,0.001,64,0,2,NA,NA,NA,NA,NA,NA,NA,NA,NA,NA,NA,NA,NA,NA,NA
3,Softmax,True,additive,8,4,4,16,0.2,20,0.4666666090488434,0.5775042176246643,0.001,64,0,2,NA,NA,NA,NA,NA,NA,NA,NA,NA,NA,NA,NA,NA,NA,NA
4,Softmax,True,additive,8,4,4,16,0.2,20,0.6466666460037231,0.5826377868652344,0.001,64,0,2,NA,NA,NA,NA,NA,NA,NA,NA,NA,NA,NA,NA,NA,NA,NA
5,Softmax,True,additive,8,4,4,16,0.2,20,0.6233333349227905,0.5554688572883606,0.001,64,0,2,NA,NA,NA,NA,NA,NA,NA,NA,NA,NA,NA,NA,NA,NA,NA
6,Softmax,True,additive,8,4,4,16,0.2,20,0.5083333253860474,0.5374966859817505,0.001,64,0,2,NA,NA,NA,NA,NA,NA,NA,NA,NA,NA,NA,NA,NA,NA,NA
7,Softmax,True,additive,8,4,4,16,0.2,20,0.6016666293144226,0.530128002166748,0.001,64,0,2,NA,NA,NA,NA,NA,NA,NA,NA,NA,NA,NA,NA,NA,NA,NA
0,Softmax,True,additive,8,4,4,16,0.2,20,0.3516666293144226,0.6663522720336914,0.001,64,1,2,NA,NA,NA,NA,NA,NA,NA,NA,NA,NA,NA,NA,NA,NA,NA
1,Softmax,True,additive,8,4,4,16,0.2,20,0.5750001072883606,0.6094688773155212,0.001,64,1,2,NA,NA,NA,NA,NA,NA,NA,NA,NA,NA,NA,NA,NA,NA,NA
2,Softmax,True,additive,8,4,4,16,0.2,20,0.5900000333786011,0.559849202632904,0.001,64,1,2,NA,NA,NA,NA,NA,NA,NA,NA,NA,NA,NA,NA,NA,NA,NA
3,Softmax,True,additive,8,4,4,16,0.2,20,0.4461904466152191,0.5237410664558411,0.001,64,1,2,NA,NA,NA,NA,NA,NA,NA,NA,NA,NA,NA,NA,NA,NA,NA
4,Softmax,True,additive,8,4,4,16,0.2,20,0.642380952835083,0.5232582092285156,0.001,64,1,2,NA,NA,NA,NA,NA,NA,NA,NA,NA,NA,NA,NA,NA,NA,NA
5,Softmax,True,additive,8,4,4,16,0.2,20,0.43333330750465393,0.5240539908409119,0.001,64,1,2,NA,NA,NA,NA,NA,NA,NA,NA,NA,NA,NA,NA,NA,NA,NA
6,Softmax,True,additive,8,4,4,16,0.2,20,0.5883333683013916,0.4411168098449707,0.001,64,1,2,NA,NA,NA,NA,NA,NA,NA,NA,NA,NA,NA,NA,NA,NA,NA
7,Softmax,True,additive,8,4,4,16,0.2,20,0.5633333325386047,0.4281330704689026,0.001,64,1,2,NA,NA,NA,NA,NA,NA,NA,NA,NA,NA,NA,NA,NA,NA,NA
0,Softmax,True,additive,8,4,4,16,0.2,20,0.37285715341567993,0.684263288974762,0.001,64,2,2,NA,NA,NA,NA,NA,NA,NA,NA,NA,NA,NA,NA,NA,NA,NA
1,Softmax,True,additive,8,4,4,16,0.2,20,0.5361904501914978,0.6260139346122742,0.001,64,2,2,NA,NA,NA,NA,NA,NA,NA,NA,NA,NA,NA,NA,NA,NA,NA
2,Softmax,True,additive,8,4,4,16,0.2,20,0.5778571367263794,0.5412746667861938,0.001,64,2,2,NA,NA,NA,NA,NA,NA,NA,NA,NA,NA,NA,NA,NA,NA,NA
3,Softmax,True,additive,8,4,4,16,0.2,20,0.6316666603088379,0.5906703472137451,0.001,64,2,2,NA,NA,NA,NA,NA,NA,NA,NA,NA,NA,NA,NA,NA,NA,NA
4,Softmax,True,additive,8,4,4,16,0.2,20,0.5233333110809326,0.5397900342941284,0.001,64,2,2,NA,NA,NA,NA,NA,NA,NA,NA,NA,NA,NA,NA,NA,NA,NA
5,Softmax,True,additive,8,4,4,16,0.2,20,0.7083333730697632,0.4854060411453247,0.001,64,2,2,NA,NA,NA,NA,NA,NA,NA,NA,NA,NA,NA,NA,NA,NA,NA
6,Softmax,True,additive,8,4,4,16,0.2,20,0.6533333659172058,0.47592514753341675,0.001,64,2,2,NA,NA,NA,NA,NA,NA,NA,NA,NA,NA,NA,NA,NA,NA,NA
7,Softmax,True,additive,8,4,4,16,0.2,20,0.6645237803459167,0.46688178181648254,0.001,64,2,2,NA,NA,NA,NA,NA,NA,NA,NA,NA,NA,NA,NA,NA,NA,NA
8,Softmax,True,additive,8,4,4,16,0.2,20,0.7561904191970825,0.42243683338165283,0.001,64,2,2,NA,NA,NA,NA,NA,NA,NA,NA,NA,NA,NA,NA,NA,NA,NA
9,Softmax,True,additive,8,4,4,16,0.2,20,0.6599999666213989,0.3823888897895813,0.001,64,2,2,NA,NA,NA,NA,NA,NA,NA,NA,NA,NA,NA,NA,NA,NA,NA
10,Softmax,True,additive,8,4,4,16,0.2,20,0.6399999856948853,0.3718045651912689,0.001,64,2,2,NA,NA,NA,NA,NA,NA,NA,NA,NA,NA,NA,NA,NA,NA,NA
11,Softmax,True,additive,8,4,4,16,0.2,20,0.7895237803459167,0.3161393702030182,0.001,64,2,2,NA,NA,NA,NA,NA,NA,NA,NA,NA,NA,NA,NA,NA,NA,NA
12,Softmax,True,additive,8,4,4,16,0.2,20,0.6366666555404663,0.31783002614974976,0.001,64,2,2,NA,NA,NA,NA,NA,NA,NA,NA,NA,NA,NA,NA,NA,NA,NA
13,Softmax,True,additive,8,4,4,16,0.2,20,0.7395237684249878,0.3093755543231964,0.001,64,2,2,NA,NA,NA,NA,NA,NA,NA,NA,NA,NA,NA,NA,NA,NA,NA
14,Softmax,True,additive,8,4,4,16,0.2,20,0.7878571152687073,0.2805246114730835,0.001,64,2,2,NA,NA,NA,NA,NA,NA,NA,NA,NA,NA,NA,NA,NA,NA,NA
0,Softmax,True,additive,8,4,4,16,0.2,20,0.5266666412353516,0.6523572206497192,0.001,64,3,2,NA,NA,NA,NA,NA,NA,NA,NA,NA,NA,NA,NA,NA,NA,NA
1,Softmax,True,additive,8,4,4,16,0.2,20,0.5545238256454468,0.6130867004394531,0.001,64,3,2,NA,NA,NA,NA,NA,NA,NA,NA,NA,NA,NA,NA,NA,NA,NA
2,Softmax,True,additive,8,4,4,16,0.2,20,0.6483333706855774,0.5624481439590454,0.001,64,3,2,NA,NA,NA,NA,NA,NA,NA,NA,NA,NA,NA,NA,NA,NA,NA
3,Softmax,True,additive,8,4,4,16,0.2,20,0.5266666412353516,0.5538674592971802,0.001,64,3,2,NA,NA,NA,NA,NA,NA,NA,NA,NA,NA,NA,NA,NA,NA,NA
4,Softmax,True,additive,8,4,4,16,0.2,20,0.5628570914268494,0.5427369475364685,0.001,64,3,2,NA,NA,NA,NA,NA,NA,NA,NA,NA,NA,NA,NA,NA,NA,NA
5,Softmax,True,additive,8,4,4,16,0.2,20,0.6599999666213989,0.4955139756202698,0.001,64,3,2,NA,NA,NA,NA,NA,NA,NA,NA,NA,NA,NA,NA,NA,NA,NA
6,Softmax,True,additive,8,4,4,16,0.2,20,0.5033332705497742,0.47337043285369873,0.001,64,3,2,NA,NA,NA,NA,NA,NA,NA,NA,NA,NA,NA,NA,NA,NA,NA
7,Softmax,True,additive,8,4,4,16,0.2,20,0.6861904859542847,0.4699871242046356,0.001,64,3,2,NA,NA,NA,NA,NA,NA,NA,NA,NA,NA,NA,NA,NA,NA,NA
8,Softmax,True,additive,8,4,4,16,0.2,20,0.7416666746139526,0.4395388960838318,0.001,64,3,2,NA,NA,NA,NA,NA,NA,NA,NA,NA,NA,NA,NA,NA,NA,NA
9,Softmax,True,additive,8,4,4,16,0.2,20,0.6699999570846558,0.3840623199939728,0.001,64,3,2,NA,NA,NA,NA,NA,NA,NA,NA,NA,NA,NA,NA,NA,NA,NA
10,Softmax,True,additive,8,4,4,16,0.2,20,0.5816666483879089,0.3862103819847107,0.001,64,3,2,NA,NA,NA,NA,NA,NA,NA,NA,NA,NA,NA,NA,NA,NA,NA
11,Softmax,True,additive,8,4,4,16,0.2,20,0.7795237898826599,0.42189109325408936,0.001,64,3,2,NA,NA,NA,NA,NA,NA,NA,NA,NA,NA,NA,NA,NA,NA,NA
12,Softmax,True,additive,8,4,4,16,0.2,20,0.7816666960716248,0.3491160273551941,0.001,64,3,2,NA,NA,NA,NA,NA,NA,NA,NA,NA,NA,NA,NA,NA,NA,NA
13,Softmax,True,additive,8,4,4,16,0.2,20,0.7700000405311584,0.2747911810874939,0.001,64,3,2,NA,NA,NA,NA,NA,NA,NA,NA,NA,NA,NA,NA,NA,NA,NA
14,Softmax,True,additive,8,4,4,16,0.2,20,0.8828571438789368,0.25761836767196655,0.001,64,3,2,NA,NA,NA,NA,NA,NA,NA,NA,NA,NA,NA,NA,NA,NA,NA
15,Softmax,True,additive,8,4,4,16,0.2,20,0.7899999618530273,0.21836403012275696,0.001,64,3,2,NA,NA,NA,NA,NA,NA,NA,NA,NA,NA,NA,NA,NA,NA,NA
16,Softmax,True,additive,8,4,4,16,0.2,20,0.7566666603088379,0.24070872366428375,0.001,64,3,2,NA,NA,NA,NA,NA,NA,NA,NA,NA,NA,NA,NA,NA,NA,NA
17,Softmax,True,additive,8,4,4,16,0.2,20,0.7828571796417236,0.20658190548419952,0.001,64,3,2,NA,NA,NA,NA,NA,NA,NA,NA,NA,NA,NA,NA,NA,NA,NA
0,Softmax,True,additive,8,4,4,16,0.2,20,0.38721799850463867,0.7411426305770874,0.001,64,0,3,NA,NA,NA,NA,NA,NA,NA,NA,NA,NA,NA,NA,NA,NA,NA
1,Softmax,True,additive,8,4,4,16,0.2,20,0.46090221405029297,0.6255292892456055,0.001,64,0,3,NA,NA,NA,NA,NA,NA,NA,NA,NA,NA,NA,NA,NA,NA,NA
2,Softmax,True,additive,8,4,4,16,0.2,20,0.43107765913009644,0.5967394113540649,0.001,64,0,3,NA,NA,NA,NA,NA,NA,NA,NA,NA,NA,NA,NA,NA,NA,NA
3,Softmax,True,additive,8,4,4,16,0.2,20,0.6754385828971863,0.5258119702339172,0.001,64,0,3,NA,NA,NA,NA,NA,NA,NA,NA,NA,NA,NA,NA,NA,NA,NA
4,Softmax,True,additive,8,4,4,16,0.2,20,0.6087719202041626,0.46818074584007263,0.001,64,0,3,NA,NA,NA,NA,NA,NA,NA,NA,NA,NA,NA,NA,NA,NA,NA
5,Softmax,True,additive,8,4,4,16,0.2,20,0.688972532749176,0.4471507966518402,0.001,64,0,3,NA,NA,NA,NA,NA,NA,NA,NA,NA,NA,NA,NA,NA,NA,NA
6,Softmax,True,additive,8,4,4,16,0.2,20,0.6491227149963379,0.43808043003082275,0.001,64,0,3,NA,NA,NA,NA,NA,NA,NA,NA,NA,NA,NA,NA,NA,NA,NA
7,Softmax,True,additive,8,4,4,16,0.2,20,0.7526315450668335,0.38162896037101746,0.001,64,0,3,NA,NA,NA,NA,NA,NA,NA,NA,NA,NA,NA,NA,NA,NA,NA
8,Softmax,True,additive,8,4,4,16,0.2,20,0.7368420362472534,0.320763498544693,0.001,64,0,3,NA,NA,NA,NA,NA,NA,NA,NA,NA,NA,NA,NA,NA,NA,NA
9,Softmax,True,additive,8,4,4,16,0.2,20,0.7503759264945984,0.30158379673957825,0.001,64,0,3,NA,NA,NA,NA,NA,NA,NA,NA,NA,NA,NA,NA,NA,NA,NA
10,Softmax,True,additive,8,4,4,16,0.2,20,0.7558897137641907,0.27852293848991394,0.001,64,0,3,NA,NA,NA,NA,NA,NA,NA,NA,NA,NA,NA,NA,NA,NA,NA
11,Softmax,True,additive,8,4,4,16,0.2,20,0.8701754212379456,0.239315465092659,0.001,64,0,3,NA,NA,NA,NA,NA,NA,NA,NA,NA,NA,NA,NA,NA,NA,NA
12,Softmax,True,additive,8,4,4,16,0.2,20,0.8631578683853149,0.2554529905319214,0.001,64,0,3,NA,NA,NA,NA,NA,NA,NA,NA,NA,NA,NA,NA,NA,NA,NA
13,Softmax,True,additive,8,4,4,16,0.2,20,0.8877193331718445,0.20779600739479065,0.001,64,0,3,NA,NA,NA,NA,NA,NA,NA,NA,NA,NA,NA,NA,NA,NA,NA
14,Softmax,True,additive,8,4,4,16,0.2,20,0.8666666746139526,0.2067493349313736,0.001,64,0,3,NA,NA,NA,NA,NA,NA,NA,NA,NA,NA,NA,NA,NA,NA,NA
15,Softmax,True,additive,8,4,4,16,0.2,20,0.8854635953903198,0.18035709857940674,0.001,64,0,3,NA,NA,NA,NA,NA,NA,NA,NA,NA,NA,NA,NA,NA,NA,NA
16,Softmax,True,additive,8,4,4,16,0.2,20,0.859147846698761,0.15827986598014832,0.001,64,0,3,NA,NA,NA,NA,NA,NA,NA,NA,NA,NA,NA,NA,NA,NA,NA
0,Softmax,True,additive,8,4,4,16,0.2,20,0.4719298481941223,0.7445632219314575,0.001,64,1,3,NA,NA,NA,NA,NA,NA,NA,NA,NA,NA,NA,NA,NA,NA,NA
1,Softmax,True,additive,8,4,4,16,0.2,20,0.6649123430252075,0.5866633057594299,0.001,64,1,3,NA,NA,NA,NA,NA,NA,NA,NA,NA,NA,NA,NA,NA,NA,NA
2,Softmax,True,additive,8,4,4,16,0.2,20,0.6030074954032898,0.5638632774353027,0.001,64,1,3,NA,NA,NA,NA,NA,NA,NA,NA,NA,NA,NA,NA,NA,NA,NA
3,Softmax,True,additive,8,4,4,16,0.2,20,0.5666667222976685,0.5552376508712769,0.001,64,1,3,NA,NA,NA,NA,NA,NA,NA,NA,NA,NA,NA,NA,NA,NA,NA
4,Softmax,True,additive,8,4,4,16,0.2,20,0.6182957887649536,0.4891427755355835,0.001,64,1,3,NA,NA,NA,NA,NA,NA,NA,NA,NA,NA,NA,NA,NA,NA,NA
0,Softmax,True,additive,8,4,4,16,0.2,20,0.4011904299259186,0.7407641410827637,0.001,64,2,3,NA,NA,NA,NA,NA,NA,NA,NA,NA,NA,NA,NA,NA,NA,NA
1,Softmax,True,additive,8,4,4,16,0.2,20,0.25833332538604736,0.590840756893158,0.001,64,2,3,NA,NA,NA,NA,NA,NA,NA,NA,NA,NA,NA,NA,NA,NA,NA
2,Softmax,True,additive,8,4,4,16,0.2,20,0.5533332824707031,0.6169741153717041,0.001,64,2,3,NA,NA,NA,NA,NA,NA,NA,NA,NA,NA,NA,NA,NA,NA,NA
3,Softmax,True,additive,8,4,4,16,0.2,20,0.6150000095367432,0.594607412815094,0.001,64,2,3,NA,NA,NA,NA,NA,NA,NA,NA,NA,NA,NA,NA,NA,NA,NA
4,Softmax,True,additive,8,4,4,16,0.2,20,0.5852380990982056,0.5224149227142334,0.001,64,2,3,NA,NA,NA,NA,NA,NA,NA,NA,NA,NA,NA,NA,NA,NA,NA
5,Softmax,True,additive,8,4,4,16,0.2,20,0.5083333253860474,0.49196910858154297,0.001,64,2,3,NA,NA,NA,NA,NA,NA,NA,NA,NA,NA,NA,NA,NA,NA,NA
6,Softmax,True,additive,8,4,4,16,0.2,20,0.6599999666213989,0.509949803352356,0.001,64,2,3,NA,NA,NA,NA,NA,NA,NA,NA,NA,NA,NA,NA,NA,NA,NA
7,Softmax,True,additive,8,4,4,16,0.2,20,0.6411904692649841,0.46266165375709534,0.001,64,2,3,NA,NA,NA,NA,NA,NA,NA,NA,NA,NA,NA,NA,NA,NA,NA
8,Softmax,True,additive,8,4,4,16,0.2,20,0.596666693687439,0.46367695927619934,0.001,64,2,3,NA,NA,NA,NA,NA,NA,NA,NA,NA,NA,NA,NA,NA,NA,NA
9,Softmax,True,additive,8,4,4,16,0.2,20,0.6783333420753479,0.42364832758903503,0.001,64,2,3,NA,NA,NA,NA,NA,NA,NA,NA,NA,NA,NA,NA,NA,NA,NA
10,Softmax,True,additive,8,4,4,16,0.2,20,0.5961905121803284,0.42384135723114014,0.001,64,2,3,NA,NA,NA,NA,NA,NA,NA,NA,NA,NA,NA,NA,NA,NA,NA
11,Softmax,True,additive,8,4,4,16,0.2,20,0.6245237588882446,0.3713108003139496,0.001,64,2,3,NA,NA,NA,NA,NA,NA,NA,NA,NA,NA,NA,NA,NA,NA,NA
12,Softmax,True,additive,8,4,4,16,0.2,20,0.6223808526992798,0.38112643361091614,0.001,64,2,3,NA,NA,NA,NA,NA,NA,NA,NA,NA,NA,NA,NA,NA,NA,NA
0,Softmax,True,additive,8,4,4,16,0.2,20,0.23785710334777832,0.7081406712532043,0.001,64,3,3,NA,NA,NA,NA,NA,NA,NA,NA,NA,NA,NA,NA,NA,NA,NA
1,Softmax,True,additive,8,4,4,16,0.2,20,0.32499998807907104,0.6423472166061401,0.001,64,3,3,NA,NA,NA,NA,NA,NA,NA,NA,NA,NA,NA,NA,NA,NA,NA
2,Softmax,True,additive,8,4,4,16,0.2,20,0.6061904430389404,0.607299268245697,0.001,64,3,3,NA,NA,NA,NA,NA,NA,NA,NA,NA,NA,NA,NA,NA,NA,NA
3,Softmax,True,additive,8,4,4,16,0.2,20,0.5383332967758179,0.5622938871383667,0.001,64,3,3,NA,NA,NA,NA,NA,NA,NA,NA,NA,NA,NA,NA,NA,NA,NA
4,Softmax,True,additive,8,4,4,16,0.2,20,0.6600000262260437,0.5178858041763306,0.001,64,3,3,NA,NA,NA,NA,NA,NA,NA,NA,NA,NA,NA,NA,NA,NA,NA
5,Softmax,True,additive,8,4,4,16,0.2,20,0.5845237970352173,0.46618014574050903,0.001,64,3,3,NA,NA,NA,NA,NA,NA,NA,NA,NA,NA,NA,NA,NA,NA,NA
6,Softmax,True,additive,8,4,4,16,0.2,20,0.5366666316986084,0.47702017426490784,0.001,64,3,3,NA,NA,NA,NA,NA,NA,NA,NA,NA,NA,NA,NA,NA,NA,NA
7,Softmax,True,additive,8,4,4,16,0.2,20,0.6461904644966125,0.4643658697605133,0.001,64,3,3,NA,NA,NA,NA,NA,NA,NA,NA,NA,NA,NA,NA,NA,NA,NA
0,Softmax,True,additive,8,4,4,16,0.2,20,0.528333306312561,0.6663212180137634,0.001,64,0,4,NA,NA,NA,NA,NA,NA,NA,NA,NA,NA,NA,NA,NA,NA,NA
1,Softmax,True,additive,8,4,4,16,0.2,20,0.601190447807312,0.5405391454696655,0.001,64,0,4,NA,NA,NA,NA,NA,NA,NA,NA,NA,NA,NA,NA,NA,NA,NA
2,Softmax,True,additive,8,4,4,16,0.2,20,0.4483333230018616,0.48888877034187317,0.001,64,0,4,NA,NA,NA,NA,NA,NA,NA,NA,NA,NA,NA,NA,NA,NA,NA
3,Softmax,True,additive,8,4,4,16,0.2,20,0.6366666555404663,0.437038779258728,0.001,64,0,4,NA,NA,NA,NA,NA,NA,NA,NA,NA,NA,NA,NA,NA,NA,NA
4,Softmax,True,additive,8,4,4,16,0.2,20,0.5799999833106995,0.40658462047576904,0.001,64,0,4,NA,NA,NA,NA,NA,NA,NA,NA,NA,NA,NA,NA,NA,NA,NA
5,Softmax,True,additive,8,4,4,16,0.2,20,0.6028571724891663,0.4781586229801178,0.001,64,0,4,NA,NA,NA,NA,NA,NA,NA,NA,NA,NA,NA,NA,NA,NA,NA
6,Softmax,True,additive,8,4,4,16,0.2,20,0.5899999737739563,0.40945786237716675,0.001,64,0,4,NA,NA,NA,NA,NA,NA,NA,NA,NA,NA,NA,NA,NA,NA,NA
0,Softmax,True,additive,8,4,4,16,0.2,20,0.53166663646698,0.6776427030563354,0.001,64,1,4,NA,NA,NA,NA,NA,NA,NA,NA,NA,NA,NA,NA,NA,NA,NA
1,Softmax,True,additive,8,4,4,16,0.2,20,0.6666666269302368,0.5570881962776184,0.001,64,1,4,NA,NA,NA,NA,NA,NA,NA,NA,NA,NA,NA,NA,NA,NA,NA
2,Softmax,True,additive,8,4,4,16,0.2,20,0.47499996423721313,0.5738202333450317,0.001,64,1,4,NA,NA,NA,NA,NA,NA,NA,NA,NA,NA,NA,NA,NA,NA,NA
3,Softmax,True,additive,8,4,4,16,0.2,20,0.6933333277702332,0.5018203258514404,0.001,64,1,4,NA,NA,NA,NA,NA,NA,NA,NA,NA,NA,NA,NA,NA,NA,NA
4,Softmax,True,additive,8,4,4,16,0.2,20,0.4823809266090393,0.4668208658695221,0.001,64,1,4,NA,NA,NA,NA,NA,NA,NA,NA,NA,NA,NA,NA,NA,NA,NA
5,Softmax,True,additive,8,4,4,16,0.2,20,0.621666669845581,0.47315365076065063,0.001,64,1,4,NA,NA,NA,NA,NA,NA,NA,NA,NA,NA,NA,NA,NA,NA,NA
6,Softmax,True,additive,8,4,4,16,0.2,20,0.6561904549598694,0.4329376816749573,0.001,64,1,4,NA,NA,NA,NA,NA,NA,NA,NA,NA,NA,NA,NA,NA,NA,NA
0,Softmax,True,additive,8,4,4,16,0.2,20,0.4357143044471741,0.6792564392089844,0.001,64,2,4,NA,NA,NA,NA,NA,NA,NA,NA,NA,NA,NA,NA,NA,NA,NA
1,Softmax,True,additive,8,4,4,16,0.2,20,0.43166661262512207,0.588862955570221,0.001,64,2,4,NA,NA,NA,NA,NA,NA,NA,NA,NA,NA,NA,NA,NA,NA,NA
2,Softmax,True,additive,8,4,4,16,0.2,20,0.6295238137245178,0.594375491142273,0.001,64,2,4,NA,NA,NA,NA,NA,NA,NA,NA,NA,NA,NA,NA,NA,NA,NA
3,Softmax,True,additive,8,4,4,16,0.2,20,0.59333336353302,0.5534296631813049,0.001,64,2,4,NA,NA,NA,NA,NA,NA,NA,NA,NA,NA,NA,NA,NA,NA,NA
4,Softmax,True,additive,8,4,4,16,0.2,20,0.5645238161087036,0.5292016267776489,0.001,64,2,4,NA,NA,NA,NA,NA,NA,NA,NA,NA,NA,NA,NA,NA,NA,NA
5,Softmax,True,additive,8,4,4,16,0.2,20,0.6228571534156799,0.5256882905960083,0.001,64,2,4,NA,NA,NA,NA,NA,NA,NA,NA,NA,NA,NA,NA,NA,NA,NA
0,Softmax,True,additive,8,4,4,16,0.2,20,0.4011904299259186,0.68598872423172,0.001,64,3,4,NA,NA,NA,NA,NA,NA,NA,NA,NA,NA,NA,NA,NA,NA,NA
1,Softmax,True,additive,8,4,4,16,0.2,20,0.44999995827674866,0.6198068857192993,0.001,64,3,4,NA,NA,NA,NA,NA,NA,NA,NA,NA,NA,NA,NA,NA,NA,NA
2,Softmax,True,additive,8,4,4,16,0.2,20,0.5116666555404663,0.5674272775650024,0.001,64,3,4,NA,NA,NA,NA,NA,NA,NA,NA,NA,NA,NA,NA,NA,NA,NA
3,Softmax,True,additive,8,4,4,16,0.2,20,0.5649999976158142,0.5738415718078613,0.001,64,3,4,NA,NA,NA,NA,NA,NA,NA,NA,NA,NA,NA,NA,NA,NA,NA
4,Softmax,True,additive,8,4,4,16,0.2,20,0.3466666340827942,0.5822243094444275,0.001,64,3,4,NA,NA,NA,NA,NA,NA,NA,NA,NA,NA,NA,NA,NA,NA,NA
5,Softmax,True,additive,8,4,4,16,0.2,20,0.4949999749660492,0.5535557866096497,0.001,64,3,4,NA,NA,NA,NA,NA,NA,NA,NA,NA,NA,NA,NA,NA,NA,NA
6,Softmax,True,additive,8,4,4,16,0.2,20,0.42666664719581604,0.5294245481491089,0.001,64,3,4,NA,NA,NA,NA,NA,NA,NA,NA,NA,NA,NA,NA,NA,NA,NA
0,Softmax,True,additive,8,4,4,16,0.2,20,0.40785712003707886,0.7152516841888428,0.001,64,0,5,NA,NA,NA,NA,NA,NA,NA,NA,NA,NA,NA,NA,NA,NA,NA
1,Softmax,True,additive,8,4,4,16,0.2,20,0.4366666376590729,0.6227309703826904,0.001,64,0,5,NA,NA,NA,NA,NA,NA,NA,NA,NA,NA,NA,NA,NA,NA,NA
2,Softmax,True,additive,8,4,4,16,0.2,20,0.39833328127861023,0.6229481101036072,0.001,64,0,5,NA,NA,NA,NA,NA,NA,NA,NA,NA,NA,NA,NA,NA,NA,NA
3,Softmax,True,additive,8,4,4,16,0.2,20,0.4699999690055847,0.5890762209892273,0.001,64,0,5,NA,NA,NA,NA,NA,NA,NA,NA,NA,NA,NA,NA,NA,NA,NA
4,Softmax,True,additive,8,4,4,16,0.2,20,0.4249999523162842,0.583188533782959,0.001,64,0,5,NA,NA,NA,NA,NA,NA,NA,NA,NA,NA,NA,NA,NA,NA,NA
5,Softmax,True,additive,8,4,4,16,0.2,20,0.528333306312561,0.5650166869163513,0.001,64,0,5,NA,NA,NA,NA,NA,NA,NA,NA,NA,NA,NA,NA,NA,NA,NA
6,Softmax,True,additive,8,4,4,16,0.2,20,0.4483333230018616,0.5330803394317627,0.001,64,0,5,NA,NA,NA,NA,NA,NA,NA,NA,NA,NA,NA,NA,NA,NA,NA
7,Softmax,True,additive,8,4,4,16,0.2,20,0.4411904215812683,0.464327871799469,0.001,64,0,5,NA,NA,NA,NA,NA,NA,NA,NA,NA,NA,NA,NA,NA,NA,NA
8,Softmax,True,additive,8,4,4,16,0.2,20,0.4816666543483734,0.4857999086380005,0.001,64,0,5,NA,NA,NA,NA,NA,NA,NA,NA,NA,NA,NA,NA,NA,NA,NA
0,Softmax,True,additive,8,4,4,16,0.2,20,0.38333332538604736,0.6856486797332764,0.001,64,1,5,NA,NA,NA,NA,NA,NA,NA,NA,NA,NA,NA,NA,NA,NA,NA
1,Softmax,True,additive,8,4,4,16,0.2,20,0.356666624546051,0.6239264607429504,0.001,64,1,5,NA,NA,NA,NA,NA,NA,NA,NA,NA,NA,NA,NA,NA,NA,NA
2,Softmax,True,additive,8,4,4,16,0.2,20,0.4649999737739563,0.5938897728919983,0.001,64,1,5,NA,NA,NA,NA,NA,NA,NA,NA,NA,NA,NA,NA,NA,NA,NA
3,Softmax,True,additive,8,4,4,16,0.2,20,0.6966667175292969,0.5896400213241577,0.001,64,1,5,NA,NA,NA,NA,NA,NA,NA,NA,NA,NA,NA,NA,NA,NA,NA
4,Softmax,True,additive,8,4,4,16,0.2,20,0.5366666913032532,0.5112094879150391,0.001,64,1,5,NA,NA,NA,NA,NA,NA,NA,NA,NA,NA,NA,NA,NA,NA,NA
5,Softmax,True,additive,8,4,4,16,0.2,20,0.5840476155281067,0.5558508038520813,0.001,64,1,5,NA,NA,NA,NA,NA,NA,NA,NA,NA,NA,NA,NA,NA,NA,NA
6,Softmax,True,additive,8,4,4,16,0.2,20,0.5099999308586121,0.5459930896759033,0.001,64,1,5,NA,NA,NA,NA,NA,NA,NA,NA,NA,NA,NA,NA,NA,NA,NA
0,Softmax,True,additive,8,4,4,16,0.2,20,0.2866666615009308,0.7287041544914246,0.001,64,2,5,NA,NA,NA,NA,NA,NA,NA,NA,NA,NA,NA,NA,NA,NA,NA
1,Softmax,True,additive,8,4,4,16,0.2,20,0.35999998450279236,0.6898800134658813,0.001,64,2,5,NA,NA,NA,NA,NA,NA,NA,NA,NA,NA,NA,NA,NA,NA,NA
2,Softmax,True,additive,8,4,4,16,0.2,20,0.5349999666213989,0.6172202229499817,0.001,64,2,5,NA,NA,NA,NA,NA,NA,NA,NA,NA,NA,NA,NA,NA,NA,NA
3,Softmax,True,additive,8,4,4,16,0.2,20,0.5366666913032532,0.6240212917327881,0.001,64,2,5,NA,NA,NA,NA,NA,NA,NA,NA,NA,NA,NA,NA,NA,NA,NA
4,Softmax,True,additive,8,4,4,16,0.2,20,0.4899999499320984,0.5855572819709778,0.001,64,2,5,NA,NA,NA,NA,NA,NA,NA,NA,NA,NA,NA,NA,NA,NA,NA
5,Softmax,True,additive,8,4,4,16,0.2,20,0.46833330392837524,0.5363633036613464,0.001,64,2,5,NA,NA,NA,NA,NA,NA,NA,NA,NA,NA,NA,NA,NA,NA,NA
6,Softmax,True,additive,8,4,4,16,0.2,20,0.5828571319580078,0.5460494160652161,0.001,64,2,5,NA,NA,NA,NA,NA,NA,NA,NA,NA,NA,NA,NA,NA,NA,NA
7,Softmax,True,additive,8,4,4,16,0.2,20,0.47999995946884155,0.49961569905281067,0.001,64,2,5,NA,NA,NA,NA,NA,NA,NA,NA,NA,NA,NA,NA,NA,NA,NA
8,Softmax,True,additive,8,4,4,16,0.2,20,0.5533333420753479,0.49981728196144104,0.001,64,2,5,NA,NA,NA,NA,NA,NA,NA,NA,NA,NA,NA,NA,NA,NA,NA
9,Softmax,True,additive,8,4,4,16,0.2,20,0.6349999904632568,0.47322171926498413,0.001,64,2,5,NA,NA,NA,NA,NA,NA,NA,NA,NA,NA,NA,NA,NA,NA,NA
10,Softmax,True,additive,8,4,4,16,0.2,20,0.7200000286102295,0.4860498011112213,0.001,64,2,5,NA,NA,NA,NA,NA,NA,NA,NA,NA,NA,NA,NA,NA,NA,NA
11,Softmax,True,additive,8,4,4,16,0.2,20,0.6545237302780151,0.4372842609882355,0.001,64,2,5,NA,NA,NA,NA,NA,NA,NA,NA,NA,NA,NA,NA,NA,NA,NA
12,Softmax,True,additive,8,4,4,16,0.2,20,0.653333306312561,0.44774767756462097,0.001,64,2,5,NA,NA,NA,NA,NA,NA,NA,NA,NA,NA,NA,NA,NA,NA,NA
13,Softmax,True,additive,8,4,4,16,0.2,20,0.5911904573440552,0.41167527437210083,0.001,64,2,5,NA,NA,NA,NA,NA,NA,NA,NA,NA,NA,NA,NA,NA,NA,NA
0,Softmax,True,additive,8,4,4,16,0.2,20,0.3411904573440552,0.6809616088867188,0.001,64,3,5,NA,NA,NA,NA,NA,NA,NA,NA,NA,NA,NA,NA,NA,NA,NA
1,Softmax,True,additive,8,4,4,16,0.2,20,0.5149999856948853,0.6201050877571106,0.001,64,3,5,NA,NA,NA,NA,NA,NA,NA,NA,NA,NA,NA,NA,NA,NA,NA
2,Softmax,True,additive,8,4,4,16,0.2,20,0.4483333230018616,0.5960479378700256,0.001,64,3,5,NA,NA,NA,NA,NA,NA,NA,NA,NA,NA,NA,NA,NA,NA,NA
3,Softmax,True,additive,8,4,4,16,0.2,20,0.5478571057319641,0.5498150587081909,0.001,64,3,5,NA,NA,NA,NA,NA,NA,NA,NA,NA,NA,NA,NA,NA,NA,NA
4,Softmax,True,additive,8,4,4,16,0.2,20,0.4399999678134918,0.5767613053321838,0.001,64,3,5,NA,NA,NA,NA,NA,NA,NA,NA,NA,NA,NA,NA,NA,NA,NA
5,Softmax,True,additive,8,4,4,16,0.2,20,0.5407143235206604,0.5696030855178833,0.001,64,3,5,NA,NA,NA,NA,NA,NA,NA,NA,NA,NA,NA,NA,NA,NA,NA
6,Softmax,True,additive,8,4,4,16,0.2,20,0.5099999904632568,0.5013588666915894,0.001,64,3,5,NA,NA,NA,NA,NA,NA,NA,NA,NA,NA,NA,NA,NA,NA,NA
