epoch,att_act,att_hist,att_type,att_units,att_window,batch_size,dense_units,dropout,epochs,keras_f1_score,loss,lr,lstm_units,ofold,task,val_att_act,val_att_hist,val_att_type,val_att_units,val_att_window,val_batch_size,val_dense_units,val_dropout,val_epochs,val_keras_f1_score,val_loss,val_lr,val_lstm_units,val_ofold,val_task
0,Softmax,True,additive,8,4,4,16,0.2,20,0.40300750732421875,0.7214173674583435,0.001,64,0,1,NA,NA,NA,NA,NA,NA,NA,NA,NA,NA,NA,NA,NA,NA,NA
1,Softmax,True,additive,8,4,4,16,0.2,20,0.5754386186599731,0.5966050624847412,0.001,64,0,1,NA,NA,NA,NA,NA,NA,NA,NA,NA,NA,NA,NA,NA,NA,NA
2,Softmax,True,additive,8,4,4,16,0.2,20,0.6112781167030334,0.5482022166252136,0.001,64,0,1,NA,NA,NA,NA,NA,NA,NA,NA,NA,NA,NA,NA,NA,NA,NA
3,Softmax,True,additive,8,4,4,16,0.2,20,0.47894740104675293,0.5266293883323669,0.001,64,0,1,NA,NA,NA,NA,NA,NA,NA,NA,NA,NA,NA,NA,NA,NA,NA
4,Softmax,True,additive,8,4,4,16,0.2,20,0.5433583855628967,0.48579198122024536,0.001,64,0,1,NA,NA,NA,NA,NA,NA,NA,NA,NA,NA,NA,NA,NA,NA,NA
5,Softmax,True,additive,8,4,4,16,0.2,20,0.6333333253860474,0.4644183814525604,0.001,64,0,1,NA,NA,NA,NA,NA,NA,NA,NA,NA,NA,NA,NA,NA,NA,NA
6,Softmax,True,additive,8,4,4,16,0.2,20,0.6894736289978027,0.4474991261959076,0.001,64,0,1,NA,NA,NA,NA,NA,NA,NA,NA,NA,NA,NA,NA,NA,NA,NA
7,Softmax,True,additive,8,4,4,16,0.2,20,0.6350876688957214,0.42415884137153625,0.001,64,0,1,NA,NA,NA,NA,NA,NA,NA,NA,NA,NA,NA,NA,NA,NA,NA
8,Softmax,True,additive,8,4,4,16,0.2,20,0.5999999046325684,0.43894606828689575,0.001,64,0,1,NA,NA,NA,NA,NA,NA,NA,NA,NA,NA,NA,NA,NA,NA,NA
9,Softmax,True,additive,8,4,4,16,0.2,20,0.6666666269302368,0.3557240664958954,0.001,64,0,1,NA,NA,NA,NA,NA,NA,NA,NA,NA,NA,NA,NA,NA,NA,NA
0,Softmax,True,additive,8,4,4,16,0.2,20,0.4491227865219116,0.6418759822845459,0.001,64,1,1,NA,NA,NA,NA,NA,NA,NA,NA,NA,NA,NA,NA,NA,NA,NA
1,Softmax,True,additive,8,4,4,16,0.2,20,0.5333333015441895,0.5348689556121826,0.001,64,1,1,NA,NA,NA,NA,NA,NA,NA,NA,NA,NA,NA,NA,NA,NA,NA
2,Softmax,True,additive,8,4,4,16,0.2,20,0.5421051979064941,0.5215694308280945,0.001,64,1,1,NA,NA,NA,NA,NA,NA,NA,NA,NA,NA,NA,NA,NA,NA,NA
3,Softmax,True,additive,8,4,4,16,0.2,20,0.5771929621696472,0.48355650901794434,0.001,64,1,1,NA,NA,NA,NA,NA,NA,NA,NA,NA,NA,NA,NA,NA,NA,NA
4,Softmax,True,additive,8,4,4,16,0.2,20,0.5912280082702637,0.4566911458969116,0.001,64,1,1,NA,NA,NA,NA,NA,NA,NA,NA,NA,NA,NA,NA,NA,NA,NA
5,Softmax,True,additive,8,4,4,16,0.2,20,0.5912280082702637,0.45698994398117065,0.001,64,1,1,NA,NA,NA,NA,NA,NA,NA,NA,NA,NA,NA,NA,NA,NA,NA
6,Softmax,True,additive,8,4,4,16,0.2,20,0.5052631497383118,0.46101248264312744,0.001,64,1,1,NA,NA,NA,NA,NA,NA,NA,NA,NA,NA,NA,NA,NA,NA,NA
7,Softmax,True,additive,8,4,4,16,0.2,20,0.6140350103378296,0.4302709400653839,0.001,64,1,1,NA,NA,NA,NA,NA,NA,NA,NA,NA,NA,NA,NA,NA,NA,NA
8,Softmax,True,additive,8,4,4,16,0.2,20,0.5578947067260742,0.39310020208358765,0.001,64,1,1,NA,NA,NA,NA,NA,NA,NA,NA,NA,NA,NA,NA,NA,NA,NA
9,Softmax,True,additive,8,4,4,16,0.2,20,0.5561403632164001,0.3703370690345764,0.001,64,1,1,NA,NA,NA,NA,NA,NA,NA,NA,NA,NA,NA,NA,NA,NA,NA
10,Softmax,True,additive,8,4,4,16,0.2,20,0.6035087704658508,0.36118775606155396,0.001,64,1,1,NA,NA,NA,NA,NA,NA,NA,NA,NA,NA,NA,NA,NA,NA,NA
0,Softmax,True,additive,8,4,4,16,0.2,20,0.34385961294174194,0.715161144733429,0.001,64,2,1,NA,NA,NA,NA,NA,NA,NA,NA,NA,NA,NA,NA,NA,NA,NA
1,Softmax,True,additive,8,4,4,16,0.2,20,0.5310776829719543,0.6197633743286133,0.001,64,2,1,NA,NA,NA,NA,NA,NA,NA,NA,NA,NA,NA,NA,NA,NA,NA
2,Softmax,True,additive,8,4,4,16,0.2,20,0.621052622795105,0.591748058795929,0.001,64,2,1,NA,NA,NA,NA,NA,NA,NA,NA,NA,NA,NA,NA,NA,NA,NA
3,Softmax,True,additive,8,4,4,16,0.2,20,0.6122806668281555,0.5433375239372253,0.001,64,2,1,NA,NA,NA,NA,NA,NA,NA,NA,NA,NA,NA,NA,NA,NA,NA
4,Softmax,True,additive,8,4,4,16,0.2,20,0.5771929621696472,0.5856983661651611,0.001,64,2,1,NA,NA,NA,NA,NA,NA,NA,NA,NA,NA,NA,NA,NA,NA,NA
5,Softmax,True,additive,8,4,4,16,0.2,20,0.6223057508468628,0.514765739440918,0.001,64,2,1,NA,NA,NA,NA,NA,NA,NA,NA,NA,NA,NA,NA,NA,NA,NA
6,Softmax,True,additive,8,4,4,16,0.2,20,0.5543859601020813,0.5253672003746033,0.001,64,2,1,NA,NA,NA,NA,NA,NA,NA,NA,NA,NA,NA,NA,NA,NA,NA
7,Softmax,True,additive,8,4,4,16,0.2,20,0.6140350699424744,0.5276848077774048,0.001,64,2,1,NA,NA,NA,NA,NA,NA,NA,NA,NA,NA,NA,NA,NA,NA,NA
8,Softmax,True,additive,8,4,4,16,0.2,20,0.563157856464386,0.43974563479423523,0.001,64,2,1,NA,NA,NA,NA,NA,NA,NA,NA,NA,NA,NA,NA,NA,NA,NA
0,Softmax,True,additive,8,4,4,16,0.2,20,0.48245614767074585,0.6890912055969238,0.001,64,3,1,NA,NA,NA,NA,NA,NA,NA,NA,NA,NA,NA,NA,NA,NA,NA
1,Softmax,True,additive,8,4,4,16,0.2,20,0.5859649181365967,0.5738840699195862,0.001,64,3,1,NA,NA,NA,NA,NA,NA,NA,NA,NA,NA,NA,NA,NA,NA,NA
2,Softmax,True,additive,8,4,4,16,0.2,20,0.5719298124313354,0.5302122235298157,0.001,64,3,1,NA,NA,NA,NA,NA,NA,NA,NA,NA,NA,NA,NA,NA,NA,NA
3,Softmax,True,additive,8,4,4,16,0.2,20,0.6666666865348816,0.5292908549308777,0.001,64,3,1,NA,NA,NA,NA,NA,NA,NA,NA,NA,NA,NA,NA,NA,NA,NA
4,Softmax,True,additive,8,4,4,16,0.2,20,0.6070175170898438,0.4999631643295288,0.001,64,3,1,NA,NA,NA,NA,NA,NA,NA,NA,NA,NA,NA,NA,NA,NA,NA
5,Softmax,True,additive,8,4,4,16,0.2,20,0.5942355990409851,0.47998666763305664,0.001,64,3,1,NA,NA,NA,NA,NA,NA,NA,NA,NA,NA,NA,NA,NA,NA,NA
6,Softmax,True,additive,8,4,4,16,0.2,20,0.641603946685791,0.45093780755996704,0.001,64,3,1,NA,NA,NA,NA,NA,NA,NA,NA,NA,NA,NA,NA,NA,NA,NA
0,Softmax,True,additive,8,4,4,16,0.2,20,0.2966666519641876,0.679932177066803,0.001,64,0,2,NA,NA,NA,NA,NA,NA,NA,NA,NA,NA,NA,NA,NA,NA,NA
1,Softmax,True,additive,8,4,4,16,0.2,20,0.5583333373069763,0.5781264901161194,0.001,64,0,2,NA,NA,NA,NA,NA,NA,NA,NA,NA,NA,NA,NA,NA,NA,NA
2,Softmax,True,additive,8,4,4,16,0.2,20,0.5949999690055847,0.5328450202941895,0.001,64,0,2,NA,NA,NA,NA,NA,NA,NA,NA,NA,NA,NA,NA,NA,NA,NA
3,Softmax,True,additive,8,4,4,16,0.2,20,0.5566666722297668,0.48900124430656433,0.001,64,0,2,NA,NA,NA,NA,NA,NA,NA,NA,NA,NA,NA,NA,NA,NA,NA
4,Softmax,True,additive,8,4,4,16,0.2,20,0.6061905026435852,0.4966590702533722,0.001,64,0,2,NA,NA,NA,NA,NA,NA,NA,NA,NA,NA,NA,NA,NA,NA,NA
5,Softmax,True,additive,8,4,4,16,0.2,20,0.67166668176651,0.44130998849868774,0.001,64,0,2,NA,NA,NA,NA,NA,NA,NA,NA,NA,NA,NA,NA,NA,NA,NA
6,Softmax,True,additive,8,4,4,16,0.2,20,0.7257142663002014,0.3987225890159607,0.001,64,0,2,NA,NA,NA,NA,NA,NA,NA,NA,NA,NA,NA,NA,NA,NA,NA
7,Softmax,True,additive,8,4,4,16,0.2,20,0.7116667032241821,0.3563927412033081,0.001,64,0,2,NA,NA,NA,NA,NA,NA,NA,NA,NA,NA,NA,NA,NA,NA,NA
8,Softmax,True,additive,8,4,4,16,0.2,20,0.6578571200370789,0.35759758949279785,0.001,64,0,2,NA,NA,NA,NA,NA,NA,NA,NA,NA,NA,NA,NA,NA,NA,NA
9,Softmax,True,additive,8,4,4,16,0.2,20,0.8149999380111694,0.31579503417015076,0.001,64,0,2,NA,NA,NA,NA,NA,NA,NA,NA,NA,NA,NA,NA,NA,NA,NA
10,Softmax,True,additive,8,4,4,16,0.2,20,0.6916667222976685,0.3180561661720276,0.001,64,0,2,NA,NA,NA,NA,NA,NA,NA,NA,NA,NA,NA,NA,NA,NA,NA
11,Softmax,True,additive,8,4,4,16,0.2,20,0.7633333206176758,0.24393901228904724,0.001,64,0,2,NA,NA,NA,NA,NA,NA,NA,NA,NA,NA,NA,NA,NA,NA,NA
12,Softmax,True,additive,8,4,4,16,0.2,20,0.8999999761581421,0.20759162306785583,0.001,64,0,2,NA,NA,NA,NA,NA,NA,NA,NA,NA,NA,NA,NA,NA,NA,NA
13,Softmax,True,additive,8,4,4,16,0.2,20,0.7716667056083679,0.22954623401165009,0.001,64,0,2,NA,NA,NA,NA,NA,NA,NA,NA,NA,NA,NA,NA,NA,NA,NA
14,Softmax,True,additive,8,4,4,16,0.2,20,0.8666666150093079,0.2182217836380005,0.001,64,0,2,NA,NA,NA,NA,NA,NA,NA,NA,NA,NA,NA,NA,NA,NA,NA
15,Softmax,True,additive,8,4,4,16,0.2,20,0.75,0.19313423335552216,0.001,64,0,2,NA,NA,NA,NA,NA,NA,NA,NA,NA,NA,NA,NA,NA,NA,NA
0,Softmax,True,additive,8,4,4,16,0.2,20,0.3466666340827942,0.696278989315033,0.001,64,1,2,NA,NA,NA,NA,NA,NA,NA,NA,NA,NA,NA,NA,NA,NA,NA
1,Softmax,True,additive,8,4,4,16,0.2,20,0.5395238399505615,0.6199567914009094,0.001,64,1,2,NA,NA,NA,NA,NA,NA,NA,NA,NA,NA,NA,NA,NA,NA,NA
2,Softmax,True,additive,8,4,4,16,0.2,20,0.5450000166893005,0.590137243270874,0.001,64,1,2,NA,NA,NA,NA,NA,NA,NA,NA,NA,NA,NA,NA,NA,NA,NA
3,Softmax,True,additive,8,4,4,16,0.2,20,0.6133333444595337,0.5056778192520142,0.001,64,1,2,NA,NA,NA,NA,NA,NA,NA,NA,NA,NA,NA,NA,NA,NA,NA
4,Softmax,True,additive,8,4,4,16,0.2,20,0.592380940914154,0.499717116355896,0.001,64,1,2,NA,NA,NA,NA,NA,NA,NA,NA,NA,NA,NA,NA,NA,NA,NA
5,Softmax,True,additive,8,4,4,16,0.2,20,0.6100000143051147,0.44460710883140564,0.001,64,1,2,NA,NA,NA,NA,NA,NA,NA,NA,NA,NA,NA,NA,NA,NA,NA
6,Softmax,True,additive,8,4,4,16,0.2,20,0.6561905145645142,0.4170416295528412,0.001,64,1,2,NA,NA,NA,NA,NA,NA,NA,NA,NA,NA,NA,NA,NA,NA,NA
7,Softmax,True,additive,8,4,4,16,0.2,20,0.7199999690055847,0.3758678436279297,0.001,64,1,2,NA,NA,NA,NA,NA,NA,NA,NA,NA,NA,NA,NA,NA,NA,NA
8,Softmax,True,additive,8,4,4,16,0.2,20,0.7645238637924194,0.3424522578716278,0.001,64,1,2,NA,NA,NA,NA,NA,NA,NA,NA,NA,NA,NA,NA,NA,NA,NA
9,Softmax,True,additive,8,4,4,16,0.2,20,0.6890475749969482,0.322864294052124,0.001,64,1,2,NA,NA,NA,NA,NA,NA,NA,NA,NA,NA,NA,NA,NA,NA,NA
10,Softmax,True,additive,8,4,4,16,0.2,20,0.7695237994194031,0.2890915870666504,0.001,64,1,2,NA,NA,NA,NA,NA,NA,NA,NA,NA,NA,NA,NA,NA,NA,NA
11,Softmax,True,additive,8,4,4,16,0.2,20,0.8133333325386047,0.28868088126182556,0.001,64,1,2,NA,NA,NA,NA,NA,NA,NA,NA,NA,NA,NA,NA,NA,NA,NA
12,Softmax,True,additive,8,4,4,16,0.2,20,0.8061904907226562,0.24874438345432281,0.001,64,1,2,NA,NA,NA,NA,NA,NA,NA,NA,NA,NA,NA,NA,NA,NA,NA
13,Softmax,True,additive,8,4,4,16,0.2,20,0.8078571557998657,0.2150736153125763,0.001,64,1,2,NA,NA,NA,NA,NA,NA,NA,NA,NA,NA,NA,NA,NA,NA,NA
14,Softmax,True,additive,8,4,4,16,0.2,20,0.8161904215812683,0.19813115894794464,0.001,64,1,2,NA,NA,NA,NA,NA,NA,NA,NA,NA,NA,NA,NA,NA,NA,NA
15,Softmax,True,additive,8,4,4,16,0.2,20,0.8490475416183472,0.19820858538150787,0.001,64,1,2,NA,NA,NA,NA,NA,NA,NA,NA,NA,NA,NA,NA,NA,NA,NA
16,Softmax,True,additive,8,4,4,16,0.2,20,0.8466666340827942,0.1626594215631485,0.001,64,1,2,NA,NA,NA,NA,NA,NA,NA,NA,NA,NA,NA,NA,NA,NA,NA
17,Softmax,True,additive,8,4,4,16,0.2,20,0.6733332872390747,0.12965117394924164,0.001,64,1,2,NA,NA,NA,NA,NA,NA,NA,NA,NA,NA,NA,NA,NA,NA,NA
18,Softmax,True,additive,8,4,4,16,0.2,20,0.8466666340827942,0.13559521734714508,0.001,64,1,2,NA,NA,NA,NA,NA,NA,NA,NA,NA,NA,NA,NA,NA,NA,NA
0,Softmax,True,additive,8,4,4,16,0.2,20,0.3999999761581421,0.6954481601715088,0.001,64,2,2,NA,NA,NA,NA,NA,NA,NA,NA,NA,NA,NA,NA,NA,NA,NA
1,Softmax,True,additive,8,4,4,16,0.2,20,0.38499999046325684,0.6611314415931702,0.001,64,2,2,NA,NA,NA,NA,NA,NA,NA,NA,NA,NA,NA,NA,NA,NA,NA
2,Softmax,True,additive,8,4,4,16,0.2,20,0.5016666650772095,0.5648844242095947,0.001,64,2,2,NA,NA,NA,NA,NA,NA,NA,NA,NA,NA,NA,NA,NA,NA,NA
3,Softmax,True,additive,8,4,4,16,0.2,20,0.6828571557998657,0.5815938115119934,0.001,64,2,2,NA,NA,NA,NA,NA,NA,NA,NA,NA,NA,NA,NA,NA,NA,NA
4,Softmax,True,additive,8,4,4,16,0.2,20,0.5083333253860474,0.539485514163971,0.001,64,2,2,NA,NA,NA,NA,NA,NA,NA,NA,NA,NA,NA,NA,NA,NA,NA
5,Softmax,True,additive,8,4,4,16,0.2,20,0.5816666483879089,0.49934735894203186,0.001,64,2,2,NA,NA,NA,NA,NA,NA,NA,NA,NA,NA,NA,NA,NA,NA,NA
6,Softmax,True,additive,8,4,4,16,0.2,20,0.6800000071525574,0.4902951121330261,0.001,64,2,2,NA,NA,NA,NA,NA,NA,NA,NA,NA,NA,NA,NA,NA,NA,NA
0,Softmax,True,additive,8,4,4,16,0.2,20,0.57833331823349,0.6704063415527344,0.001,64,3,2,NA,NA,NA,NA,NA,NA,NA,NA,NA,NA,NA,NA,NA,NA,NA
1,Softmax,True,additive,8,4,4,16,0.2,20,0.5345238447189331,0.6139230728149414,0.001,64,3,2,NA,NA,NA,NA,NA,NA,NA,NA,NA,NA,NA,NA,NA,NA,NA
2,Softmax,True,additive,8,4,4,16,0.2,20,0.638333261013031,0.5538532733917236,0.001,64,3,2,NA,NA,NA,NA,NA,NA,NA,NA,NA,NA,NA,NA,NA,NA,NA
3,Softmax,True,additive,8,4,4,16,0.2,20,0.5895237922668457,0.5329087376594543,0.001,64,3,2,NA,NA,NA,NA,NA,NA,NA,NA,NA,NA,NA,NA,NA,NA,NA
4,Softmax,True,additive,8,4,4,16,0.2,20,0.5711904764175415,0.5670604109764099,0.001,64,3,2,NA,NA,NA,NA,NA,NA,NA,NA,NA,NA,NA,NA,NA,NA,NA
5,Softmax,True,additive,8,4,4,16,0.2,20,0.6028571724891663,0.5559234619140625,0.001,64,3,2,NA,NA,NA,NA,NA,NA,NA,NA,NA,NA,NA,NA,NA,NA,NA
0,Softmax,True,additive,8,4,4,16,0.2,20,0.5345864295959473,0.7459298372268677,0.001,64,0,3,NA,NA,NA,NA,NA,NA,NA,NA,NA,NA,NA,NA,NA,NA,NA
1,Softmax,True,additive,8,4,4,16,0.2,20,0.6380952000617981,0.6010323166847229,0.001,64,0,3,NA,NA,NA,NA,NA,NA,NA,NA,NA,NA,NA,NA,NA,NA,NA
2,Softmax,True,additive,8,4,4,16,0.2,20,0.6035087704658508,0.5256651639938354,0.001,64,0,3,NA,NA,NA,NA,NA,NA,NA,NA,NA,NA,NA,NA,NA,NA,NA
3,Softmax,True,additive,8,4,4,16,0.2,20,0.6614035367965698,0.5092854499816895,0.001,64,0,3,NA,NA,NA,NA,NA,NA,NA,NA,NA,NA,NA,NA,NA,NA,NA
4,Softmax,True,additive,8,4,4,16,0.2,20,0.6631579399108887,0.5388046503067017,0.001,64,0,3,NA,NA,NA,NA,NA,NA,NA,NA,NA,NA,NA,NA,NA,NA,NA
5,Softmax,True,additive,8,4,4,16,0.2,20,0.6802005171775818,0.4799002707004547,0.001,64,0,3,NA,NA,NA,NA,NA,NA,NA,NA,NA,NA,NA,NA,NA,NA,NA
6,Softmax,True,additive,8,4,4,16,0.2,20,0.6824561357498169,0.4616501033306122,0.001,64,0,3,NA,NA,NA,NA,NA,NA,NA,NA,NA,NA,NA,NA,NA,NA,NA
7,Softmax,True,additive,8,4,4,16,0.2,20,0.7491227984428406,0.35486868023872375,0.001,64,0,3,NA,NA,NA,NA,NA,NA,NA,NA,NA,NA,NA,NA,NA,NA,NA
8,Softmax,True,additive,8,4,4,16,0.2,20,0.780701756477356,0.3095058500766754,0.001,64,0,3,NA,NA,NA,NA,NA,NA,NA,NA,NA,NA,NA,NA,NA,NA,NA
9,Softmax,True,additive,8,4,4,16,0.2,20,0.7516290545463562,0.33733832836151123,0.001,64,0,3,NA,NA,NA,NA,NA,NA,NA,NA,NA,NA,NA,NA,NA,NA,NA
10,Softmax,True,additive,8,4,4,16,0.2,20,0.7704259753227234,0.3130658268928528,0.001,64,0,3,NA,NA,NA,NA,NA,NA,NA,NA,NA,NA,NA,NA,NA,NA,NA
11,Softmax,True,additive,8,4,4,16,0.2,20,0.8421052694320679,0.23995690047740936,0.001,64,0,3,NA,NA,NA,NA,NA,NA,NA,NA,NA,NA,NA,NA,NA,NA,NA
12,Softmax,True,additive,8,4,4,16,0.2,20,0.9350876808166504,0.2490246742963791,0.001,64,0,3,NA,NA,NA,NA,NA,NA,NA,NA,NA,NA,NA,NA,NA,NA,NA
13,Softmax,True,additive,8,4,4,16,0.2,20,0.8877193331718445,0.22298908233642578,0.001,64,0,3,NA,NA,NA,NA,NA,NA,NA,NA,NA,NA,NA,NA,NA,NA,NA
14,Softmax,True,additive,8,4,4,16,0.2,20,0.8486215472221375,0.217998206615448,0.001,64,0,3,NA,NA,NA,NA,NA,NA,NA,NA,NA,NA,NA,NA,NA,NA,NA
15,Softmax,True,additive,8,4,4,16,0.2,20,0.8942354917526245,0.19601590931415558,0.001,64,0,3,NA,NA,NA,NA,NA,NA,NA,NA,NA,NA,NA,NA,NA,NA,NA
0,Softmax,True,additive,8,4,4,16,0.2,20,0.4749373495578766,0.719611406326294,0.001,64,1,3,NA,NA,NA,NA,NA,NA,NA,NA,NA,NA,NA,NA,NA,NA,NA
1,Softmax,True,additive,8,4,4,16,0.2,20,0.5819548964500427,0.5971506834030151,0.001,64,1,3,NA,NA,NA,NA,NA,NA,NA,NA,NA,NA,NA,NA,NA,NA,NA
2,Softmax,True,additive,8,4,4,16,0.2,20,0.5538846850395203,0.5658309459686279,0.001,64,1,3,NA,NA,NA,NA,NA,NA,NA,NA,NA,NA,NA,NA,NA,NA,NA
3,Softmax,True,additive,8,4,4,16,0.2,20,0.5999999642372131,0.5287938117980957,0.001,64,1,3,NA,NA,NA,NA,NA,NA,NA,NA,NA,NA,NA,NA,NA,NA,NA
4,Softmax,True,additive,8,4,4,16,0.2,20,0.6854637265205383,0.5178897380828857,0.001,64,1,3,NA,NA,NA,NA,NA,NA,NA,NA,NA,NA,NA,NA,NA,NA,NA
5,Softmax,True,additive,8,4,4,16,0.2,20,0.6486216187477112,0.5111638903617859,0.001,64,1,3,NA,NA,NA,NA,NA,NA,NA,NA,NA,NA,NA,NA,NA,NA,NA
6,Softmax,True,additive,8,4,4,16,0.2,20,0.6486215591430664,0.4395032227039337,0.001,64,1,3,NA,NA,NA,NA,NA,NA,NA,NA,NA,NA,NA,NA,NA,NA,NA
7,Softmax,True,additive,8,4,4,16,0.2,20,0.722806990146637,0.45110657811164856,0.001,64,1,3,NA,NA,NA,NA,NA,NA,NA,NA,NA,NA,NA,NA,NA,NA,NA
8,Softmax,True,additive,8,4,4,16,0.2,20,0.6323307752609253,0.41300320625305176,0.001,64,1,3,NA,NA,NA,NA,NA,NA,NA,NA,NA,NA,NA,NA,NA,NA,NA
9,Softmax,True,additive,8,4,4,16,0.2,20,0.776691734790802,0.3924653232097626,0.001,64,1,3,NA,NA,NA,NA,NA,NA,NA,NA,NA,NA,NA,NA,NA,NA,NA
10,Softmax,True,additive,8,4,4,16,0.2,20,0.6263157725334167,0.3506319522857666,0.001,64,1,3,NA,NA,NA,NA,NA,NA,NA,NA,NA,NA,NA,NA,NA,NA,NA
11,Softmax,True,additive,8,4,4,16,0.2,20,0.7912281155586243,0.31177425384521484,0.001,64,1,3,NA,NA,NA,NA,NA,NA,NA,NA,NA,NA,NA,NA,NA,NA,NA
12,Softmax,True,additive,8,4,4,16,0.2,20,0.7819548845291138,0.3247239887714386,0.001,64,1,3,NA,NA,NA,NA,NA,NA,NA,NA,NA,NA,NA,NA,NA,NA,NA
13,Softmax,True,additive,8,4,4,16,0.2,20,0.7631579637527466,0.3043065667152405,0.001,64,1,3,NA,NA,NA,NA,NA,NA,NA,NA,NA,NA,NA,NA,NA,NA,NA
14,Softmax,True,additive,8,4,4,16,0.2,20,0.7473683953285217,0.26497524976730347,0.001,64,1,3,NA,NA,NA,NA,NA,NA,NA,NA,NA,NA,NA,NA,NA,NA,NA
0,Softmax,True,additive,8,4,4,16,0.2,20,0.3945237994194031,0.6928890347480774,0.001,64,2,3,NA,NA,NA,NA,NA,NA,NA,NA,NA,NA,NA,NA,NA,NA,NA
1,Softmax,True,additive,8,4,4,16,0.2,20,0.49166661500930786,0.5998741984367371,0.001,64,2,3,NA,NA,NA,NA,NA,NA,NA,NA,NA,NA,NA,NA,NA,NA,NA
2,Softmax,True,additive,8,4,4,16,0.2,20,0.5533333420753479,0.5594011545181274,0.001,64,2,3,NA,NA,NA,NA,NA,NA,NA,NA,NA,NA,NA,NA,NA,NA,NA
3,Softmax,True,additive,8,4,4,16,0.2,20,0.6000000238418579,0.5450292825698853,0.001,64,2,3,NA,NA,NA,NA,NA,NA,NA,NA,NA,NA,NA,NA,NA,NA,NA
4,Softmax,True,additive,8,4,4,16,0.2,20,0.5752381086349487,0.5106232166290283,0.001,64,2,3,NA,NA,NA,NA,NA,NA,NA,NA,NA,NA,NA,NA,NA,NA,NA
5,Softmax,True,additive,8,4,4,16,0.2,20,0.5850000381469727,0.4617522060871124,0.001,64,2,3,NA,NA,NA,NA,NA,NA,NA,NA,NA,NA,NA,NA,NA,NA,NA
6,Softmax,True,additive,8,4,4,16,0.2,20,0.726190447807312,0.44936850666999817,0.001,64,2,3,NA,NA,NA,NA,NA,NA,NA,NA,NA,NA,NA,NA,NA,NA,NA
7,Softmax,True,additive,8,4,4,16,0.2,20,0.6061905026435852,0.4463482201099396,0.001,64,2,3,NA,NA,NA,NA,NA,NA,NA,NA,NA,NA,NA,NA,NA,NA,NA
8,Softmax,True,additive,8,4,4,16,0.2,20,0.59333336353302,0.43464240431785583,0.001,64,2,3,NA,NA,NA,NA,NA,NA,NA,NA,NA,NA,NA,NA,NA,NA,NA
9,Softmax,True,additive,8,4,4,16,0.2,20,0.6611904501914978,0.3879653215408325,0.001,64,2,3,NA,NA,NA,NA,NA,NA,NA,NA,NA,NA,NA,NA,NA,NA,NA
0,Softmax,True,additive,8,4,4,16,0.2,20,0.37785714864730835,0.6781609654426575,0.001,64,3,3,NA,NA,NA,NA,NA,NA,NA,NA,NA,NA,NA,NA,NA,NA,NA
1,Softmax,True,additive,8,4,4,16,0.2,20,0.4483333230018616,0.6430103182792664,0.001,64,3,3,NA,NA,NA,NA,NA,NA,NA,NA,NA,NA,NA,NA,NA,NA,NA
2,Softmax,True,additive,8,4,4,16,0.2,20,0.6083333492279053,0.6090203523635864,0.001,64,3,3,NA,NA,NA,NA,NA,NA,NA,NA,NA,NA,NA,NA,NA,NA,NA
3,Softmax,True,additive,8,4,4,16,0.2,20,0.41999998688697815,0.5810415744781494,0.001,64,3,3,NA,NA,NA,NA,NA,NA,NA,NA,NA,NA,NA,NA,NA,NA,NA
4,Softmax,True,additive,8,4,4,16,0.2,20,0.5811904668807983,0.6110724806785583,0.001,64,3,3,NA,NA,NA,NA,NA,NA,NA,NA,NA,NA,NA,NA,NA,NA,NA
5,Softmax,True,additive,8,4,4,16,0.2,20,0.6445237994194031,0.5201206207275391,0.001,64,3,3,NA,NA,NA,NA,NA,NA,NA,NA,NA,NA,NA,NA,NA,NA,NA
6,Softmax,True,additive,8,4,4,16,0.2,20,0.4766666293144226,0.5473329424858093,0.001,64,3,3,NA,NA,NA,NA,NA,NA,NA,NA,NA,NA,NA,NA,NA,NA,NA
7,Softmax,True,additive,8,4,4,16,0.2,20,0.6061903834342957,0.512409508228302,0.001,64,3,3,NA,NA,NA,NA,NA,NA,NA,NA,NA,NA,NA,NA,NA,NA,NA
8,Softmax,True,additive,8,4,4,16,0.2,20,0.572857141494751,0.4796052873134613,0.001,64,3,3,NA,NA,NA,NA,NA,NA,NA,NA,NA,NA,NA,NA,NA,NA,NA
0,Softmax,True,additive,8,4,4,16,0.2,20,0.3528571128845215,0.6329230070114136,0.001,64,0,4,NA,NA,NA,NA,NA,NA,NA,NA,NA,NA,NA,NA,NA,NA,NA
1,Softmax,True,additive,8,4,4,16,0.2,20,0.5911904573440552,0.5894597768783569,0.001,64,0,4,NA,NA,NA,NA,NA,NA,NA,NA,NA,NA,NA,NA,NA,NA,NA
2,Softmax,True,additive,8,4,4,16,0.2,20,0.5699999928474426,0.4949771761894226,0.001,64,0,4,NA,NA,NA,NA,NA,NA,NA,NA,NA,NA,NA,NA,NA,NA,NA
3,Softmax,True,additive,8,4,4,16,0.2,20,0.5816666483879089,0.43174272775650024,0.001,64,0,4,NA,NA,NA,NA,NA,NA,NA,NA,NA,NA,NA,NA,NA,NA,NA
4,Softmax,True,additive,8,4,4,16,0.2,20,0.5745238065719604,0.4386935532093048,0.001,64,0,4,NA,NA,NA,NA,NA,NA,NA,NA,NA,NA,NA,NA,NA,NA,NA
0,Softmax,True,additive,8,4,4,16,0.2,20,0.4366666376590729,0.6690195798873901,0.001,64,1,4,NA,NA,NA,NA,NA,NA,NA,NA,NA,NA,NA,NA,NA,NA,NA
1,Softmax,True,additive,8,4,4,16,0.2,20,0.5499999523162842,0.5746132135391235,0.001,64,1,4,NA,NA,NA,NA,NA,NA,NA,NA,NA,NA,NA,NA,NA,NA,NA
2,Softmax,True,additive,8,4,4,16,0.2,20,0.4949999749660492,0.5512307286262512,0.001,64,1,4,NA,NA,NA,NA,NA,NA,NA,NA,NA,NA,NA,NA,NA,NA,NA
3,Softmax,True,additive,8,4,4,16,0.2,20,0.6933333277702332,0.469887912273407,0.001,64,1,4,NA,NA,NA,NA,NA,NA,NA,NA,NA,NA,NA,NA,NA,NA,NA
4,Softmax,True,additive,8,4,4,16,0.2,20,0.5657142400741577,0.46678784489631653,0.001,64,1,4,NA,NA,NA,NA,NA,NA,NA,NA,NA,NA,NA,NA,NA,NA,NA
5,Softmax,True,additive,8,4,4,16,0.2,20,0.59333336353302,0.4649244546890259,0.001,64,1,4,NA,NA,NA,NA,NA,NA,NA,NA,NA,NA,NA,NA,NA,NA,NA
6,Softmax,True,additive,8,4,4,16,0.2,20,0.6411904096603394,0.44498082995414734,0.001,64,1,4,NA,NA,NA,NA,NA,NA,NA,NA,NA,NA,NA,NA,NA,NA,NA
0,Softmax,True,additive,8,4,4,16,0.2,20,0.5399999618530273,0.6617640852928162,0.001,64,2,4,NA,NA,NA,NA,NA,NA,NA,NA,NA,NA,NA,NA,NA,NA,NA
1,Softmax,True,additive,8,4,4,16,0.2,20,0.5416666269302368,0.57830810546875,0.001,64,2,4,NA,NA,NA,NA,NA,NA,NA,NA,NA,NA,NA,NA,NA,NA,NA
2,Softmax,True,additive,8,4,4,16,0.2,20,0.628333330154419,0.5424814224243164,0.001,64,2,4,NA,NA,NA,NA,NA,NA,NA,NA,NA,NA,NA,NA,NA,NA,NA
3,Softmax,True,additive,8,4,4,16,0.2,20,0.5916666388511658,0.4958000183105469,0.001,64,2,4,NA,NA,NA,NA,NA,NA,NA,NA,NA,NA,NA,NA,NA,NA,NA
4,Softmax,True,additive,8,4,4,16,0.2,20,0.4811905026435852,0.5282974243164062,0.001,64,2,4,NA,NA,NA,NA,NA,NA,NA,NA,NA,NA,NA,NA,NA,NA,NA
5,Softmax,True,additive,8,4,4,16,0.2,20,0.4828570783138275,0.5391381978988647,0.001,64,2,4,NA,NA,NA,NA,NA,NA,NA,NA,NA,NA,NA,NA,NA,NA,NA
0,Softmax,True,additive,8,4,4,16,0.2,20,0.3649999499320984,0.6784894466400146,0.001,64,3,4,NA,NA,NA,NA,NA,NA,NA,NA,NA,NA,NA,NA,NA,NA,NA
1,Softmax,True,additive,8,4,4,16,0.2,20,0.5507142543792725,0.6151556968688965,0.001,64,3,4,NA,NA,NA,NA,NA,NA,NA,NA,NA,NA,NA,NA,NA,NA,NA
2,Softmax,True,additive,8,4,4,16,0.2,20,0.5466666221618652,0.5734640955924988,0.001,64,3,4,NA,NA,NA,NA,NA,NA,NA,NA,NA,NA,NA,NA,NA,NA,NA
3,Softmax,True,additive,8,4,4,16,0.2,20,0.5916666984558105,0.5349524617195129,0.001,64,3,4,NA,NA,NA,NA,NA,NA,NA,NA,NA,NA,NA,NA,NA,NA,NA
4,Softmax,True,additive,8,4,4,16,0.2,20,0.43833333253860474,0.5388379693031311,0.001,64,3,4,NA,NA,NA,NA,NA,NA,NA,NA,NA,NA,NA,NA,NA,NA,NA
5,Softmax,True,additive,8,4,4,16,0.2,20,0.6261904835700989,0.5390827655792236,0.001,64,3,4,NA,NA,NA,NA,NA,NA,NA,NA,NA,NA,NA,NA,NA,NA,NA
6,Softmax,True,additive,8,4,4,16,0.2,20,0.697857141494751,0.46680089831352234,0.001,64,3,4,NA,NA,NA,NA,NA,NA,NA,NA,NA,NA,NA,NA,NA,NA,NA
7,Softmax,True,additive,8,4,4,16,0.2,20,0.6950000524520874,0.4447232782840729,0.001,64,3,4,NA,NA,NA,NA,NA,NA,NA,NA,NA,NA,NA,NA,NA,NA,NA
8,Softmax,True,additive,8,4,4,16,0.2,20,0.6916667222976685,0.3875599205493927,0.001,64,3,4,NA,NA,NA,NA,NA,NA,NA,NA,NA,NA,NA,NA,NA,NA,NA
9,Softmax,True,additive,8,4,4,16,0.2,20,0.7350000143051147,0.4062826931476593,0.001,64,3,4,NA,NA,NA,NA,NA,NA,NA,NA,NA,NA,NA,NA,NA,NA,NA
10,Softmax,True,additive,8,4,4,16,0.2,20,0.6095238327980042,0.3683883845806122,0.001,64,3,4,NA,NA,NA,NA,NA,NA,NA,NA,NA,NA,NA,NA,NA,NA,NA
11,Softmax,True,additive,8,4,4,16,0.2,20,0.699999988079071,0.3347122073173523,0.001,64,3,4,NA,NA,NA,NA,NA,NA,NA,NA,NA,NA,NA,NA,NA,NA,NA
12,Softmax,True,additive,8,4,4,16,0.2,20,0.7161904573440552,0.3123462498188019,0.001,64,3,4,NA,NA,NA,NA,NA,NA,NA,NA,NA,NA,NA,NA,NA,NA,NA
0,Softmax,True,additive,8,4,4,16,0.2,20,0.3566666543483734,0.7166311144828796,0.001,64,0,5,NA,NA,NA,NA,NA,NA,NA,NA,NA,NA,NA,NA,NA,NA,NA
1,Softmax,True,additive,8,4,4,16,0.2,20,0.333333283662796,0.6394079923629761,0.001,64,0,5,NA,NA,NA,NA,NA,NA,NA,NA,NA,NA,NA,NA,NA,NA,NA
2,Softmax,True,additive,8,4,4,16,0.2,20,0.5416666269302368,0.6316323280334473,0.001,64,0,5,NA,NA,NA,NA,NA,NA,NA,NA,NA,NA,NA,NA,NA,NA,NA
3,Softmax,True,additive,8,4,4,16,0.2,20,0.37952378392219543,0.6162899732589722,0.001,64,0,5,NA,NA,NA,NA,NA,NA,NA,NA,NA,NA,NA,NA,NA,NA,NA
4,Softmax,True,additive,8,4,4,16,0.2,20,0.5149999856948853,0.5466970801353455,0.001,64,0,5,NA,NA,NA,NA,NA,NA,NA,NA,NA,NA,NA,NA,NA,NA,NA
5,Softmax,True,additive,8,4,4,16,0.2,20,0.5,0.5709863901138306,0.001,64,0,5,NA,NA,NA,NA,NA,NA,NA,NA,NA,NA,NA,NA,NA,NA,NA
0,Softmax,True,additive,8,4,4,16,0.2,20,0.4728570878505707,0.7096478939056396,0.001,64,1,5,NA,NA,NA,NA,NA,NA,NA,NA,NA,NA,NA,NA,NA,NA,NA
1,Softmax,True,additive,8,4,4,16,0.2,20,0.4699999690055847,0.6215318441390991,0.001,64,1,5,NA,NA,NA,NA,NA,NA,NA,NA,NA,NA,NA,NA,NA,NA,NA
2,Softmax,True,additive,8,4,4,16,0.2,20,0.5245237946510315,0.5702756643295288,0.001,64,1,5,NA,NA,NA,NA,NA,NA,NA,NA,NA,NA,NA,NA,NA,NA,NA
3,Softmax,True,additive,8,4,4,16,0.2,20,0.6383333802223206,0.5759224891662598,0.001,64,1,5,NA,NA,NA,NA,NA,NA,NA,NA,NA,NA,NA,NA,NA,NA,NA
4,Softmax,True,additive,8,4,4,16,0.2,20,0.5399999618530273,0.5345367193222046,0.001,64,1,5,NA,NA,NA,NA,NA,NA,NA,NA,NA,NA,NA,NA,NA,NA,NA
5,Softmax,True,additive,8,4,4,16,0.2,20,0.5757142305374146,0.528494656085968,0.001,64,1,5,NA,NA,NA,NA,NA,NA,NA,NA,NA,NA,NA,NA,NA,NA,NA
6,Softmax,True,additive,8,4,4,16,0.2,20,0.4716666340827942,0.5421302318572998,0.001,64,1,5,NA,NA,NA,NA,NA,NA,NA,NA,NA,NA,NA,NA,NA,NA,NA
0,Softmax,True,additive,8,4,4,16,0.2,20,0.28452378511428833,0.7737635970115662,0.001,64,2,5,NA,NA,NA,NA,NA,NA,NA,NA,NA,NA,NA,NA,NA,NA,NA
1,Softmax,True,additive,8,4,4,16,0.2,20,0.3583332896232605,0.6485952138900757,0.001,64,2,5,NA,NA,NA,NA,NA,NA,NA,NA,NA,NA,NA,NA,NA,NA,NA
2,Softmax,True,additive,8,4,4,16,0.2,20,0.559999942779541,0.5940402746200562,0.001,64,2,5,NA,NA,NA,NA,NA,NA,NA,NA,NA,NA,NA,NA,NA,NA,NA
3,Softmax,True,additive,8,4,4,16,0.2,20,0.48499995470046997,0.6114143133163452,0.001,64,2,5,NA,NA,NA,NA,NA,NA,NA,NA,NA,NA,NA,NA,NA,NA,NA
4,Softmax,True,additive,8,4,4,16,0.2,20,0.5600000023841858,0.5957096219062805,0.001,64,2,5,NA,NA,NA,NA,NA,NA,NA,NA,NA,NA,NA,NA,NA,NA,NA
5,Softmax,True,additive,8,4,4,16,0.2,20,0.4666666090488434,0.5446256399154663,0.001,64,2,5,NA,NA,NA,NA,NA,NA,NA,NA,NA,NA,NA,NA,NA,NA,NA
0,Softmax,True,additive,8,4,4,16,0.2,20,0.5333333015441895,0.665800929069519,0.001,64,3,5,NA,NA,NA,NA,NA,NA,NA,NA,NA,NA,NA,NA,NA,NA,NA
1,Softmax,True,additive,8,4,4,16,0.2,20,0.40833330154418945,0.6590521335601807,0.001,64,3,5,NA,NA,NA,NA,NA,NA,NA,NA,NA,NA,NA,NA,NA,NA,NA
2,Softmax,True,additive,8,4,4,16,0.2,20,0.33166664838790894,0.6144396662712097,0.001,64,3,5,NA,NA,NA,NA,NA,NA,NA,NA,NA,NA,NA,NA,NA,NA,NA
3,Softmax,True,additive,8,4,4,16,0.2,20,0.5449999570846558,0.5800147652626038,0.001,64,3,5,NA,NA,NA,NA,NA,NA,NA,NA,NA,NA,NA,NA,NA,NA,NA
4,Softmax,True,additive,8,4,4,16,0.2,20,0.44499993324279785,0.5849080681800842,0.001,64,3,5,NA,NA,NA,NA,NA,NA,NA,NA,NA,NA,NA,NA,NA,NA,NA
5,Softmax,True,additive,8,4,4,16,0.2,20,0.5257142782211304,0.5446413159370422,0.001,64,3,5,NA,NA,NA,NA,NA,NA,NA,NA,NA,NA,NA,NA,NA,NA,NA
6,Softmax,True,additive,8,4,4,16,0.2,20,0.5433332920074463,0.5295410752296448,0.001,64,3,5,NA,NA,NA,NA,NA,NA,NA,NA,NA,NA,NA,NA,NA,NA,NA
