epoch,att_act,att_hist,att_type,att_units,att_window,batch_size,dense_units,dropout,epochs,keras_f1_score,loss,lr,lstm_units,ofold,task,val_att_act,val_att_hist,val_att_type,val_att_units,val_att_window,val_batch_size,val_dense_units,val_dropout,val_epochs,val_keras_f1_score,val_loss,val_lr,val_lstm_units,val_ofold,val_task
0,Softmax,True,additive,8,4,4,16,0.2,20,0.3025062382221222,0.7373136878013611,0.001,64,0,1,NA,NA,NA,NA,NA,NA,NA,NA,NA,NA,NA,NA,NA,NA,NA
1,Softmax,True,additive,8,4,4,16,0.2,20,0.4894736409187317,0.5942148566246033,0.001,64,0,1,NA,NA,NA,NA,NA,NA,NA,NA,NA,NA,NA,NA,NA,NA,NA
2,Softmax,True,additive,8,4,4,16,0.2,20,0.520551323890686,0.5669642090797424,0.001,64,0,1,NA,NA,NA,NA,NA,NA,NA,NA,NA,NA,NA,NA,NA,NA,NA
3,Softmax,True,additive,8,4,4,16,0.2,20,0.5929824709892273,0.5440394282341003,0.001,64,0,1,NA,NA,NA,NA,NA,NA,NA,NA,NA,NA,NA,NA,NA,NA,NA
4,Softmax,True,additive,8,4,4,16,0.2,20,0.5696741938591003,0.47289103269577026,0.001,64,0,1,NA,NA,NA,NA,NA,NA,NA,NA,NA,NA,NA,NA,NA,NA,NA
5,Softmax,True,additive,8,4,4,16,0.2,20,0.5491227507591248,0.49228739738464355,0.001,64,0,1,NA,NA,NA,NA,NA,NA,NA,NA,NA,NA,NA,NA,NA,NA,NA
6,Softmax,True,additive,8,4,4,16,0.2,20,0.5877192616462708,0.47824960947036743,0.001,64,0,1,NA,NA,NA,NA,NA,NA,NA,NA,NA,NA,NA,NA,NA,NA,NA
0,Softmax,True,additive,8,4,4,16,0.2,20,0.3942355215549469,0.6711215972900391,0.001,64,1,1,NA,NA,NA,NA,NA,NA,NA,NA,NA,NA,NA,NA,NA,NA,NA
1,Softmax,True,additive,8,4,4,16,0.2,20,0.5070174932479858,0.5811124444007874,0.001,64,1,1,NA,NA,NA,NA,NA,NA,NA,NA,NA,NA,NA,NA,NA,NA,NA
2,Softmax,True,additive,8,4,4,16,0.2,20,0.5929824709892273,0.5389102697372437,0.001,64,1,1,NA,NA,NA,NA,NA,NA,NA,NA,NA,NA,NA,NA,NA,NA,NA
3,Softmax,True,additive,8,4,4,16,0.2,20,0.5872180461883545,0.4777621030807495,0.001,64,1,1,NA,NA,NA,NA,NA,NA,NA,NA,NA,NA,NA,NA,NA,NA,NA
4,Softmax,True,additive,8,4,4,16,0.2,20,0.5456140637397766,0.45587849617004395,0.001,64,1,1,NA,NA,NA,NA,NA,NA,NA,NA,NA,NA,NA,NA,NA,NA,NA
5,Softmax,True,additive,8,4,4,16,0.2,20,0.5912280082702637,0.4172431528568268,0.001,64,1,1,NA,NA,NA,NA,NA,NA,NA,NA,NA,NA,NA,NA,NA,NA,NA
0,Softmax,True,additive,8,4,4,16,0.2,20,0.4105262756347656,0.6856471300125122,0.001,64,2,1,NA,NA,NA,NA,NA,NA,NA,NA,NA,NA,NA,NA,NA,NA,NA
1,Softmax,True,additive,8,4,4,16,0.2,20,0.5714285373687744,0.6102946400642395,0.001,64,2,1,NA,NA,NA,NA,NA,NA,NA,NA,NA,NA,NA,NA,NA,NA,NA
2,Softmax,True,additive,8,4,4,16,0.2,20,0.6228070259094238,0.5496387481689453,0.001,64,2,1,NA,NA,NA,NA,NA,NA,NA,NA,NA,NA,NA,NA,NA,NA,NA
3,Softmax,True,additive,8,4,4,16,0.2,20,0.6210525631904602,0.5609757900238037,0.001,64,2,1,NA,NA,NA,NA,NA,NA,NA,NA,NA,NA,NA,NA,NA,NA,NA
4,Softmax,True,additive,8,4,4,16,0.2,20,0.5280701518058777,0.5700535774230957,0.001,64,2,1,NA,NA,NA,NA,NA,NA,NA,NA,NA,NA,NA,NA,NA,NA,NA
5,Softmax,True,additive,8,4,4,16,0.2,20,0.5854636430740356,0.5098991394042969,0.001,64,2,1,NA,NA,NA,NA,NA,NA,NA,NA,NA,NA,NA,NA,NA,NA,NA
0,Softmax,True,additive,8,4,4,16,0.2,20,0.5345864295959473,0.6425012946128845,0.001,64,3,1,NA,NA,NA,NA,NA,NA,NA,NA,NA,NA,NA,NA,NA,NA,NA
1,Softmax,True,additive,8,4,4,16,0.2,20,0.675438642501831,0.5853164196014404,0.001,64,3,1,NA,NA,NA,NA,NA,NA,NA,NA,NA,NA,NA,NA,NA,NA,NA
2,Softmax,True,additive,8,4,4,16,0.2,20,0.5122806429862976,0.5348318815231323,0.001,64,3,1,NA,NA,NA,NA,NA,NA,NA,NA,NA,NA,NA,NA,NA,NA,NA
3,Softmax,True,additive,8,4,4,16,0.2,20,0.6771929860115051,0.5187792181968689,0.001,64,3,1,NA,NA,NA,NA,NA,NA,NA,NA,NA,NA,NA,NA,NA,NA,NA
4,Softmax,True,additive,8,4,4,16,0.2,20,0.582456111907959,0.4998217225074768,0.001,64,3,1,NA,NA,NA,NA,NA,NA,NA,NA,NA,NA,NA,NA,NA,NA,NA
5,Softmax,True,additive,8,4,4,16,0.2,20,0.5661654472351074,0.5029690861701965,0.001,64,3,1,NA,NA,NA,NA,NA,NA,NA,NA,NA,NA,NA,NA,NA,NA,NA
6,Softmax,True,additive,8,4,4,16,0.2,20,0.5872180461883545,0.496025025844574,0.001,64,3,1,NA,NA,NA,NA,NA,NA,NA,NA,NA,NA,NA,NA,NA,NA,NA
0,Softmax,True,additive,8,4,4,16,0.2,20,0.33666664361953735,0.6742192506790161,0.001,64,0,2,NA,NA,NA,NA,NA,NA,NA,NA,NA,NA,NA,NA,NA,NA,NA
1,Softmax,True,additive,8,4,4,16,0.2,20,0.5316666960716248,0.5847516059875488,0.001,64,0,2,NA,NA,NA,NA,NA,NA,NA,NA,NA,NA,NA,NA,NA,NA,NA
2,Softmax,True,additive,8,4,4,16,0.2,20,0.5383332967758179,0.531570315361023,0.001,64,0,2,NA,NA,NA,NA,NA,NA,NA,NA,NA,NA,NA,NA,NA,NA,NA
3,Softmax,True,additive,8,4,4,16,0.2,20,0.5166666507720947,0.5178632140159607,0.001,64,0,2,NA,NA,NA,NA,NA,NA,NA,NA,NA,NA,NA,NA,NA,NA,NA
4,Softmax,True,additive,8,4,4,16,0.2,20,0.6133333444595337,0.49287980794906616,0.001,64,0,2,NA,NA,NA,NA,NA,NA,NA,NA,NA,NA,NA,NA,NA,NA,NA
5,Softmax,True,additive,8,4,4,16,0.2,20,0.5533333420753479,0.465283066034317,0.001,64,0,2,NA,NA,NA,NA,NA,NA,NA,NA,NA,NA,NA,NA,NA,NA,NA
6,Softmax,True,additive,8,4,4,16,0.2,20,0.7050000429153442,0.41949036717414856,0.001,64,0,2,NA,NA,NA,NA,NA,NA,NA,NA,NA,NA,NA,NA,NA,NA,NA
7,Softmax,True,additive,8,4,4,16,0.2,20,0.6499999761581421,0.3496381938457489,0.001,64,0,2,NA,NA,NA,NA,NA,NA,NA,NA,NA,NA,NA,NA,NA,NA,NA
8,Softmax,True,additive,8,4,4,16,0.2,20,0.6411904692649841,0.3178838789463043,0.001,64,0,2,NA,NA,NA,NA,NA,NA,NA,NA,NA,NA,NA,NA,NA,NA,NA
9,Softmax,True,additive,8,4,4,16,0.2,20,0.8616666793823242,0.29561370611190796,0.001,64,0,2,NA,NA,NA,NA,NA,NA,NA,NA,NA,NA,NA,NA,NA,NA,NA
10,Softmax,True,additive,8,4,4,16,0.2,20,0.6428571939468384,0.27269941568374634,0.001,64,0,2,NA,NA,NA,NA,NA,NA,NA,NA,NA,NA,NA,NA,NA,NA,NA
11,Softmax,True,additive,8,4,4,16,0.2,20,0.7366666793823242,0.226090207695961,0.001,64,0,2,NA,NA,NA,NA,NA,NA,NA,NA,NA,NA,NA,NA,NA,NA,NA
12,Softmax,True,additive,8,4,4,16,0.2,20,0.9233333468437195,0.19800978899002075,0.001,64,0,2,NA,NA,NA,NA,NA,NA,NA,NA,NA,NA,NA,NA,NA,NA,NA
13,Softmax,True,additive,8,4,4,16,0.2,20,0.8066667318344116,0.18255643546581268,0.001,64,0,2,NA,NA,NA,NA,NA,NA,NA,NA,NA,NA,NA,NA,NA,NA,NA
14,Softmax,True,additive,8,4,4,16,0.2,20,0.9066665768623352,0.14981837570667267,0.001,64,0,2,NA,NA,NA,NA,NA,NA,NA,NA,NA,NA,NA,NA,NA,NA,NA
15,Softmax,True,additive,8,4,4,16,0.2,20,0.8166666030883789,0.1635766625404358,0.001,64,0,2,NA,NA,NA,NA,NA,NA,NA,NA,NA,NA,NA,NA,NA,NA,NA
0,Softmax,True,additive,8,4,4,16,0.2,20,0.39499998092651367,0.7121152877807617,0.001,64,1,2,NA,NA,NA,NA,NA,NA,NA,NA,NA,NA,NA,NA,NA,NA,NA
1,Softmax,True,additive,8,4,4,16,0.2,20,0.4983333647251129,0.5923030376434326,0.001,64,1,2,NA,NA,NA,NA,NA,NA,NA,NA,NA,NA,NA,NA,NA,NA,NA
2,Softmax,True,additive,8,4,4,16,0.2,20,0.6200000047683716,0.5714236497879028,0.001,64,1,2,NA,NA,NA,NA,NA,NA,NA,NA,NA,NA,NA,NA,NA,NA,NA
3,Softmax,True,additive,8,4,4,16,0.2,20,0.6399999856948853,0.5010736584663391,0.001,64,1,2,NA,NA,NA,NA,NA,NA,NA,NA,NA,NA,NA,NA,NA,NA,NA
4,Softmax,True,additive,8,4,4,16,0.2,20,0.5711904764175415,0.4889177680015564,0.001,64,1,2,NA,NA,NA,NA,NA,NA,NA,NA,NA,NA,NA,NA,NA,NA,NA
5,Softmax,True,additive,8,4,4,16,0.2,20,0.550000011920929,0.45567139983177185,0.001,64,1,2,NA,NA,NA,NA,NA,NA,NA,NA,NA,NA,NA,NA,NA,NA,NA
6,Softmax,True,additive,8,4,4,16,0.2,20,0.662857174873352,0.4150267243385315,0.001,64,1,2,NA,NA,NA,NA,NA,NA,NA,NA,NA,NA,NA,NA,NA,NA,NA
7,Softmax,True,additive,8,4,4,16,0.2,20,0.6883333325386047,0.38181567192077637,0.001,64,1,2,NA,NA,NA,NA,NA,NA,NA,NA,NA,NA,NA,NA,NA,NA,NA
8,Softmax,True,additive,8,4,4,16,0.2,20,0.7228571772575378,0.3629780113697052,0.001,64,1,2,NA,NA,NA,NA,NA,NA,NA,NA,NA,NA,NA,NA,NA,NA,NA
9,Softmax,True,additive,8,4,4,16,0.2,20,0.729523777961731,0.3351188898086548,0.001,64,1,2,NA,NA,NA,NA,NA,NA,NA,NA,NA,NA,NA,NA,NA,NA,NA
10,Softmax,True,additive,8,4,4,16,0.2,20,0.7623809576034546,0.30276593565940857,0.001,64,1,2,NA,NA,NA,NA,NA,NA,NA,NA,NA,NA,NA,NA,NA,NA,NA
11,Softmax,True,additive,8,4,4,16,0.2,20,0.7811905145645142,0.3035735487937927,0.001,64,1,2,NA,NA,NA,NA,NA,NA,NA,NA,NA,NA,NA,NA,NA,NA,NA
12,Softmax,True,additive,8,4,4,16,0.2,20,0.8828571438789368,0.24806250631809235,0.001,64,1,2,NA,NA,NA,NA,NA,NA,NA,NA,NA,NA,NA,NA,NA,NA,NA
13,Softmax,True,additive,8,4,4,16,0.2,20,0.7961905002593994,0.2446604073047638,0.001,64,1,2,NA,NA,NA,NA,NA,NA,NA,NA,NA,NA,NA,NA,NA,NA,NA
14,Softmax,True,additive,8,4,4,16,0.2,20,0.8161904215812683,0.22296839952468872,0.001,64,1,2,NA,NA,NA,NA,NA,NA,NA,NA,NA,NA,NA,NA,NA,NA,NA
15,Softmax,True,additive,8,4,4,16,0.2,20,0.8390476107597351,0.2164253294467926,0.001,64,1,2,NA,NA,NA,NA,NA,NA,NA,NA,NA,NA,NA,NA,NA,NA,NA
0,Softmax,True,additive,8,4,4,16,0.2,20,0.41499996185302734,0.7160578370094299,0.001,64,2,2,NA,NA,NA,NA,NA,NA,NA,NA,NA,NA,NA,NA,NA,NA,NA
1,Softmax,True,additive,8,4,4,16,0.2,20,0.5833333730697632,0.6367323994636536,0.001,64,2,2,NA,NA,NA,NA,NA,NA,NA,NA,NA,NA,NA,NA,NA,NA,NA
2,Softmax,True,additive,8,4,4,16,0.2,20,0.4449999928474426,0.6012592911720276,0.001,64,2,2,NA,NA,NA,NA,NA,NA,NA,NA,NA,NA,NA,NA,NA,NA,NA
3,Softmax,True,additive,8,4,4,16,0.2,20,0.6266666650772095,0.5968500375747681,0.001,64,2,2,NA,NA,NA,NA,NA,NA,NA,NA,NA,NA,NA,NA,NA,NA,NA
4,Softmax,True,additive,8,4,4,16,0.2,20,0.5349999666213989,0.5399864912033081,0.001,64,2,2,NA,NA,NA,NA,NA,NA,NA,NA,NA,NA,NA,NA,NA,NA,NA
5,Softmax,True,additive,8,4,4,16,0.2,20,0.6316666603088379,0.5122301578521729,0.001,64,2,2,NA,NA,NA,NA,NA,NA,NA,NA,NA,NA,NA,NA,NA,NA,NA
6,Softmax,True,additive,8,4,4,16,0.2,20,0.5950000286102295,0.5000233054161072,0.001,64,2,2,NA,NA,NA,NA,NA,NA,NA,NA,NA,NA,NA,NA,NA,NA,NA
7,Softmax,True,additive,8,4,4,16,0.2,20,0.6611904501914978,0.48861801624298096,0.001,64,2,2,NA,NA,NA,NA,NA,NA,NA,NA,NA,NA,NA,NA,NA,NA,NA
8,Softmax,True,additive,8,4,4,16,0.2,20,0.6557142734527588,0.4313099682331085,0.001,64,2,2,NA,NA,NA,NA,NA,NA,NA,NA,NA,NA,NA,NA,NA,NA,NA
9,Softmax,True,additive,8,4,4,16,0.2,20,0.6516667008399963,0.3760988414287567,0.001,64,2,2,NA,NA,NA,NA,NA,NA,NA,NA,NA,NA,NA,NA,NA,NA,NA
10,Softmax,True,additive,8,4,4,16,0.2,20,0.5549999475479126,0.4014788269996643,0.001,64,2,2,NA,NA,NA,NA,NA,NA,NA,NA,NA,NA,NA,NA,NA,NA,NA
0,Softmax,True,additive,8,4,4,16,0.2,20,0.42166668176651,0.6590498685836792,0.001,64,3,2,NA,NA,NA,NA,NA,NA,NA,NA,NA,NA,NA,NA,NA,NA,NA
1,Softmax,True,additive,8,4,4,16,0.2,20,0.5961905121803284,0.5883528590202332,0.001,64,3,2,NA,NA,NA,NA,NA,NA,NA,NA,NA,NA,NA,NA,NA,NA,NA
2,Softmax,True,additive,8,4,4,16,0.2,20,0.5161904692649841,0.6067604422569275,0.001,64,3,2,NA,NA,NA,NA,NA,NA,NA,NA,NA,NA,NA,NA,NA,NA,NA
3,Softmax,True,additive,8,4,4,16,0.2,20,0.616190493106842,0.5489018559455872,0.001,64,3,2,NA,NA,NA,NA,NA,NA,NA,NA,NA,NA,NA,NA,NA,NA,NA
4,Softmax,True,additive,8,4,4,16,0.2,20,0.5790476202964783,0.5366716384887695,0.001,64,3,2,NA,NA,NA,NA,NA,NA,NA,NA,NA,NA,NA,NA,NA,NA,NA
5,Softmax,True,additive,8,4,4,16,0.2,20,0.6861904859542847,0.4819367229938507,0.001,64,3,2,NA,NA,NA,NA,NA,NA,NA,NA,NA,NA,NA,NA,NA,NA,NA
6,Softmax,True,additive,8,4,4,16,0.2,20,0.5378570556640625,0.5105780959129333,0.001,64,3,2,NA,NA,NA,NA,NA,NA,NA,NA,NA,NA,NA,NA,NA,NA,NA
7,Softmax,True,additive,8,4,4,16,0.2,20,0.7090476751327515,0.493874728679657,0.001,64,3,2,NA,NA,NA,NA,NA,NA,NA,NA,NA,NA,NA,NA,NA,NA,NA
8,Softmax,True,additive,8,4,4,16,0.2,20,0.7495237588882446,0.41607263684272766,0.001,64,3,2,NA,NA,NA,NA,NA,NA,NA,NA,NA,NA,NA,NA,NA,NA,NA
9,Softmax,True,additive,8,4,4,16,0.2,20,0.6299999952316284,0.41671180725097656,0.001,64,3,2,NA,NA,NA,NA,NA,NA,NA,NA,NA,NA,NA,NA,NA,NA,NA
10,Softmax,True,additive,8,4,4,16,0.2,20,0.54666668176651,0.43510153889656067,0.001,64,3,2,NA,NA,NA,NA,NA,NA,NA,NA,NA,NA,NA,NA,NA,NA,NA
11,Softmax,True,additive,8,4,4,16,0.2,20,0.7261905074119568,0.40232691168785095,0.001,64,3,2,NA,NA,NA,NA,NA,NA,NA,NA,NA,NA,NA,NA,NA,NA,NA
0,Softmax,True,additive,8,4,4,16,0.2,20,0.5052631497383118,0.6544210910797119,0.001,64,0,3,NA,NA,NA,NA,NA,NA,NA,NA,NA,NA,NA,NA,NA,NA,NA
1,Softmax,True,additive,8,4,4,16,0.2,20,0.5516290664672852,0.6080505847930908,0.001,64,0,3,NA,NA,NA,NA,NA,NA,NA,NA,NA,NA,NA,NA,NA,NA,NA
2,Softmax,True,additive,8,4,4,16,0.2,20,0.6100250482559204,0.5454205274581909,0.001,64,0,3,NA,NA,NA,NA,NA,NA,NA,NA,NA,NA,NA,NA,NA,NA,NA
3,Softmax,True,additive,8,4,4,16,0.2,20,0.5403508543968201,0.4997973144054413,0.001,64,0,3,NA,NA,NA,NA,NA,NA,NA,NA,NA,NA,NA,NA,NA,NA,NA
4,Softmax,True,additive,8,4,4,16,0.2,20,0.6508771777153015,0.4588829278945923,0.001,64,0,3,NA,NA,NA,NA,NA,NA,NA,NA,NA,NA,NA,NA,NA,NA,NA
5,Softmax,True,additive,8,4,4,16,0.2,20,0.5258145332336426,0.4498416483402252,0.001,64,0,3,NA,NA,NA,NA,NA,NA,NA,NA,NA,NA,NA,NA,NA,NA,NA
6,Softmax,True,additive,8,4,4,16,0.2,20,0.6754385232925415,0.4034944772720337,0.001,64,0,3,NA,NA,NA,NA,NA,NA,NA,NA,NA,NA,NA,NA,NA,NA,NA
7,Softmax,True,additive,8,4,4,16,0.2,20,0.7614035606384277,0.3717852532863617,0.001,64,0,3,NA,NA,NA,NA,NA,NA,NA,NA,NA,NA,NA,NA,NA,NA,NA
8,Softmax,True,additive,8,4,4,16,0.2,20,0.761403501033783,0.33206507563591003,0.001,64,0,3,NA,NA,NA,NA,NA,NA,NA,NA,NA,NA,NA,NA,NA,NA,NA
9,Softmax,True,additive,8,4,4,16,0.2,20,0.7060150504112244,0.3146829307079315,0.001,64,0,3,NA,NA,NA,NA,NA,NA,NA,NA,NA,NA,NA,NA,NA,NA,NA
10,Softmax,True,additive,8,4,4,16,0.2,20,0.752882182598114,0.29459038376808167,0.001,64,0,3,NA,NA,NA,NA,NA,NA,NA,NA,NA,NA,NA,NA,NA,NA,NA
0,Softmax,True,additive,8,4,4,16,0.2,20,0.3578946888446808,0.7838285565376282,0.001,64,1,3,NA,NA,NA,NA,NA,NA,NA,NA,NA,NA,NA,NA,NA,NA,NA
1,Softmax,True,additive,8,4,4,16,0.2,20,0.6771930456161499,0.6014615893363953,0.001,64,1,3,NA,NA,NA,NA,NA,NA,NA,NA,NA,NA,NA,NA,NA,NA,NA
2,Softmax,True,additive,8,4,4,16,0.2,20,0.6210526823997498,0.5632316470146179,0.001,64,1,3,NA,NA,NA,NA,NA,NA,NA,NA,NA,NA,NA,NA,NA,NA,NA
3,Softmax,True,additive,8,4,4,16,0.2,20,0.6105263233184814,0.5179743766784668,0.001,64,1,3,NA,NA,NA,NA,NA,NA,NA,NA,NA,NA,NA,NA,NA,NA,NA
4,Softmax,True,additive,8,4,4,16,0.2,20,0.6604010462760925,0.5059739947319031,0.001,64,1,3,NA,NA,NA,NA,NA,NA,NA,NA,NA,NA,NA,NA,NA,NA,NA
0,Softmax,True,additive,8,4,4,16,0.2,20,0.4449999928474426,0.7127297520637512,0.001,64,2,3,NA,NA,NA,NA,NA,NA,NA,NA,NA,NA,NA,NA,NA,NA,NA
1,Softmax,True,additive,8,4,4,16,0.2,20,0.3583332896232605,0.5754740834236145,0.001,64,2,3,NA,NA,NA,NA,NA,NA,NA,NA,NA,NA,NA,NA,NA,NA,NA
2,Softmax,True,additive,8,4,4,16,0.2,20,0.49000000953674316,0.5952247381210327,0.001,64,2,3,NA,NA,NA,NA,NA,NA,NA,NA,NA,NA,NA,NA,NA,NA,NA
3,Softmax,True,additive,8,4,4,16,0.2,20,0.5099999904632568,0.5768918395042419,0.001,64,2,3,NA,NA,NA,NA,NA,NA,NA,NA,NA,NA,NA,NA,NA,NA,NA
4,Softmax,True,additive,8,4,4,16,0.2,20,0.5590476393699646,0.5338835120201111,0.001,64,2,3,NA,NA,NA,NA,NA,NA,NA,NA,NA,NA,NA,NA,NA,NA,NA
5,Softmax,True,additive,8,4,4,16,0.2,20,0.4949999749660492,0.4823218882083893,0.001,64,2,3,NA,NA,NA,NA,NA,NA,NA,NA,NA,NA,NA,NA,NA,NA,NA
6,Softmax,True,additive,8,4,4,16,0.2,20,0.7133333683013916,0.4936310946941376,0.001,64,2,3,NA,NA,NA,NA,NA,NA,NA,NA,NA,NA,NA,NA,NA,NA,NA
7,Softmax,True,additive,8,4,4,16,0.2,20,0.5811904668807983,0.4426516890525818,0.001,64,2,3,NA,NA,NA,NA,NA,NA,NA,NA,NA,NA,NA,NA,NA,NA,NA
8,Softmax,True,additive,8,4,4,16,0.2,20,0.6299999952316284,0.46326833963394165,0.001,64,2,3,NA,NA,NA,NA,NA,NA,NA,NA,NA,NA,NA,NA,NA,NA,NA
9,Softmax,True,additive,8,4,4,16,0.2,20,0.7116667032241821,0.4172467887401581,0.001,64,2,3,NA,NA,NA,NA,NA,NA,NA,NA,NA,NA,NA,NA,NA,NA,NA
0,Softmax,True,additive,8,4,4,16,0.2,20,0.41452375054359436,0.7086080312728882,0.001,64,3,3,NA,NA,NA,NA,NA,NA,NA,NA,NA,NA,NA,NA,NA,NA,NA
1,Softmax,True,additive,8,4,4,16,0.2,20,0.3583333194255829,0.657190203666687,0.001,64,3,3,NA,NA,NA,NA,NA,NA,NA,NA,NA,NA,NA,NA,NA,NA,NA
2,Softmax,True,additive,8,4,4,16,0.2,20,0.5766666531562805,0.6186441779136658,0.001,64,3,3,NA,NA,NA,NA,NA,NA,NA,NA,NA,NA,NA,NA,NA,NA,NA
3,Softmax,True,additive,8,4,4,16,0.2,20,0.37333327531814575,0.5829241871833801,0.001,64,3,3,NA,NA,NA,NA,NA,NA,NA,NA,NA,NA,NA,NA,NA,NA,NA
4,Softmax,True,additive,8,4,4,16,0.2,20,0.6683333516120911,0.5555397868156433,0.001,64,3,3,NA,NA,NA,NA,NA,NA,NA,NA,NA,NA,NA,NA,NA,NA,NA
5,Softmax,True,additive,8,4,4,16,0.2,20,0.625,0.5131668448448181,0.001,64,3,3,NA,NA,NA,NA,NA,NA,NA,NA,NA,NA,NA,NA,NA,NA,NA
6,Softmax,True,additive,8,4,4,16,0.2,20,0.5149999856948853,0.5043887495994568,0.001,64,3,3,NA,NA,NA,NA,NA,NA,NA,NA,NA,NA,NA,NA,NA,NA,NA
7,Softmax,True,additive,8,4,4,16,0.2,20,0.6133333444595337,0.4490775167942047,0.001,64,3,3,NA,NA,NA,NA,NA,NA,NA,NA,NA,NA,NA,NA,NA,NA,NA
0,Softmax,True,additive,8,4,4,16,0.2,20,0.49000000953674316,0.6373800039291382,0.001,64,0,4,NA,NA,NA,NA,NA,NA,NA,NA,NA,NA,NA,NA,NA,NA,NA
1,Softmax,True,additive,8,4,4,16,0.2,20,0.5607142448425293,0.5862132906913757,0.001,64,0,4,NA,NA,NA,NA,NA,NA,NA,NA,NA,NA,NA,NA,NA,NA,NA
2,Softmax,True,additive,8,4,4,16,0.2,20,0.5400000214576721,0.4959138035774231,0.001,64,0,4,NA,NA,NA,NA,NA,NA,NA,NA,NA,NA,NA,NA,NA,NA,NA
3,Softmax,True,additive,8,4,4,16,0.2,20,0.6366666555404663,0.4233801066875458,0.001,64,0,4,NA,NA,NA,NA,NA,NA,NA,NA,NA,NA,NA,NA,NA,NA,NA
4,Softmax,True,additive,8,4,4,16,0.2,20,0.5449999570846558,0.3875143826007843,0.001,64,0,4,NA,NA,NA,NA,NA,NA,NA,NA,NA,NA,NA,NA,NA,NA,NA
5,Softmax,True,additive,8,4,4,16,0.2,20,0.6366666555404663,0.3959471583366394,0.001,64,0,4,NA,NA,NA,NA,NA,NA,NA,NA,NA,NA,NA,NA,NA,NA,NA
6,Softmax,True,additive,8,4,4,16,0.2,20,0.6066666841506958,0.4081040024757385,0.001,64,0,4,NA,NA,NA,NA,NA,NA,NA,NA,NA,NA,NA,NA,NA,NA,NA
0,Softmax,True,additive,8,4,4,16,0.2,20,0.48666661977767944,0.688328206539154,0.001,64,1,4,NA,NA,NA,NA,NA,NA,NA,NA,NA,NA,NA,NA,NA,NA,NA
1,Softmax,True,additive,8,4,4,16,0.2,20,0.5900000333786011,0.5375238656997681,0.001,64,1,4,NA,NA,NA,NA,NA,NA,NA,NA,NA,NA,NA,NA,NA,NA,NA
2,Softmax,True,additive,8,4,4,16,0.2,20,0.4416666030883789,0.5316282510757446,0.001,64,1,4,NA,NA,NA,NA,NA,NA,NA,NA,NA,NA,NA,NA,NA,NA,NA
3,Softmax,True,additive,8,4,4,16,0.2,20,0.6916666626930237,0.5196548700332642,0.001,64,1,4,NA,NA,NA,NA,NA,NA,NA,NA,NA,NA,NA,NA,NA,NA,NA
4,Softmax,True,additive,8,4,4,16,0.2,20,0.4966666102409363,0.4701429605484009,0.001,64,1,4,NA,NA,NA,NA,NA,NA,NA,NA,NA,NA,NA,NA,NA,NA,NA
5,Softmax,True,additive,8,4,4,16,0.2,20,0.621666669845581,0.49628350138664246,0.001,64,1,4,NA,NA,NA,NA,NA,NA,NA,NA,NA,NA,NA,NA,NA,NA,NA
6,Softmax,True,additive,8,4,4,16,0.2,20,0.6395238041877747,0.4468024969100952,0.001,64,1,4,NA,NA,NA,NA,NA,NA,NA,NA,NA,NA,NA,NA,NA,NA,NA
0,Softmax,True,additive,8,4,4,16,0.2,20,0.3995237946510315,0.6830908060073853,0.001,64,2,4,NA,NA,NA,NA,NA,NA,NA,NA,NA,NA,NA,NA,NA,NA,NA
1,Softmax,True,additive,8,4,4,16,0.2,20,0.3749999403953552,0.6164360642433167,0.001,64,2,4,NA,NA,NA,NA,NA,NA,NA,NA,NA,NA,NA,NA,NA,NA,NA
2,Softmax,True,additive,8,4,4,16,0.2,20,0.6528571248054504,0.5593017339706421,0.001,64,2,4,NA,NA,NA,NA,NA,NA,NA,NA,NA,NA,NA,NA,NA,NA,NA
3,Softmax,True,additive,8,4,4,16,0.2,20,0.5649999976158142,0.515491247177124,0.001,64,2,4,NA,NA,NA,NA,NA,NA,NA,NA,NA,NA,NA,NA,NA,NA,NA
4,Softmax,True,additive,8,4,4,16,0.2,20,0.5211905241012573,0.5265017747879028,0.001,64,2,4,NA,NA,NA,NA,NA,NA,NA,NA,NA,NA,NA,NA,NA,NA,NA
5,Softmax,True,additive,8,4,4,16,0.2,20,0.539523720741272,0.5191022753715515,0.001,64,2,4,NA,NA,NA,NA,NA,NA,NA,NA,NA,NA,NA,NA,NA,NA,NA
0,Softmax,True,additive,8,4,4,16,0.2,20,0.2699999511241913,0.683073103427887,0.001,64,3,4,NA,NA,NA,NA,NA,NA,NA,NA,NA,NA,NA,NA,NA,NA,NA
1,Softmax,True,additive,8,4,4,16,0.2,20,0.4957142770290375,0.636570930480957,0.001,64,3,4,NA,NA,NA,NA,NA,NA,NA,NA,NA,NA,NA,NA,NA,NA,NA
2,Softmax,True,additive,8,4,4,16,0.2,20,0.49166661500930786,0.5835846662521362,0.001,64,3,4,NA,NA,NA,NA,NA,NA,NA,NA,NA,NA,NA,NA,NA,NA,NA
3,Softmax,True,additive,8,4,4,16,0.2,20,0.6066666841506958,0.558179497718811,0.001,64,3,4,NA,NA,NA,NA,NA,NA,NA,NA,NA,NA,NA,NA,NA,NA,NA
4,Softmax,True,additive,8,4,4,16,0.2,20,0.41499996185302734,0.5544953346252441,0.001,64,3,4,NA,NA,NA,NA,NA,NA,NA,NA,NA,NA,NA,NA,NA,NA,NA
5,Softmax,True,additive,8,4,4,16,0.2,20,0.537857174873352,0.5732147097587585,0.001,64,3,4,NA,NA,NA,NA,NA,NA,NA,NA,NA,NA,NA,NA,NA,NA,NA
6,Softmax,True,additive,8,4,4,16,0.2,20,0.616190493106842,0.4657660722732544,0.001,64,3,4,NA,NA,NA,NA,NA,NA,NA,NA,NA,NA,NA,NA,NA,NA,NA
7,Softmax,True,additive,8,4,4,16,0.2,20,0.6733333468437195,0.4581597149372101,0.001,64,3,4,NA,NA,NA,NA,NA,NA,NA,NA,NA,NA,NA,NA,NA,NA,NA
8,Softmax,True,additive,8,4,4,16,0.2,20,0.6333333253860474,0.4123680889606476,0.001,64,3,4,NA,NA,NA,NA,NA,NA,NA,NA,NA,NA,NA,NA,NA,NA,NA
9,Softmax,True,additive,8,4,4,16,0.2,20,0.6116666197776794,0.4197634756565094,0.001,64,3,4,NA,NA,NA,NA,NA,NA,NA,NA,NA,NA,NA,NA,NA,NA,NA
10,Softmax,True,additive,8,4,4,16,0.2,20,0.5849999785423279,0.3698793351650238,0.001,64,3,4,NA,NA,NA,NA,NA,NA,NA,NA,NA,NA,NA,NA,NA,NA,NA
0,Softmax,True,additive,8,4,4,16,0.2,20,0.23999996483325958,0.7084428668022156,0.001,64,0,5,NA,NA,NA,NA,NA,NA,NA,NA,NA,NA,NA,NA,NA,NA,NA
1,Softmax,True,additive,8,4,4,16,0.2,20,0.49238091707229614,0.6359175443649292,0.001,64,0,5,NA,NA,NA,NA,NA,NA,NA,NA,NA,NA,NA,NA,NA,NA,NA
2,Softmax,True,additive,8,4,4,16,0.2,20,0.4816666543483734,0.6051985621452332,0.001,64,0,5,NA,NA,NA,NA,NA,NA,NA,NA,NA,NA,NA,NA,NA,NA,NA
3,Softmax,True,additive,8,4,4,16,0.2,20,0.46833330392837524,0.5541843771934509,0.001,64,0,5,NA,NA,NA,NA,NA,NA,NA,NA,NA,NA,NA,NA,NA,NA,NA
4,Softmax,True,additive,8,4,4,16,0.2,20,0.4761904180049896,0.5596098899841309,0.001,64,0,5,NA,NA,NA,NA,NA,NA,NA,NA,NA,NA,NA,NA,NA,NA,NA
0,Softmax,True,additive,8,4,4,16,0.2,20,0.5266666412353516,0.6895370483398438,0.001,64,1,5,NA,NA,NA,NA,NA,NA,NA,NA,NA,NA,NA,NA,NA,NA,NA
1,Softmax,True,additive,8,4,4,16,0.2,20,0.40166664123535156,0.6209879517555237,0.001,64,1,5,NA,NA,NA,NA,NA,NA,NA,NA,NA,NA,NA,NA,NA,NA,NA
2,Softmax,True,additive,8,4,4,16,0.2,20,0.5195237994194031,0.5887120962142944,0.001,64,1,5,NA,NA,NA,NA,NA,NA,NA,NA,NA,NA,NA,NA,NA,NA,NA
3,Softmax,True,additive,8,4,4,16,0.2,20,0.690000057220459,0.5740275979042053,0.001,64,1,5,NA,NA,NA,NA,NA,NA,NA,NA,NA,NA,NA,NA,NA,NA,NA
4,Softmax,True,additive,8,4,4,16,0.2,20,0.5211904644966125,0.5447221994400024,0.001,64,1,5,NA,NA,NA,NA,NA,NA,NA,NA,NA,NA,NA,NA,NA,NA,NA
5,Softmax,True,additive,8,4,4,16,0.2,20,0.5311904549598694,0.5693978071212769,0.001,64,1,5,NA,NA,NA,NA,NA,NA,NA,NA,NA,NA,NA,NA,NA,NA,NA
6,Softmax,True,additive,8,4,4,16,0.2,20,0.5178570747375488,0.556671679019928,0.001,64,1,5,NA,NA,NA,NA,NA,NA,NA,NA,NA,NA,NA,NA,NA,NA,NA
0,Softmax,True,additive,8,4,4,16,0.2,20,0.30833330750465393,0.689732015132904,0.001,64,2,5,NA,NA,NA,NA,NA,NA,NA,NA,NA,NA,NA,NA,NA,NA,NA
1,Softmax,True,additive,8,4,4,16,0.2,20,0.38666659593582153,0.6601775884628296,0.001,64,2,5,NA,NA,NA,NA,NA,NA,NA,NA,NA,NA,NA,NA,NA,NA,NA
2,Softmax,True,additive,8,4,4,16,0.2,20,0.5533333420753479,0.6138148903846741,0.001,64,2,5,NA,NA,NA,NA,NA,NA,NA,NA,NA,NA,NA,NA,NA,NA,NA
3,Softmax,True,additive,8,4,4,16,0.2,20,0.48499998450279236,0.5769951343536377,0.001,64,2,5,NA,NA,NA,NA,NA,NA,NA,NA,NA,NA,NA,NA,NA,NA,NA
4,Softmax,True,additive,8,4,4,16,0.2,20,0.49785715341567993,0.5842000842094421,0.001,64,2,5,NA,NA,NA,NA,NA,NA,NA,NA,NA,NA,NA,NA,NA,NA,NA
5,Softmax,True,additive,8,4,4,16,0.2,20,0.522857129573822,0.5214115381240845,0.001,64,2,5,NA,NA,NA,NA,NA,NA,NA,NA,NA,NA,NA,NA,NA,NA,NA
0,Softmax,True,additive,8,4,4,16,0.2,20,0.39833328127861023,0.7069021463394165,0.001,64,3,5,NA,NA,NA,NA,NA,NA,NA,NA,NA,NA,NA,NA,NA,NA,NA
1,Softmax,True,additive,8,4,4,16,0.2,20,0.5116666555404663,0.6338415741920471,0.001,64,3,5,NA,NA,NA,NA,NA,NA,NA,NA,NA,NA,NA,NA,NA,NA,NA
2,Softmax,True,additive,8,4,4,16,0.2,20,0.6245237588882446,0.5975688099861145,0.001,64,3,5,NA,NA,NA,NA,NA,NA,NA,NA,NA,NA,NA,NA,NA,NA,NA
3,Softmax,True,additive,8,4,4,16,0.2,20,0.4895237982273102,0.641355037689209,0.001,64,3,5,NA,NA,NA,NA,NA,NA,NA,NA,NA,NA,NA,NA,NA,NA,NA
4,Softmax,True,additive,8,4,4,16,0.2,20,0.44952377676963806,0.6166114211082458,0.001,64,3,5,NA,NA,NA,NA,NA,NA,NA,NA,NA,NA,NA,NA,NA,NA,NA
5,Softmax,True,additive,8,4,4,16,0.2,20,0.5978571772575378,0.5677054524421692,0.001,64,3,5,NA,NA,NA,NA,NA,NA,NA,NA,NA,NA,NA,NA,NA,NA,NA
