epoch,att_act,att_hist,att_type,att_units,att_window,batch_size,dense_units,dropout,epochs,keras_f1_score,loss,lr,lstm_units,ofold,task,val_att_act,val_att_hist,val_att_type,val_att_units,val_att_window,val_batch_size,val_dense_units,val_dropout,val_epochs,val_keras_f1_score,val_loss,val_lr,val_lstm_units,val_ofold,val_task
0,,False,multiplicative,,4,4,32,0.2,20,0.15338343381881714,0.7833495140075684,0.001,64,0,1,NA,NA,NA,NA,NA,NA,NA,NA,NA,NA,NA,NA,NA,NA,NA
1,,False,multiplicative,,4,4,32,0.2,20,0.13859647512435913,0.7015637159347534,0.001,64,0,1,NA,NA,NA,NA,NA,NA,NA,NA,NA,NA,NA,NA,NA,NA,NA
2,,False,multiplicative,,4,4,32,0.2,20,0.3578946888446808,0.6396998763084412,0.001,64,0,1,NA,NA,NA,NA,NA,NA,NA,NA,NA,NA,NA,NA,NA,NA,NA
3,,False,multiplicative,,4,4,32,0.2,20,0.3842104971408844,0.60653156042099,0.001,64,0,1,NA,NA,NA,NA,NA,NA,NA,NA,NA,NA,NA,NA,NA,NA,NA
4,,False,multiplicative,,4,4,32,0.2,20,0.519298255443573,0.5435928106307983,0.001,64,0,1,NA,NA,NA,NA,NA,NA,NA,NA,NA,NA,NA,NA,NA,NA,NA
5,,False,multiplicative,,4,4,32,0.2,20,0.5649123191833496,0.48834487795829773,0.001,64,0,1,NA,NA,NA,NA,NA,NA,NA,NA,NA,NA,NA,NA,NA,NA,NA
6,,False,multiplicative,,4,4,32,0.2,20,0.6105262637138367,0.3967222571372986,0.001,64,0,1,NA,NA,NA,NA,NA,NA,NA,NA,NA,NA,NA,NA,NA,NA,NA
7,,False,multiplicative,,4,4,32,0.2,20,0.5333333015441895,0.39431819319725037,0.001,64,0,1,NA,NA,NA,NA,NA,NA,NA,NA,NA,NA,NA,NA,NA,NA,NA
8,,False,multiplicative,,4,4,32,0.2,20,0.6135337948799133,0.3746837377548218,0.001,64,0,1,NA,NA,NA,NA,NA,NA,NA,NA,NA,NA,NA,NA,NA,NA,NA
9,,False,multiplicative,,4,4,32,0.2,20,0.7538847327232361,0.30234917998313904,0.001,64,0,1,NA,NA,NA,NA,NA,NA,NA,NA,NA,NA,NA,NA,NA,NA,NA
10,,False,multiplicative,,4,4,32,0.2,20,0.6105262637138367,0.274446964263916,0.001,64,0,1,NA,NA,NA,NA,NA,NA,NA,NA,NA,NA,NA,NA,NA,NA,NA
11,,False,multiplicative,,4,4,32,0.2,20,0.7025062441825867,0.25226616859436035,0.001,64,0,1,NA,NA,NA,NA,NA,NA,NA,NA,NA,NA,NA,NA,NA,NA,NA
12,,False,multiplicative,,4,4,32,0.2,20,0.7644110918045044,0.20139402151107788,0.001,64,0,1,NA,NA,NA,NA,NA,NA,NA,NA,NA,NA,NA,NA,NA,NA,NA
13,,False,multiplicative,,4,4,32,0.2,20,0.7175438404083252,0.22700223326683044,0.001,64,0,1,NA,NA,NA,NA,NA,NA,NA,NA,NA,NA,NA,NA,NA,NA,NA
14,,False,multiplicative,,4,4,32,0.2,20,0.7744360566139221,0.16700226068496704,0.001,64,0,1,NA,NA,NA,NA,NA,NA,NA,NA,NA,NA,NA,NA,NA,NA,NA
15,,False,multiplicative,,4,4,32,0.2,20,0.9398495554924011,0.14609189331531525,0.001,64,0,1,NA,NA,NA,NA,NA,NA,NA,NA,NA,NA,NA,NA,NA,NA,NA
16,,False,multiplicative,,4,4,32,0.2,20,0.9122806191444397,0.1304023116827011,0.001,64,0,1,NA,NA,NA,NA,NA,NA,NA,NA,NA,NA,NA,NA,NA,NA,NA
17,,False,multiplicative,,4,4,32,0.2,20,0.8696742057800293,0.10587697476148605,0.001,64,0,1,NA,NA,NA,NA,NA,NA,NA,NA,NA,NA,NA,NA,NA,NA,NA
18,,False,multiplicative,,4,4,32,0.2,20,0.7644109725952148,0.10091579705476761,0.001,64,0,1,NA,NA,NA,NA,NA,NA,NA,NA,NA,NA,NA,NA,NA,NA,NA
0,,False,multiplicative,,4,4,32,0.2,20,0.24636590480804443,0.8330289125442505,0.001,64,1,1,NA,NA,NA,NA,NA,NA,NA,NA,NA,NA,NA,NA,NA,NA,NA
1,,False,multiplicative,,4,4,32,0.2,20,0.14912277460098267,0.6722056269645691,0.001,64,1,1,NA,NA,NA,NA,NA,NA,NA,NA,NA,NA,NA,NA,NA,NA,NA
2,,False,multiplicative,,4,4,32,0.2,20,0.31578943133354187,0.6300787925720215,0.001,64,1,1,NA,NA,NA,NA,NA,NA,NA,NA,NA,NA,NA,NA,NA,NA,NA
3,,False,multiplicative,,4,4,32,0.2,20,0.5350877046585083,0.5617517828941345,0.001,64,1,1,NA,NA,NA,NA,NA,NA,NA,NA,NA,NA,NA,NA,NA,NA,NA
4,,False,multiplicative,,4,4,32,0.2,20,0.5701754093170166,0.5131099224090576,0.001,64,1,1,NA,NA,NA,NA,NA,NA,NA,NA,NA,NA,NA,NA,NA,NA,NA
5,,False,multiplicative,,4,4,32,0.2,20,0.4105263352394104,0.42237821221351624,0.001,64,1,1,NA,NA,NA,NA,NA,NA,NA,NA,NA,NA,NA,NA,NA,NA,NA
6,,False,multiplicative,,4,4,32,0.2,20,0.6468671560287476,0.33495885133743286,0.001,64,1,1,NA,NA,NA,NA,NA,NA,NA,NA,NA,NA,NA,NA,NA,NA,NA
7,,False,multiplicative,,4,4,32,0.2,20,0.7491227984428406,0.2888319492340088,0.001,64,1,1,NA,NA,NA,NA,NA,NA,NA,NA,NA,NA,NA,NA,NA,NA,NA
8,,False,multiplicative,,4,4,32,0.2,20,0.6666666269302368,0.24088577926158905,0.001,64,1,1,NA,NA,NA,NA,NA,NA,NA,NA,NA,NA,NA,NA,NA,NA,NA
9,,False,multiplicative,,4,4,32,0.2,20,0.8210526704788208,0.1836748570203781,0.001,64,1,1,NA,NA,NA,NA,NA,NA,NA,NA,NA,NA,NA,NA,NA,NA,NA
10,,False,multiplicative,,4,4,32,0.2,20,0.8736842274665833,0.14641883969306946,0.001,64,1,1,NA,NA,NA,NA,NA,NA,NA,NA,NA,NA,NA,NA,NA,NA,NA
11,,False,multiplicative,,4,4,32,0.2,20,0.761403501033783,0.14170758426189423,0.001,64,1,1,NA,NA,NA,NA,NA,NA,NA,NA,NA,NA,NA,NA,NA,NA,NA
12,,False,multiplicative,,4,4,32,0.2,20,0.8872179985046387,0.10949714481830597,0.001,64,1,1,NA,NA,NA,NA,NA,NA,NA,NA,NA,NA,NA,NA,NA,NA,NA
13,,False,multiplicative,,4,4,32,0.2,20,0.8421052694320679,0.06399038434028625,0.001,64,1,1,NA,NA,NA,NA,NA,NA,NA,NA,NA,NA,NA,NA,NA,NA,NA
14,,False,multiplicative,,4,4,32,0.2,20,0.7263157963752747,0.06788719445466995,0.001,64,1,1,NA,NA,NA,NA,NA,NA,NA,NA,NA,NA,NA,NA,NA,NA,NA
15,,False,multiplicative,,4,4,32,0.2,20,0.9473684430122375,0.045972660183906555,0.001,64,1,1,NA,NA,NA,NA,NA,NA,NA,NA,NA,NA,NA,NA,NA,NA,NA
16,,False,multiplicative,,4,4,32,0.2,20,0.7894737124443054,0.04098637029528618,0.001,64,1,1,NA,NA,NA,NA,NA,NA,NA,NA,NA,NA,NA,NA,NA,NA,NA
17,,False,multiplicative,,4,4,32,0.2,20,0.8947368264198303,0.03209325671195984,0.001,64,1,1,NA,NA,NA,NA,NA,NA,NA,NA,NA,NA,NA,NA,NA,NA,NA
18,,False,multiplicative,,4,4,32,0.2,20,0.8947368264198303,0.020017163828015327,0.001,64,1,1,NA,NA,NA,NA,NA,NA,NA,NA,NA,NA,NA,NA,NA,NA,NA
0,,False,multiplicative,,4,4,32,0.2,20,0.14035086333751678,0.8065465092658997,0.001,64,2,1,NA,NA,NA,NA,NA,NA,NA,NA,NA,NA,NA,NA,NA,NA,NA
1,,False,multiplicative,,4,4,32,0.2,20,0.4964911937713623,0.6239949464797974,0.001,64,2,1,NA,NA,NA,NA,NA,NA,NA,NA,NA,NA,NA,NA,NA,NA,NA
2,,False,multiplicative,,4,4,32,0.2,20,0.45263156294822693,0.5437560081481934,0.001,64,2,1,NA,NA,NA,NA,NA,NA,NA,NA,NA,NA,NA,NA,NA,NA,NA
3,,False,multiplicative,,4,4,32,0.2,20,0.601754367351532,0.43714508414268494,0.001,64,2,1,NA,NA,NA,NA,NA,NA,NA,NA,NA,NA,NA,NA,NA,NA,NA
4,,False,multiplicative,,4,4,32,0.2,20,0.699999988079071,0.3580770790576935,0.001,64,2,1,NA,NA,NA,NA,NA,NA,NA,NA,NA,NA,NA,NA,NA,NA,NA
5,,False,multiplicative,,4,4,32,0.2,20,0.8210526704788208,0.28356319665908813,0.001,64,2,1,NA,NA,NA,NA,NA,NA,NA,NA,NA,NA,NA,NA,NA,NA,NA
6,,False,multiplicative,,4,4,32,0.2,20,0.8035087585449219,0.267946720123291,0.001,64,2,1,NA,NA,NA,NA,NA,NA,NA,NA,NA,NA,NA,NA,NA,NA,NA
7,,False,multiplicative,,4,4,32,0.2,20,0.7929824590682983,0.18407860398292542,0.001,64,2,1,NA,NA,NA,NA,NA,NA,NA,NA,NA,NA,NA,NA,NA,NA,NA
8,,False,multiplicative,,4,4,32,0.2,20,0.7508772015571594,0.1641024500131607,0.001,64,2,1,NA,NA,NA,NA,NA,NA,NA,NA,NA,NA,NA,NA,NA,NA,NA
0,,False,multiplicative,,4,4,32,0.2,20,0.1438596248626709,0.7525795698165894,0.001,64,3,1,NA,NA,NA,NA,NA,NA,NA,NA,NA,NA,NA,NA,NA,NA,NA
1,,False,multiplicative,,4,4,32,0.2,20,0.352631539106369,0.6761630773544312,0.001,64,3,1,NA,NA,NA,NA,NA,NA,NA,NA,NA,NA,NA,NA,NA,NA,NA
2,,False,multiplicative,,4,4,32,0.2,20,0.31228068470954895,0.6164612174034119,0.001,64,3,1,NA,NA,NA,NA,NA,NA,NA,NA,NA,NA,NA,NA,NA,NA,NA
3,,False,multiplicative,,4,4,32,0.2,20,0.5947368144989014,0.5561719536781311,0.001,64,3,1,NA,NA,NA,NA,NA,NA,NA,NA,NA,NA,NA,NA,NA,NA,NA
4,,False,multiplicative,,4,4,32,0.2,20,0.6228070259094238,0.45886123180389404,0.001,64,3,1,NA,NA,NA,NA,NA,NA,NA,NA,NA,NA,NA,NA,NA,NA,NA
5,,False,multiplicative,,4,4,32,0.2,20,0.6907267570495605,0.39912259578704834,0.001,64,3,1,NA,NA,NA,NA,NA,NA,NA,NA,NA,NA,NA,NA,NA,NA,NA
6,,False,multiplicative,,4,4,32,0.2,20,0.6626566052436829,0.30542266368865967,0.001,64,3,1,NA,NA,NA,NA,NA,NA,NA,NA,NA,NA,NA,NA,NA,NA,NA
7,,False,multiplicative,,4,4,32,0.2,20,0.7884711027145386,0.2481936663389206,0.001,64,3,1,NA,NA,NA,NA,NA,NA,NA,NA,NA,NA,NA,NA,NA,NA,NA
8,,False,multiplicative,,4,4,32,0.2,20,0.7719298005104065,0.19974400103092194,0.001,64,3,1,NA,NA,NA,NA,NA,NA,NA,NA,NA,NA,NA,NA,NA,NA,NA
9,,False,multiplicative,,4,4,32,0.2,20,0.8491228222846985,0.20345062017440796,0.001,64,3,1,NA,NA,NA,NA,NA,NA,NA,NA,NA,NA,NA,NA,NA,NA,NA
10,,False,multiplicative,,4,4,32,0.2,20,0.8416039943695068,0.16108888387680054,0.001,64,3,1,NA,NA,NA,NA,NA,NA,NA,NA,NA,NA,NA,NA,NA,NA,NA
11,,False,multiplicative,,4,4,32,0.2,20,0.8315789699554443,0.12494774162769318,0.001,64,3,1,NA,NA,NA,NA,NA,NA,NA,NA,NA,NA,NA,NA,NA,NA,NA
12,,False,multiplicative,,4,4,32,0.2,20,0.8947367668151855,0.08740648627281189,0.001,64,3,1,NA,NA,NA,NA,NA,NA,NA,NA,NA,NA,NA,NA,NA,NA,NA
13,,False,multiplicative,,4,4,32,0.2,20,0.884210467338562,0.0720248818397522,0.001,64,3,1,NA,NA,NA,NA,NA,NA,NA,NA,NA,NA,NA,NA,NA,NA,NA
14,,False,multiplicative,,4,4,32,0.2,20,0.7719298005104065,0.06107727065682411,0.001,64,3,1,NA,NA,NA,NA,NA,NA,NA,NA,NA,NA,NA,NA,NA,NA,NA
15,,False,multiplicative,,4,4,32,0.2,20,0.8947368264198303,0.05105077102780342,0.001,64,3,1,NA,NA,NA,NA,NA,NA,NA,NA,NA,NA,NA,NA,NA,NA,NA
0,,False,multiplicative,,4,4,32,0.2,20,0.3383333086967468,0.7507244348526001,0.001,64,0,2,NA,NA,NA,NA,NA,NA,NA,NA,NA,NA,NA,NA,NA,NA,NA
1,,False,multiplicative,,4,4,32,0.2,20,0.13333331048488617,0.6756046414375305,0.001,64,0,2,NA,NA,NA,NA,NA,NA,NA,NA,NA,NA,NA,NA,NA,NA,NA
2,,False,multiplicative,,4,4,32,0.2,20,0.3349999785423279,0.6815158128738403,0.001,64,0,2,NA,NA,NA,NA,NA,NA,NA,NA,NA,NA,NA,NA,NA,NA,NA
3,,False,multiplicative,,4,4,32,0.2,20,0.30119043588638306,0.6585838198661804,0.001,64,0,2,NA,NA,NA,NA,NA,NA,NA,NA,NA,NA,NA,NA,NA,NA,NA
0,,False,multiplicative,,4,4,32,0.2,20,0.34166663885116577,0.7643852829933167,0.001,64,1,2,NA,NA,NA,NA,NA,NA,NA,NA,NA,NA,NA,NA,NA,NA,NA
1,,False,multiplicative,,4,4,32,0.2,20,0.3511904180049896,0.6506119966506958,0.001,64,1,2,NA,NA,NA,NA,NA,NA,NA,NA,NA,NA,NA,NA,NA,NA,NA
2,,False,multiplicative,,4,4,32,0.2,20,0.383333295583725,0.6191210150718689,0.001,64,1,2,NA,NA,NA,NA,NA,NA,NA,NA,NA,NA,NA,NA,NA,NA,NA
3,,False,multiplicative,,4,4,32,0.2,20,0.47333329916000366,0.5845193862915039,0.001,64,1,2,NA,NA,NA,NA,NA,NA,NA,NA,NA,NA,NA,NA,NA,NA,NA
4,,False,multiplicative,,4,4,32,0.2,20,0.5678571462631226,0.5293604135513306,0.001,64,1,2,NA,NA,NA,NA,NA,NA,NA,NA,NA,NA,NA,NA,NA,NA,NA
5,,False,multiplicative,,4,4,32,0.2,20,0.5495237708091736,0.44609612226486206,0.001,64,1,2,NA,NA,NA,NA,NA,NA,NA,NA,NA,NA,NA,NA,NA,NA,NA
6,,False,multiplicative,,4,4,32,0.2,20,0.582857072353363,0.4140019118785858,0.001,64,1,2,NA,NA,NA,NA,NA,NA,NA,NA,NA,NA,NA,NA,NA,NA,NA
7,,False,multiplicative,,4,4,32,0.2,20,0.8316666483879089,0.32408878207206726,0.001,64,1,2,NA,NA,NA,NA,NA,NA,NA,NA,NA,NA,NA,NA,NA,NA,NA
8,,False,multiplicative,,4,4,32,0.2,20,0.7633333206176758,0.2843938171863556,0.001,64,1,2,NA,NA,NA,NA,NA,NA,NA,NA,NA,NA,NA,NA,NA,NA,NA
9,,False,multiplicative,,4,4,32,0.2,20,0.7045238614082336,0.2982078194618225,0.001,64,1,2,NA,NA,NA,NA,NA,NA,NA,NA,NA,NA,NA,NA,NA,NA,NA
10,,False,multiplicative,,4,4,32,0.2,20,0.6550000309944153,0.2594759464263916,0.001,64,1,2,NA,NA,NA,NA,NA,NA,NA,NA,NA,NA,NA,NA,NA,NA,NA
0,,False,multiplicative,,4,4,32,0.2,20,0.30166664719581604,0.7480048537254333,0.001,64,2,2,NA,NA,NA,NA,NA,NA,NA,NA,NA,NA,NA,NA,NA,NA,NA
1,,False,multiplicative,,4,4,32,0.2,20,0.567380964756012,0.6477029323577881,0.001,64,2,2,NA,NA,NA,NA,NA,NA,NA,NA,NA,NA,NA,NA,NA,NA,NA
2,,False,multiplicative,,4,4,32,0.2,20,0.38999995589256287,0.5975722074508667,0.001,64,2,2,NA,NA,NA,NA,NA,NA,NA,NA,NA,NA,NA,NA,NA,NA,NA
3,,False,multiplicative,,4,4,32,0.2,20,0.5978571176528931,0.5479435324668884,0.001,64,2,2,NA,NA,NA,NA,NA,NA,NA,NA,NA,NA,NA,NA,NA,NA,NA
4,,False,multiplicative,,4,4,32,0.2,20,0.4483332633972168,0.5232648253440857,0.001,64,2,2,NA,NA,NA,NA,NA,NA,NA,NA,NA,NA,NA,NA,NA,NA,NA
5,,False,multiplicative,,4,4,32,0.2,20,0.6728571653366089,0.4529971182346344,0.001,64,2,2,NA,NA,NA,NA,NA,NA,NA,NA,NA,NA,NA,NA,NA,NA,NA
6,,False,multiplicative,,4,4,32,0.2,20,0.7200000286102295,0.4446372091770172,0.001,64,2,2,NA,NA,NA,NA,NA,NA,NA,NA,NA,NA,NA,NA,NA,NA,NA
7,,False,multiplicative,,4,4,32,0.2,20,0.7895237803459167,0.3475781977176666,0.001,64,2,2,NA,NA,NA,NA,NA,NA,NA,NA,NA,NA,NA,NA,NA,NA,NA
8,,False,multiplicative,,4,4,32,0.2,20,0.8223809003829956,0.2885338366031647,0.001,64,2,2,NA,NA,NA,NA,NA,NA,NA,NA,NA,NA,NA,NA,NA,NA,NA
9,,False,multiplicative,,4,4,32,0.2,20,0.7133333683013916,0.3239150047302246,0.001,64,2,2,NA,NA,NA,NA,NA,NA,NA,NA,NA,NA,NA,NA,NA,NA,NA
10,,False,multiplicative,,4,4,32,0.2,20,0.6733333468437195,0.2788533866405487,0.001,64,2,2,NA,NA,NA,NA,NA,NA,NA,NA,NA,NA,NA,NA,NA,NA,NA
11,,False,multiplicative,,4,4,32,0.2,20,0.75,0.21810317039489746,0.001,64,2,2,NA,NA,NA,NA,NA,NA,NA,NA,NA,NA,NA,NA,NA,NA,NA
0,,False,multiplicative,,4,4,32,0.2,20,0.3233333230018616,0.7554532289505005,0.001,64,3,2,NA,NA,NA,NA,NA,NA,NA,NA,NA,NA,NA,NA,NA,NA,NA
1,,False,multiplicative,,4,4,32,0.2,20,0.36833328008651733,0.6658226251602173,0.001,64,3,2,NA,NA,NA,NA,NA,NA,NA,NA,NA,NA,NA,NA,NA,NA,NA
2,,False,multiplicative,,4,4,32,0.2,20,0.3583332896232605,0.5745453238487244,0.001,64,3,2,NA,NA,NA,NA,NA,NA,NA,NA,NA,NA,NA,NA,NA,NA,NA
3,,False,multiplicative,,4,4,32,0.2,20,0.6216667294502258,0.5561200976371765,0.001,64,3,2,NA,NA,NA,NA,NA,NA,NA,NA,NA,NA,NA,NA,NA,NA,NA
4,,False,multiplicative,,4,4,32,0.2,20,0.5850000381469727,0.43286246061325073,0.001,64,3,2,NA,NA,NA,NA,NA,NA,NA,NA,NA,NA,NA,NA,NA,NA,NA
5,,False,multiplicative,,4,4,32,0.2,20,0.6866666674613953,0.39211535453796387,0.001,64,3,2,NA,NA,NA,NA,NA,NA,NA,NA,NA,NA,NA,NA,NA,NA,NA
6,,False,multiplicative,,4,4,32,0.2,20,0.8550000190734863,0.28742465376853943,0.001,64,3,2,NA,NA,NA,NA,NA,NA,NA,NA,NA,NA,NA,NA,NA,NA,NA
7,,False,multiplicative,,4,4,32,0.2,20,0.7561904788017273,0.26452431082725525,0.001,64,3,2,NA,NA,NA,NA,NA,NA,NA,NA,NA,NA,NA,NA,NA,NA,NA
8,,False,multiplicative,,4,4,32,0.2,20,0.7733333706855774,0.29451894760131836,0.001,64,3,2,NA,NA,NA,NA,NA,NA,NA,NA,NA,NA,NA,NA,NA,NA,NA
9,,False,multiplicative,,4,4,32,0.2,20,0.7299999594688416,0.23821116983890533,0.001,64,3,2,NA,NA,NA,NA,NA,NA,NA,NA,NA,NA,NA,NA,NA,NA,NA
0,,False,multiplicative,,4,4,32,0.2,20,0.37142854928970337,0.6929717063903809,0.001,64,0,3,NA,NA,NA,NA,NA,NA,NA,NA,NA,NA,NA,NA,NA,NA,NA
1,,False,multiplicative,,4,4,32,0.2,20,0.630075216293335,0.6088833212852478,0.001,64,0,3,NA,NA,NA,NA,NA,NA,NA,NA,NA,NA,NA,NA,NA,NA,NA
2,,False,multiplicative,,4,4,32,0.2,20,0.4363408386707306,0.5833293795585632,0.001,64,0,3,NA,NA,NA,NA,NA,NA,NA,NA,NA,NA,NA,NA,NA,NA,NA
3,,False,multiplicative,,4,4,32,0.2,20,0.7052631378173828,0.4784274995326996,0.001,64,0,3,NA,NA,NA,NA,NA,NA,NA,NA,NA,NA,NA,NA,NA,NA,NA
4,,False,multiplicative,,4,4,32,0.2,20,0.6824561357498169,0.466337651014328,0.001,64,0,3,NA,NA,NA,NA,NA,NA,NA,NA,NA,NA,NA,NA,NA,NA,NA
5,,False,multiplicative,,4,4,32,0.2,20,0.7789473533630371,0.4318263828754425,0.001,64,0,3,NA,NA,NA,NA,NA,NA,NA,NA,NA,NA,NA,NA,NA,NA,NA
6,,False,multiplicative,,4,4,32,0.2,20,0.7859649658203125,0.3581012785434723,0.001,64,0,3,NA,NA,NA,NA,NA,NA,NA,NA,NA,NA,NA,NA,NA,NA,NA
7,,False,multiplicative,,4,4,32,0.2,20,0.7526316046714783,0.2917811870574951,0.001,64,0,3,NA,NA,NA,NA,NA,NA,NA,NA,NA,NA,NA,NA,NA,NA,NA
8,,False,multiplicative,,4,4,32,0.2,20,0.8736841082572937,0.265095591545105,0.001,64,0,3,NA,NA,NA,NA,NA,NA,NA,NA,NA,NA,NA,NA,NA,NA,NA
9,,False,multiplicative,,4,4,32,0.2,20,0.820551335811615,0.24650390446186066,0.001,64,0,3,NA,NA,NA,NA,NA,NA,NA,NA,NA,NA,NA,NA,NA,NA,NA
10,,False,multiplicative,,4,4,32,0.2,20,0.8621553182601929,0.23060259222984314,0.001,64,0,3,NA,NA,NA,NA,NA,NA,NA,NA,NA,NA,NA,NA,NA,NA,NA
11,,False,multiplicative,,4,4,32,0.2,20,0.8942356109619141,0.19121471047401428,0.001,64,0,3,NA,NA,NA,NA,NA,NA,NA,NA,NA,NA,NA,NA,NA,NA,NA
12,,False,multiplicative,,4,4,32,0.2,20,0.961403489112854,0.15614189207553864,0.001,64,0,3,NA,NA,NA,NA,NA,NA,NA,NA,NA,NA,NA,NA,NA,NA,NA
13,,False,multiplicative,,4,4,32,0.2,20,0.9298245310783386,0.1325588822364807,0.001,64,0,3,NA,NA,NA,NA,NA,NA,NA,NA,NA,NA,NA,NA,NA,NA,NA
14,,False,multiplicative,,4,4,32,0.2,20,0.9157894253730774,0.12076959013938904,0.001,64,0,3,NA,NA,NA,NA,NA,NA,NA,NA,NA,NA,NA,NA,NA,NA,NA
15,,False,multiplicative,,4,4,32,0.2,20,0.9298245310783386,0.1104225367307663,0.001,64,0,3,NA,NA,NA,NA,NA,NA,NA,NA,NA,NA,NA,NA,NA,NA,NA
0,,False,multiplicative,,4,4,32,0.2,20,0.3140350580215454,0.7551836967468262,0.001,64,1,3,NA,NA,NA,NA,NA,NA,NA,NA,NA,NA,NA,NA,NA,NA,NA
1,,False,multiplicative,,4,4,32,0.2,20,0.46666666865348816,0.6221657395362854,0.001,64,1,3,NA,NA,NA,NA,NA,NA,NA,NA,NA,NA,NA,NA,NA,NA,NA
2,,False,multiplicative,,4,4,32,0.2,20,0.48245611786842346,0.5918416380882263,0.001,64,1,3,NA,NA,NA,NA,NA,NA,NA,NA,NA,NA,NA,NA,NA,NA,NA
3,,False,multiplicative,,4,4,32,0.2,20,0.5894736647605896,0.5310749411582947,0.001,64,1,3,NA,NA,NA,NA,NA,NA,NA,NA,NA,NA,NA,NA,NA,NA,NA
4,,False,multiplicative,,4,4,32,0.2,20,0.6573934555053711,0.48067033290863037,0.001,64,1,3,NA,NA,NA,NA,NA,NA,NA,NA,NA,NA,NA,NA,NA,NA,NA
5,,False,multiplicative,,4,4,32,0.2,20,0.7298245429992676,0.4472191035747528,0.001,64,1,3,NA,NA,NA,NA,NA,NA,NA,NA,NA,NA,NA,NA,NA,NA,NA
6,,False,multiplicative,,4,4,32,0.2,20,0.6982455849647522,0.40651246905326843,0.001,64,1,3,NA,NA,NA,NA,NA,NA,NA,NA,NA,NA,NA,NA,NA,NA,NA
7,,False,multiplicative,,4,4,32,0.2,20,0.8210526704788208,0.3513169288635254,0.001,64,1,3,NA,NA,NA,NA,NA,NA,NA,NA,NA,NA,NA,NA,NA,NA,NA
8,,False,multiplicative,,4,4,32,0.2,20,0.7591478824615479,0.31590768694877625,0.001,64,1,3,NA,NA,NA,NA,NA,NA,NA,NA,NA,NA,NA,NA,NA,NA,NA
9,,False,multiplicative,,4,4,32,0.2,20,0.800000011920929,0.2898627519607544,0.001,64,1,3,NA,NA,NA,NA,NA,NA,NA,NA,NA,NA,NA,NA,NA,NA,NA
10,,False,multiplicative,,4,4,32,0.2,20,0.7696741223335266,0.2121793031692505,0.001,64,1,3,NA,NA,NA,NA,NA,NA,NA,NA,NA,NA,NA,NA,NA,NA,NA
0,,False,multiplicative,,4,4,32,0.2,20,0.29666668176651,0.7272300720214844,0.001,64,2,3,NA,NA,NA,NA,NA,NA,NA,NA,NA,NA,NA,NA,NA,NA,NA
1,,False,multiplicative,,4,4,32,0.2,20,0.5945237874984741,0.5412876605987549,0.001,64,2,3,NA,NA,NA,NA,NA,NA,NA,NA,NA,NA,NA,NA,NA,NA,NA
2,,False,multiplicative,,4,4,32,0.2,20,0.6183333396911621,0.4918375015258789,0.001,64,2,3,NA,NA,NA,NA,NA,NA,NA,NA,NA,NA,NA,NA,NA,NA,NA
3,,False,multiplicative,,4,4,32,0.2,20,0.653333306312561,0.4246547818183899,0.001,64,2,3,NA,NA,NA,NA,NA,NA,NA,NA,NA,NA,NA,NA,NA,NA,NA
4,,False,multiplicative,,4,4,32,0.2,20,0.601190447807312,0.3753650188446045,0.001,64,2,3,NA,NA,NA,NA,NA,NA,NA,NA,NA,NA,NA,NA,NA,NA,NA
5,,False,multiplicative,,4,4,32,0.2,20,0.7328571081161499,0.3149873912334442,0.001,64,2,3,NA,NA,NA,NA,NA,NA,NA,NA,NA,NA,NA,NA,NA,NA,NA
6,,False,multiplicative,,4,4,32,0.2,20,0.7895237803459167,0.2669529616832733,0.001,64,2,3,NA,NA,NA,NA,NA,NA,NA,NA,NA,NA,NA,NA,NA,NA,NA
7,,False,multiplicative,,4,4,32,0.2,20,0.8166667222976685,0.21381980180740356,0.001,64,2,3,NA,NA,NA,NA,NA,NA,NA,NA,NA,NA,NA,NA,NA,NA,NA
8,,False,multiplicative,,4,4,32,0.2,20,0.729523777961731,0.18663160502910614,0.001,64,2,3,NA,NA,NA,NA,NA,NA,NA,NA,NA,NA,NA,NA,NA,NA,NA
9,,False,multiplicative,,4,4,32,0.2,20,0.8899999856948853,0.12908433377742767,0.001,64,2,3,NA,NA,NA,NA,NA,NA,NA,NA,NA,NA,NA,NA,NA,NA,NA
10,,False,multiplicative,,4,4,32,0.2,20,0.8161905407905579,0.13825994729995728,0.001,64,2,3,NA,NA,NA,NA,NA,NA,NA,NA,NA,NA,NA,NA,NA,NA,NA
11,,False,multiplicative,,4,4,32,0.2,20,0.8399999737739563,0.09547998756170273,0.001,64,2,3,NA,NA,NA,NA,NA,NA,NA,NA,NA,NA,NA,NA,NA,NA,NA
12,,False,multiplicative,,4,4,32,0.2,20,0.7749999761581421,0.1072864755988121,0.001,64,2,3,NA,NA,NA,NA,NA,NA,NA,NA,NA,NA,NA,NA,NA,NA,NA
0,,False,multiplicative,,4,4,32,0.2,20,0.3233333230018616,0.6769940257072449,0.001,64,3,3,NA,NA,NA,NA,NA,NA,NA,NA,NA,NA,NA,NA,NA,NA,NA
1,,False,multiplicative,,4,4,32,0.2,20,0.5233333110809326,0.6145430207252502,0.001,64,3,3,NA,NA,NA,NA,NA,NA,NA,NA,NA,NA,NA,NA,NA,NA,NA
2,,False,multiplicative,,4,4,32,0.2,20,0.7228571176528931,0.5250870585441589,0.001,64,3,3,NA,NA,NA,NA,NA,NA,NA,NA,NA,NA,NA,NA,NA,NA,NA
3,,False,multiplicative,,4,4,32,0.2,20,0.6049999594688416,0.4573459327220917,0.001,64,3,3,NA,NA,NA,NA,NA,NA,NA,NA,NA,NA,NA,NA,NA,NA,NA
4,,False,multiplicative,,4,4,32,0.2,20,0.7800000309944153,0.34394535422325134,0.001,64,3,3,NA,NA,NA,NA,NA,NA,NA,NA,NA,NA,NA,NA,NA,NA,NA
5,,False,multiplicative,,4,4,32,0.2,20,0.7423809766769409,0.2670656740665436,0.001,64,3,3,NA,NA,NA,NA,NA,NA,NA,NA,NA,NA,NA,NA,NA,NA,NA
6,,False,multiplicative,,4,4,32,0.2,20,0.8066666722297668,0.24304139614105225,0.001,64,3,3,NA,NA,NA,NA,NA,NA,NA,NA,NA,NA,NA,NA,NA,NA,NA
7,,False,multiplicative,,4,4,32,0.2,20,0.8399999737739563,0.2077213078737259,0.001,64,3,3,NA,NA,NA,NA,NA,NA,NA,NA,NA,NA,NA,NA,NA,NA,NA
8,,False,multiplicative,,4,4,32,0.2,20,0.8999999761581421,0.1616005003452301,0.001,64,3,3,NA,NA,NA,NA,NA,NA,NA,NA,NA,NA,NA,NA,NA,NA,NA
9,,False,multiplicative,,4,4,32,0.2,20,0.90666663646698,0.13469262421131134,0.001,64,3,3,NA,NA,NA,NA,NA,NA,NA,NA,NA,NA,NA,NA,NA,NA,NA
10,,False,multiplicative,,4,4,32,0.2,20,0.8066666722297668,0.12996625900268555,0.001,64,3,3,NA,NA,NA,NA,NA,NA,NA,NA,NA,NA,NA,NA,NA,NA,NA
11,,False,multiplicative,,4,4,32,0.2,20,0.8761903643608093,0.12882830202579498,0.001,64,3,3,NA,NA,NA,NA,NA,NA,NA,NA,NA,NA,NA,NA,NA,NA,NA
12,,False,multiplicative,,4,4,32,0.2,20,0.8233333826065063,0.12635281682014465,0.001,64,3,3,NA,NA,NA,NA,NA,NA,NA,NA,NA,NA,NA,NA,NA,NA,NA
0,,False,multiplicative,,4,4,32,0.2,20,0.33666664361953735,0.7083919644355774,0.001,64,0,4,NA,NA,NA,NA,NA,NA,NA,NA,NA,NA,NA,NA,NA,NA,NA
1,,False,multiplicative,,4,4,32,0.2,20,0.29499998688697815,0.6451290845870972,0.001,64,0,4,NA,NA,NA,NA,NA,NA,NA,NA,NA,NA,NA,NA,NA,NA,NA
2,,False,multiplicative,,4,4,32,0.2,20,0.6033333539962769,0.5457019209861755,0.001,64,0,4,NA,NA,NA,NA,NA,NA,NA,NA,NA,NA,NA,NA,NA,NA,NA
3,,False,multiplicative,,4,4,32,0.2,20,0.6078571081161499,0.45509591698646545,0.001,64,0,4,NA,NA,NA,NA,NA,NA,NA,NA,NA,NA,NA,NA,NA,NA,NA
4,,False,multiplicative,,4,4,32,0.2,20,0.6100000143051147,0.34293344616889954,0.001,64,0,4,NA,NA,NA,NA,NA,NA,NA,NA,NA,NA,NA,NA,NA,NA,NA
5,,False,multiplicative,,4,4,32,0.2,20,0.7023809552192688,0.28295794129371643,0.001,64,0,4,NA,NA,NA,NA,NA,NA,NA,NA,NA,NA,NA,NA,NA,NA,NA
6,,False,multiplicative,,4,4,32,0.2,20,0.7749999761581421,0.22847549617290497,0.001,64,0,4,NA,NA,NA,NA,NA,NA,NA,NA,NA,NA,NA,NA,NA,NA,NA
7,,False,multiplicative,,4,4,32,0.2,20,0.7899999618530273,0.1720694899559021,0.001,64,0,4,NA,NA,NA,NA,NA,NA,NA,NA,NA,NA,NA,NA,NA,NA,NA
8,,False,multiplicative,,4,4,32,0.2,20,0.8666666150093079,0.13002817332744598,0.001,64,0,4,NA,NA,NA,NA,NA,NA,NA,NA,NA,NA,NA,NA,NA,NA,NA
9,,False,multiplicative,,4,4,32,0.2,20,0.9261903762817383,0.10337311029434204,0.001,64,0,4,NA,NA,NA,NA,NA,NA,NA,NA,NA,NA,NA,NA,NA,NA,NA
10,,False,multiplicative,,4,4,32,0.2,20,0.8333333134651184,0.07618538290262222,0.001,64,0,4,NA,NA,NA,NA,NA,NA,NA,NA,NA,NA,NA,NA,NA,NA,NA
11,,False,multiplicative,,4,4,32,0.2,20,0.8999999761581421,0.0650642067193985,0.001,64,0,4,NA,NA,NA,NA,NA,NA,NA,NA,NA,NA,NA,NA,NA,NA,NA
12,,False,multiplicative,,4,4,32,0.2,20,0.949999988079071,0.054091114550828934,0.001,64,0,4,NA,NA,NA,NA,NA,NA,NA,NA,NA,NA,NA,NA,NA,NA,NA
13,,False,multiplicative,,4,4,32,0.2,20,0.8500000238418579,0.04424639046192169,0.001,64,0,4,NA,NA,NA,NA,NA,NA,NA,NA,NA,NA,NA,NA,NA,NA,NA
14,,False,multiplicative,,4,4,32,0.2,20,0.8999999761581421,0.030892319977283478,0.001,64,0,4,NA,NA,NA,NA,NA,NA,NA,NA,NA,NA,NA,NA,NA,NA,NA
15,,False,multiplicative,,4,4,32,0.2,20,0.8999999761581421,0.028685949742794037,0.001,64,0,4,NA,NA,NA,NA,NA,NA,NA,NA,NA,NA,NA,NA,NA,NA,NA
0,,False,multiplicative,,4,4,32,0.2,20,0.1783333122730255,0.7541249990463257,0.001,64,1,4,NA,NA,NA,NA,NA,NA,NA,NA,NA,NA,NA,NA,NA,NA,NA
1,,False,multiplicative,,4,4,32,0.2,20,0.42666664719581604,0.638795793056488,0.001,64,1,4,NA,NA,NA,NA,NA,NA,NA,NA,NA,NA,NA,NA,NA,NA,NA
2,,False,multiplicative,,4,4,32,0.2,20,0.5,0.6026743054389954,0.001,64,1,4,NA,NA,NA,NA,NA,NA,NA,NA,NA,NA,NA,NA,NA,NA,NA
3,,False,multiplicative,,4,4,32,0.2,20,0.5716666579246521,0.5281769037246704,0.001,64,1,4,NA,NA,NA,NA,NA,NA,NA,NA,NA,NA,NA,NA,NA,NA,NA
4,,False,multiplicative,,4,4,32,0.2,20,0.5978571176528931,0.4921257793903351,0.001,64,1,4,NA,NA,NA,NA,NA,NA,NA,NA,NA,NA,NA,NA,NA,NA,NA
5,,False,multiplicative,,4,4,32,0.2,20,0.65666663646698,0.39926669001579285,0.001,64,1,4,NA,NA,NA,NA,NA,NA,NA,NA,NA,NA,NA,NA,NA,NA,NA
6,,False,multiplicative,,4,4,32,0.2,20,0.7428570985794067,0.34835001826286316,0.001,64,1,4,NA,NA,NA,NA,NA,NA,NA,NA,NA,NA,NA,NA,NA,NA,NA
7,,False,multiplicative,,4,4,32,0.2,20,0.753333330154419,0.3086232841014862,0.001,64,1,4,NA,NA,NA,NA,NA,NA,NA,NA,NA,NA,NA,NA,NA,NA,NA
8,,False,multiplicative,,4,4,32,0.2,20,0.6828571557998657,0.28781795501708984,0.001,64,1,4,NA,NA,NA,NA,NA,NA,NA,NA,NA,NA,NA,NA,NA,NA,NA
9,,False,multiplicative,,4,4,32,0.2,20,0.7916666865348816,0.24089771509170532,0.001,64,1,4,NA,NA,NA,NA,NA,NA,NA,NA,NA,NA,NA,NA,NA,NA,NA
10,,False,multiplicative,,4,4,32,0.2,20,0.8233332633972168,0.18736043572425842,0.001,64,1,4,NA,NA,NA,NA,NA,NA,NA,NA,NA,NA,NA,NA,NA,NA,NA
11,,False,multiplicative,,4,4,32,0.2,20,0.8633333444595337,0.18153983354568481,0.001,64,1,4,NA,NA,NA,NA,NA,NA,NA,NA,NA,NA,NA,NA,NA,NA,NA
12,,False,multiplicative,,4,4,32,0.2,20,0.9166666269302368,0.1617959886789322,0.001,64,1,4,NA,NA,NA,NA,NA,NA,NA,NA,NA,NA,NA,NA,NA,NA,NA
13,,False,multiplicative,,4,4,32,0.2,20,0.8083332777023315,0.16760952770709991,0.001,64,1,4,NA,NA,NA,NA,NA,NA,NA,NA,NA,NA,NA,NA,NA,NA,NA
14,,False,multiplicative,,4,4,32,0.2,20,0.8233333826065063,0.12843714654445648,0.001,64,1,4,NA,NA,NA,NA,NA,NA,NA,NA,NA,NA,NA,NA,NA,NA,NA
15,,False,multiplicative,,4,4,32,0.2,20,0.7900000214576721,0.13687793910503387,0.001,64,1,4,NA,NA,NA,NA,NA,NA,NA,NA,NA,NA,NA,NA,NA,NA,NA
0,,False,multiplicative,,4,4,32,0.2,20,0.3061904311180115,0.6535863876342773,0.001,64,2,4,NA,NA,NA,NA,NA,NA,NA,NA,NA,NA,NA,NA,NA,NA,NA
1,,False,multiplicative,,4,4,32,0.2,20,0.5383332967758179,0.5847511291503906,0.001,64,2,4,NA,NA,NA,NA,NA,NA,NA,NA,NA,NA,NA,NA,NA,NA,NA
2,,False,multiplicative,,4,4,32,0.2,20,0.528333306312561,0.4836655557155609,0.001,64,2,4,NA,NA,NA,NA,NA,NA,NA,NA,NA,NA,NA,NA,NA,NA,NA
3,,False,multiplicative,,4,4,32,0.2,20,0.6133333444595337,0.38136106729507446,0.001,64,2,4,NA,NA,NA,NA,NA,NA,NA,NA,NA,NA,NA,NA,NA,NA,NA
4,,False,multiplicative,,4,4,32,0.2,20,0.6145237684249878,0.33890026807785034,0.001,64,2,4,NA,NA,NA,NA,NA,NA,NA,NA,NA,NA,NA,NA,NA,NA,NA
5,,False,multiplicative,,4,4,32,0.2,20,0.6761904954910278,0.22695310413837433,0.001,64,2,4,NA,NA,NA,NA,NA,NA,NA,NA,NA,NA,NA,NA,NA,NA,NA
6,,False,multiplicative,,4,4,32,0.2,20,0.8666666150093079,0.18355193734169006,0.001,64,2,4,NA,NA,NA,NA,NA,NA,NA,NA,NA,NA,NA,NA,NA,NA,NA
7,,False,multiplicative,,4,4,32,0.2,20,0.7799999713897705,0.17282041907310486,0.001,64,2,4,NA,NA,NA,NA,NA,NA,NA,NA,NA,NA,NA,NA,NA,NA,NA
8,,False,multiplicative,,4,4,32,0.2,20,0.7566666603088379,0.12000317126512527,0.001,64,2,4,NA,NA,NA,NA,NA,NA,NA,NA,NA,NA,NA,NA,NA,NA,NA
9,,False,multiplicative,,4,4,32,0.2,20,0.8500000238418579,0.11419478058815002,0.001,64,2,4,NA,NA,NA,NA,NA,NA,NA,NA,NA,NA,NA,NA,NA,NA,NA
0,,False,multiplicative,,4,4,32,0.2,20,0.40333327651023865,0.6902560591697693,0.001,64,3,4,NA,NA,NA,NA,NA,NA,NA,NA,NA,NA,NA,NA,NA,NA,NA
1,,False,multiplicative,,4,4,32,0.2,20,0.4516666531562805,0.6480745077133179,0.001,64,3,4,NA,NA,NA,NA,NA,NA,NA,NA,NA,NA,NA,NA,NA,NA,NA
2,,False,multiplicative,,4,4,32,0.2,20,0.4766666293144226,0.5861093401908875,0.001,64,3,4,NA,NA,NA,NA,NA,NA,NA,NA,NA,NA,NA,NA,NA,NA,NA
3,,False,multiplicative,,4,4,32,0.2,20,0.4033333361148834,0.5538039207458496,0.001,64,3,4,NA,NA,NA,NA,NA,NA,NA,NA,NA,NA,NA,NA,NA,NA,NA
4,,False,multiplicative,,4,4,32,0.2,20,0.5711904764175415,0.4481455981731415,0.001,64,3,4,NA,NA,NA,NA,NA,NA,NA,NA,NA,NA,NA,NA,NA,NA,NA
5,,False,multiplicative,,4,4,32,0.2,20,0.6495238542556763,0.38950327038764954,0.001,64,3,4,NA,NA,NA,NA,NA,NA,NA,NA,NA,NA,NA,NA,NA,NA,NA
6,,False,multiplicative,,4,4,32,0.2,20,0.7378571033477783,0.3244883716106415,0.001,64,3,4,NA,NA,NA,NA,NA,NA,NA,NA,NA,NA,NA,NA,NA,NA,NA
7,,False,multiplicative,,4,4,32,0.2,20,0.7133333086967468,0.2783128023147583,0.001,64,3,4,NA,NA,NA,NA,NA,NA,NA,NA,NA,NA,NA,NA,NA,NA,NA
8,,False,multiplicative,,4,4,32,0.2,20,0.7566666603088379,0.25864025950431824,0.001,64,3,4,NA,NA,NA,NA,NA,NA,NA,NA,NA,NA,NA,NA,NA,NA,NA
9,,False,multiplicative,,4,4,32,0.2,20,0.7733333110809326,0.18267977237701416,0.001,64,3,4,NA,NA,NA,NA,NA,NA,NA,NA,NA,NA,NA,NA,NA,NA,NA
10,,False,multiplicative,,4,4,32,0.2,20,0.7233332991600037,0.13280418515205383,0.001,64,3,4,NA,NA,NA,NA,NA,NA,NA,NA,NA,NA,NA,NA,NA,NA,NA
11,,False,multiplicative,,4,4,32,0.2,20,0.9299999475479126,0.15165795385837555,0.001,64,3,4,NA,NA,NA,NA,NA,NA,NA,NA,NA,NA,NA,NA,NA,NA,NA
12,,False,multiplicative,,4,4,32,0.2,20,0.8333333134651184,0.14158394932746887,0.001,64,3,4,NA,NA,NA,NA,NA,NA,NA,NA,NA,NA,NA,NA,NA,NA,NA
13,,False,multiplicative,,4,4,32,0.2,20,0.8833333253860474,0.09464249759912491,0.001,64,3,4,NA,NA,NA,NA,NA,NA,NA,NA,NA,NA,NA,NA,NA,NA,NA
14,,False,multiplicative,,4,4,32,0.2,20,0.8333333134651184,0.09284713864326477,0.001,64,3,4,NA,NA,NA,NA,NA,NA,NA,NA,NA,NA,NA,NA,NA,NA,NA
0,,False,multiplicative,,4,4,32,0.2,20,0.4416666626930237,0.7189139127731323,0.001,64,0,5,NA,NA,NA,NA,NA,NA,NA,NA,NA,NA,NA,NA,NA,NA,NA
1,,False,multiplicative,,4,4,32,0.2,20,0.5383332967758179,0.5859986543655396,0.001,64,0,5,NA,NA,NA,NA,NA,NA,NA,NA,NA,NA,NA,NA,NA,NA,NA
2,,False,multiplicative,,4,4,32,0.2,20,0.6028571724891663,0.5476368069648743,0.001,64,0,5,NA,NA,NA,NA,NA,NA,NA,NA,NA,NA,NA,NA,NA,NA,NA
3,,False,multiplicative,,4,4,32,0.2,20,0.47285714745521545,0.5021956562995911,0.001,64,0,5,NA,NA,NA,NA,NA,NA,NA,NA,NA,NA,NA,NA,NA,NA,NA
4,,False,multiplicative,,4,4,32,0.2,20,0.59333336353302,0.44061967730522156,0.001,64,0,5,NA,NA,NA,NA,NA,NA,NA,NA,NA,NA,NA,NA,NA,NA,NA
5,,False,multiplicative,,4,4,32,0.2,20,0.5866666436195374,0.4447346329689026,0.001,64,0,5,NA,NA,NA,NA,NA,NA,NA,NA,NA,NA,NA,NA,NA,NA,NA
0,,False,multiplicative,,4,4,32,0.2,20,0.3649999797344208,0.732907235622406,0.001,64,1,5,NA,NA,NA,NA,NA,NA,NA,NA,NA,NA,NA,NA,NA,NA,NA
1,,False,multiplicative,,4,4,32,0.2,20,0.3383333086967468,0.6894678473472595,0.001,64,1,5,NA,NA,NA,NA,NA,NA,NA,NA,NA,NA,NA,NA,NA,NA,NA
2,,False,multiplicative,,4,4,32,0.2,20,0.2933332920074463,0.6640974879264832,0.001,64,1,5,NA,NA,NA,NA,NA,NA,NA,NA,NA,NA,NA,NA,NA,NA,NA
3,,False,multiplicative,,4,4,32,0.2,20,0.4933333396911621,0.5555421113967896,0.001,64,1,5,NA,NA,NA,NA,NA,NA,NA,NA,NA,NA,NA,NA,NA,NA,NA
4,,False,multiplicative,,4,4,32,0.2,20,0.5723809599876404,0.5249733328819275,0.001,64,1,5,NA,NA,NA,NA,NA,NA,NA,NA,NA,NA,NA,NA,NA,NA,NA
5,,False,multiplicative,,4,4,32,0.2,20,0.4366666376590729,0.5486090779304504,0.001,64,1,5,NA,NA,NA,NA,NA,NA,NA,NA,NA,NA,NA,NA,NA,NA,NA
6,,False,multiplicative,,4,4,32,0.2,20,0.4883333146572113,0.45338886976242065,0.001,64,1,5,NA,NA,NA,NA,NA,NA,NA,NA,NA,NA,NA,NA,NA,NA,NA
7,,False,multiplicative,,4,4,32,0.2,20,0.6083333492279053,0.4626239538192749,0.001,64,1,5,NA,NA,NA,NA,NA,NA,NA,NA,NA,NA,NA,NA,NA,NA,NA
8,,False,multiplicative,,4,4,32,0.2,20,0.7216666340827942,0.3601420819759369,0.001,64,1,5,NA,NA,NA,NA,NA,NA,NA,NA,NA,NA,NA,NA,NA,NA,NA
9,,False,multiplicative,,4,4,32,0.2,20,0.6299999952316284,0.3519713282585144,0.001,64,1,5,NA,NA,NA,NA,NA,NA,NA,NA,NA,NA,NA,NA,NA,NA,NA
10,,False,multiplicative,,4,4,32,0.2,20,0.7811904549598694,0.2822939157485962,0.001,64,1,5,NA,NA,NA,NA,NA,NA,NA,NA,NA,NA,NA,NA,NA,NA,NA
11,,False,multiplicative,,4,4,32,0.2,20,0.7495237588882446,0.28181740641593933,0.001,64,1,5,NA,NA,NA,NA,NA,NA,NA,NA,NA,NA,NA,NA,NA,NA,NA
12,,False,multiplicative,,4,4,32,0.2,20,0.8328571319580078,0.2847992181777954,0.001,64,1,5,NA,NA,NA,NA,NA,NA,NA,NA,NA,NA,NA,NA,NA,NA,NA
13,,False,multiplicative,,4,4,32,0.2,20,0.7400000095367432,0.2352076917886734,0.001,64,1,5,NA,NA,NA,NA,NA,NA,NA,NA,NA,NA,NA,NA,NA,NA,NA
14,,False,multiplicative,,4,4,32,0.2,20,0.7233333587646484,0.21811732649803162,0.001,64,1,5,NA,NA,NA,NA,NA,NA,NA,NA,NA,NA,NA,NA,NA,NA,NA
15,,False,multiplicative,,4,4,32,0.2,20,0.778333306312561,0.22867344319820404,0.001,64,1,5,NA,NA,NA,NA,NA,NA,NA,NA,NA,NA,NA,NA,NA,NA,NA
0,,False,multiplicative,,4,4,32,0.2,20,0.3533332943916321,0.7469310760498047,0.001,64,2,5,NA,NA,NA,NA,NA,NA,NA,NA,NA,NA,NA,NA,NA,NA,NA
1,,False,multiplicative,,4,4,32,0.2,20,0.38499996066093445,0.6697962880134583,0.001,64,2,5,NA,NA,NA,NA,NA,NA,NA,NA,NA,NA,NA,NA,NA,NA,NA
2,,False,multiplicative,,4,4,32,0.2,20,0.5849999785423279,0.6099790930747986,0.001,64,2,5,NA,NA,NA,NA,NA,NA,NA,NA,NA,NA,NA,NA,NA,NA,NA
3,,False,multiplicative,,4,4,32,0.2,20,0.47999995946884155,0.5644306540489197,0.001,64,2,5,NA,NA,NA,NA,NA,NA,NA,NA,NA,NA,NA,NA,NA,NA,NA
4,,False,multiplicative,,4,4,32,0.2,20,0.5028570890426636,0.5554500222206116,0.001,64,2,5,NA,NA,NA,NA,NA,NA,NA,NA,NA,NA,NA,NA,NA,NA,NA
5,,False,multiplicative,,4,4,32,0.2,20,0.5983332991600037,0.45650017261505127,0.001,64,2,5,NA,NA,NA,NA,NA,NA,NA,NA,NA,NA,NA,NA,NA,NA,NA
6,,False,multiplicative,,4,4,32,0.2,20,0.6878570914268494,0.4453734755516052,0.001,64,2,5,NA,NA,NA,NA,NA,NA,NA,NA,NA,NA,NA,NA,NA,NA,NA
7,,False,multiplicative,,4,4,32,0.2,20,0.6350000500679016,0.3821881413459778,0.001,64,2,5,NA,NA,NA,NA,NA,NA,NA,NA,NA,NA,NA,NA,NA,NA,NA
8,,False,multiplicative,,4,4,32,0.2,20,0.6061905026435852,0.3361937403678894,0.001,64,2,5,NA,NA,NA,NA,NA,NA,NA,NA,NA,NA,NA,NA,NA,NA,NA
9,,False,multiplicative,,4,4,32,0.2,20,0.7149999737739563,0.2877584397792816,0.001,64,2,5,NA,NA,NA,NA,NA,NA,NA,NA,NA,NA,NA,NA,NA,NA,NA
10,,False,multiplicative,,4,4,32,0.2,20,0.6728571653366089,0.3698709309101105,0.001,64,2,5,NA,NA,NA,NA,NA,NA,NA,NA,NA,NA,NA,NA,NA,NA,NA
11,,False,multiplicative,,4,4,32,0.2,20,0.6666666865348816,0.2864084839820862,0.001,64,2,5,NA,NA,NA,NA,NA,NA,NA,NA,NA,NA,NA,NA,NA,NA,NA
12,,False,multiplicative,,4,4,32,0.2,20,0.7749999761581421,0.2044011652469635,0.001,64,2,5,NA,NA,NA,NA,NA,NA,NA,NA,NA,NA,NA,NA,NA,NA,NA
13,,False,multiplicative,,4,4,32,0.2,20,0.702380895614624,0.21873630583286285,0.001,64,2,5,NA,NA,NA,NA,NA,NA,NA,NA,NA,NA,NA,NA,NA,NA,NA
14,,False,multiplicative,,4,4,32,0.2,20,0.746666669845581,0.15738433599472046,0.001,64,2,5,NA,NA,NA,NA,NA,NA,NA,NA,NA,NA,NA,NA,NA,NA,NA
15,,False,multiplicative,,4,4,32,0.2,20,0.8661903142929077,0.1651584506034851,0.001,64,2,5,NA,NA,NA,NA,NA,NA,NA,NA,NA,NA,NA,NA,NA,NA,NA
16,,False,multiplicative,,4,4,32,0.2,20,0.7728570699691772,0.1382237821817398,0.001,64,2,5,NA,NA,NA,NA,NA,NA,NA,NA,NA,NA,NA,NA,NA,NA,NA
17,,False,multiplicative,,4,4,32,0.2,20,0.8499999046325684,0.12128717452287674,0.001,64,2,5,NA,NA,NA,NA,NA,NA,NA,NA,NA,NA,NA,NA,NA,NA,NA
18,,False,multiplicative,,4,4,32,0.2,20,0.8733332753181458,0.1397242546081543,0.001,64,2,5,NA,NA,NA,NA,NA,NA,NA,NA,NA,NA,NA,NA,NA,NA,NA
19,,False,multiplicative,,4,4,32,0.2,20,0.7866666913032532,0.13907817006111145,0.001,64,2,5,NA,NA,NA,NA,NA,NA,NA,NA,NA,NA,NA,NA,NA,NA,NA
0,,False,multiplicative,,4,4,32,0.2,20,0.5149999856948853,0.5630952715873718,0.001,64,3,5,NA,NA,NA,NA,NA,NA,NA,NA,NA,NA,NA,NA,NA,NA,NA
1,,False,multiplicative,,4,4,32,0.2,20,0.5333333611488342,0.6339585185050964,0.001,64,3,5,NA,NA,NA,NA,NA,NA,NA,NA,NA,NA,NA,NA,NA,NA,NA
2,,False,multiplicative,,4,4,32,0.2,20,0.6449999809265137,0.5304568409919739,0.001,64,3,5,NA,NA,NA,NA,NA,NA,NA,NA,NA,NA,NA,NA,NA,NA,NA
3,,False,multiplicative,,4,4,32,0.2,20,0.42619046568870544,0.5359174013137817,0.001,64,3,5,NA,NA,NA,NA,NA,NA,NA,NA,NA,NA,NA,NA,NA,NA,NA
4,,False,multiplicative,,4,4,32,0.2,20,0.5616666078567505,0.4346012771129608,0.001,64,3,5,NA,NA,NA,NA,NA,NA,NA,NA,NA,NA,NA,NA,NA,NA,NA
5,,False,multiplicative,,4,4,32,0.2,20,0.6257143020629883,0.43769949674606323,0.001,64,3,5,NA,NA,NA,NA,NA,NA,NA,NA,NA,NA,NA,NA,NA,NA,NA
