epoch,att_act,att_hist,att_type,att_units,att_window,batch_size,dense_units,dropout,epochs,keras_f1_score,loss,lr,lstm_units,ofold,task,val_att_act,val_att_hist,val_att_type,val_att_units,val_att_window,val_batch_size,val_dense_units,val_dropout,val_epochs,val_keras_f1_score,val_loss,val_lr,val_lstm_units,val_ofold,val_task
0,,False,multiplicative,,4,4,32,0.2,20,0.14335837960243225,0.8029653429985046,0.001,64,0,1,NA,NA,NA,NA,NA,NA,NA,NA,NA,NA,NA,NA,NA,NA,NA
1,,False,multiplicative,,4,4,32,0.2,20,0.22807013988494873,0.6914690732955933,0.001,64,0,1,NA,NA,NA,NA,NA,NA,NA,NA,NA,NA,NA,NA,NA,NA,NA
2,,False,multiplicative,,4,4,32,0.2,20,0.40300747752189636,0.6522484421730042,0.001,64,0,1,NA,NA,NA,NA,NA,NA,NA,NA,NA,NA,NA,NA,NA,NA,NA
3,,False,multiplicative,,4,4,32,0.2,20,0.4649122655391693,0.582004725933075,0.001,64,0,1,NA,NA,NA,NA,NA,NA,NA,NA,NA,NA,NA,NA,NA,NA,NA
4,,False,multiplicative,,4,4,32,0.2,20,0.4543859660625458,0.5081741809844971,0.001,64,0,1,NA,NA,NA,NA,NA,NA,NA,NA,NA,NA,NA,NA,NA,NA,NA
5,,False,multiplicative,,4,4,32,0.2,20,0.67493736743927,0.4285857677459717,0.001,64,0,1,NA,NA,NA,NA,NA,NA,NA,NA,NA,NA,NA,NA,NA,NA,NA
6,,False,multiplicative,,4,4,32,0.2,20,0.8052631616592407,0.33269643783569336,0.001,64,0,1,NA,NA,NA,NA,NA,NA,NA,NA,NA,NA,NA,NA,NA,NA,NA
7,,False,multiplicative,,4,4,32,0.2,20,0.6964912414550781,0.31208792328834534,0.001,64,0,1,NA,NA,NA,NA,NA,NA,NA,NA,NA,NA,NA,NA,NA,NA,NA
8,,False,multiplicative,,4,4,32,0.2,20,0.7368420362472534,0.22547325491905212,0.001,64,0,1,NA,NA,NA,NA,NA,NA,NA,NA,NA,NA,NA,NA,NA,NA,NA
9,,False,multiplicative,,4,4,32,0.2,20,0.9368420839309692,0.12132784724235535,0.001,64,0,1,NA,NA,NA,NA,NA,NA,NA,NA,NA,NA,NA,NA,NA,NA,NA
10,,False,multiplicative,,4,4,32,0.2,20,0.8947368264198303,0.05795210599899292,0.001,64,0,1,NA,NA,NA,NA,NA,NA,NA,NA,NA,NA,NA,NA,NA,NA,NA
11,,False,multiplicative,,4,4,32,0.2,20,0.8421052694320679,0.043140750378370285,0.001,64,0,1,NA,NA,NA,NA,NA,NA,NA,NA,NA,NA,NA,NA,NA,NA,NA
12,,False,multiplicative,,4,4,32,0.2,20,0.8245614171028137,0.059606391936540604,0.001,64,0,1,NA,NA,NA,NA,NA,NA,NA,NA,NA,NA,NA,NA,NA,NA,NA
0,,False,multiplicative,,4,4,32,0.2,20,0.24636590480804443,0.8513059020042419,0.001,64,1,1,NA,NA,NA,NA,NA,NA,NA,NA,NA,NA,NA,NA,NA,NA,NA
1,,False,multiplicative,,4,4,32,0.2,20,0.14035086333751678,0.6404398679733276,0.001,64,1,1,NA,NA,NA,NA,NA,NA,NA,NA,NA,NA,NA,NA,NA,NA,NA
2,,False,multiplicative,,4,4,32,0.2,20,0.4263157546520233,0.5940114259719849,0.001,64,1,1,NA,NA,NA,NA,NA,NA,NA,NA,NA,NA,NA,NA,NA,NA,NA
3,,False,multiplicative,,4,4,32,0.2,20,0.4614034593105316,0.5599623322486877,0.001,64,1,1,NA,NA,NA,NA,NA,NA,NA,NA,NA,NA,NA,NA,NA,NA,NA
4,,False,multiplicative,,4,4,32,0.2,20,0.5508771538734436,0.5158787965774536,0.001,64,1,1,NA,NA,NA,NA,NA,NA,NA,NA,NA,NA,NA,NA,NA,NA,NA
5,,False,multiplicative,,4,4,32,0.2,20,0.5666666626930237,0.37255367636680603,0.001,64,1,1,NA,NA,NA,NA,NA,NA,NA,NA,NA,NA,NA,NA,NA,NA,NA
6,,False,multiplicative,,4,4,32,0.2,20,0.7052631378173828,0.27245351672172546,0.001,64,1,1,NA,NA,NA,NA,NA,NA,NA,NA,NA,NA,NA,NA,NA,NA,NA
7,,False,multiplicative,,4,4,32,0.2,20,0.7701754570007324,0.220316544175148,0.001,64,1,1,NA,NA,NA,NA,NA,NA,NA,NA,NA,NA,NA,NA,NA,NA,NA
8,,False,multiplicative,,4,4,32,0.2,20,0.7964912056922913,0.15593895316123962,0.001,64,1,1,NA,NA,NA,NA,NA,NA,NA,NA,NA,NA,NA,NA,NA,NA,NA
9,,False,multiplicative,,4,4,32,0.2,20,0.8315789103507996,0.10983915627002716,0.001,64,1,1,NA,NA,NA,NA,NA,NA,NA,NA,NA,NA,NA,NA,NA,NA,NA
10,,False,multiplicative,,4,4,32,0.2,20,0.8947368264198303,0.06809856742620468,0.001,64,1,1,NA,NA,NA,NA,NA,NA,NA,NA,NA,NA,NA,NA,NA,NA,NA
11,,False,multiplicative,,4,4,32,0.2,20,0.7894736528396606,0.056785836815834045,0.001,64,1,1,NA,NA,NA,NA,NA,NA,NA,NA,NA,NA,NA,NA,NA,NA,NA
12,,False,multiplicative,,4,4,32,0.2,20,0.8771929740905762,0.0589563250541687,0.001,64,1,1,NA,NA,NA,NA,NA,NA,NA,NA,NA,NA,NA,NA,NA,NA,NA
13,,False,multiplicative,,4,4,32,0.2,20,0.8421052694320679,0.06829540431499481,0.001,64,1,1,NA,NA,NA,NA,NA,NA,NA,NA,NA,NA,NA,NA,NA,NA,NA
0,,False,multiplicative,,4,4,32,0.2,20,0.18421049416065216,0.7686215043067932,0.001,64,2,1,NA,NA,NA,NA,NA,NA,NA,NA,NA,NA,NA,NA,NA,NA,NA
1,,False,multiplicative,,4,4,32,0.2,20,0.4491227865219116,0.6747018694877625,0.001,64,2,1,NA,NA,NA,NA,NA,NA,NA,NA,NA,NA,NA,NA,NA,NA,NA
2,,False,multiplicative,,4,4,32,0.2,20,0.38245609402656555,0.5711621046066284,0.001,64,2,1,NA,NA,NA,NA,NA,NA,NA,NA,NA,NA,NA,NA,NA,NA,NA
3,,False,multiplicative,,4,4,32,0.2,20,0.5298245549201965,0.47631123661994934,0.001,64,2,1,NA,NA,NA,NA,NA,NA,NA,NA,NA,NA,NA,NA,NA,NA,NA
4,,False,multiplicative,,4,4,32,0.2,20,0.6280701160430908,0.40065616369247437,0.001,64,2,1,NA,NA,NA,NA,NA,NA,NA,NA,NA,NA,NA,NA,NA,NA,NA
5,,False,multiplicative,,4,4,32,0.2,20,0.8521302938461304,0.3033612370491028,0.001,64,2,1,NA,NA,NA,NA,NA,NA,NA,NA,NA,NA,NA,NA,NA,NA,NA
6,,False,multiplicative,,4,4,32,0.2,20,0.8122806549072266,0.25104981660842896,0.001,64,2,1,NA,NA,NA,NA,NA,NA,NA,NA,NA,NA,NA,NA,NA,NA,NA
7,,False,multiplicative,,4,4,32,0.2,20,0.8421052098274231,0.1886264681816101,0.001,64,2,1,NA,NA,NA,NA,NA,NA,NA,NA,NA,NA,NA,NA,NA,NA,NA
8,,False,multiplicative,,4,4,32,0.2,20,0.7363408803939819,0.19416268169879913,0.001,64,2,1,NA,NA,NA,NA,NA,NA,NA,NA,NA,NA,NA,NA,NA,NA,NA
0,,False,multiplicative,,4,4,32,0.2,20,0.27017539739608765,0.7195786833763123,0.001,64,3,1,NA,NA,NA,NA,NA,NA,NA,NA,NA,NA,NA,NA,NA,NA,NA
1,,False,multiplicative,,4,4,32,0.2,20,0.47318291664123535,0.6627044677734375,0.001,64,3,1,NA,NA,NA,NA,NA,NA,NA,NA,NA,NA,NA,NA,NA,NA,NA
2,,False,multiplicative,,4,4,32,0.2,20,0.3736841678619385,0.5980544686317444,0.001,64,3,1,NA,NA,NA,NA,NA,NA,NA,NA,NA,NA,NA,NA,NA,NA,NA
3,,False,multiplicative,,4,4,32,0.2,20,0.659649133682251,0.5630054473876953,0.001,64,3,1,NA,NA,NA,NA,NA,NA,NA,NA,NA,NA,NA,NA,NA,NA,NA
4,,False,multiplicative,,4,4,32,0.2,20,0.5526315569877625,0.4476761519908905,0.001,64,3,1,NA,NA,NA,NA,NA,NA,NA,NA,NA,NA,NA,NA,NA,NA,NA
5,,False,multiplicative,,4,4,32,0.2,20,0.661403477191925,0.3969995677471161,0.001,64,3,1,NA,NA,NA,NA,NA,NA,NA,NA,NA,NA,NA,NA,NA,NA,NA
6,,False,multiplicative,,4,4,32,0.2,20,0.7152882218360901,0.29131829738616943,0.001,64,3,1,NA,NA,NA,NA,NA,NA,NA,NA,NA,NA,NA,NA,NA,NA,NA
7,,False,multiplicative,,4,4,32,0.2,20,0.7463659048080444,0.23297932744026184,0.001,64,3,1,NA,NA,NA,NA,NA,NA,NA,NA,NA,NA,NA,NA,NA,NA,NA
8,,False,multiplicative,,4,4,32,0.2,20,0.8140350580215454,0.20906265079975128,0.001,64,3,1,NA,NA,NA,NA,NA,NA,NA,NA,NA,NA,NA,NA,NA,NA,NA
9,,False,multiplicative,,4,4,32,0.2,20,0.8052631616592407,0.20620575547218323,0.001,64,3,1,NA,NA,NA,NA,NA,NA,NA,NA,NA,NA,NA,NA,NA,NA,NA
10,,False,multiplicative,,4,4,32,0.2,20,0.8140350580215454,0.17309615015983582,0.001,64,3,1,NA,NA,NA,NA,NA,NA,NA,NA,NA,NA,NA,NA,NA,NA,NA
11,,False,multiplicative,,4,4,32,0.2,20,0.8661653399467468,0.1378098577260971,0.001,64,3,1,NA,NA,NA,NA,NA,NA,NA,NA,NA,NA,NA,NA,NA,NA,NA
12,,False,multiplicative,,4,4,32,0.2,20,0.8872179985046387,0.09082416445016861,0.001,64,3,1,NA,NA,NA,NA,NA,NA,NA,NA,NA,NA,NA,NA,NA,NA,NA
13,,False,multiplicative,,4,4,32,0.2,20,0.884210467338562,0.07417891174554825,0.001,64,3,1,NA,NA,NA,NA,NA,NA,NA,NA,NA,NA,NA,NA,NA,NA,NA
14,,False,multiplicative,,4,4,32,0.2,20,0.7894737124443054,0.07334022223949432,0.001,64,3,1,NA,NA,NA,NA,NA,NA,NA,NA,NA,NA,NA,NA,NA,NA,NA
15,,False,multiplicative,,4,4,32,0.2,20,0.8666666746139526,0.08116669207811356,0.001,64,3,1,NA,NA,NA,NA,NA,NA,NA,NA,NA,NA,NA,NA,NA,NA,NA
0,,False,multiplicative,,4,4,32,0.2,20,0.2666666805744171,0.747655987739563,0.001,64,0,2,NA,NA,NA,NA,NA,NA,NA,NA,NA,NA,NA,NA,NA,NA,NA
1,,False,multiplicative,,4,4,32,0.2,20,0.3233332931995392,0.6626025438308716,0.001,64,0,2,NA,NA,NA,NA,NA,NA,NA,NA,NA,NA,NA,NA,NA,NA,NA
2,,False,multiplicative,,4,4,32,0.2,20,0.3383333086967468,0.6815111637115479,0.001,64,0,2,NA,NA,NA,NA,NA,NA,NA,NA,NA,NA,NA,NA,NA,NA,NA
3,,False,multiplicative,,4,4,32,0.2,20,0.38452377915382385,0.6035159826278687,0.001,64,0,2,NA,NA,NA,NA,NA,NA,NA,NA,NA,NA,NA,NA,NA,NA,NA
4,,False,multiplicative,,4,4,32,0.2,20,0.5299999713897705,0.5606487989425659,0.001,64,0,2,NA,NA,NA,NA,NA,NA,NA,NA,NA,NA,NA,NA,NA,NA,NA
5,,False,multiplicative,,4,4,32,0.2,20,0.6033333539962769,0.5072824358940125,0.001,64,0,2,NA,NA,NA,NA,NA,NA,NA,NA,NA,NA,NA,NA,NA,NA,NA
6,,False,multiplicative,,4,4,32,0.2,20,0.6411904692649841,0.4450722336769104,0.001,64,0,2,NA,NA,NA,NA,NA,NA,NA,NA,NA,NA,NA,NA,NA,NA,NA
7,,False,multiplicative,,4,4,32,0.2,20,0.5,0.44404351711273193,0.001,64,0,2,NA,NA,NA,NA,NA,NA,NA,NA,NA,NA,NA,NA,NA,NA,NA
8,,False,multiplicative,,4,4,32,0.2,20,0.5428571105003357,0.39282819628715515,0.001,64,0,2,NA,NA,NA,NA,NA,NA,NA,NA,NA,NA,NA,NA,NA,NA,NA
9,,False,multiplicative,,4,4,32,0.2,20,0.5799999833106995,0.35608452558517456,0.001,64,0,2,NA,NA,NA,NA,NA,NA,NA,NA,NA,NA,NA,NA,NA,NA,NA
0,,False,multiplicative,,4,4,32,0.2,20,0.28166663646698,0.8635057210922241,0.001,64,1,2,NA,NA,NA,NA,NA,NA,NA,NA,NA,NA,NA,NA,NA,NA,NA
1,,False,multiplicative,,4,4,32,0.2,20,0.38499996066093445,0.6258562803268433,0.001,64,1,2,NA,NA,NA,NA,NA,NA,NA,NA,NA,NA,NA,NA,NA,NA,NA
2,,False,multiplicative,,4,4,32,0.2,20,0.40333327651023865,0.5865631103515625,0.001,64,1,2,NA,NA,NA,NA,NA,NA,NA,NA,NA,NA,NA,NA,NA,NA,NA
3,,False,multiplicative,,4,4,32,0.2,20,0.4949999749660492,0.5446712970733643,0.001,64,1,2,NA,NA,NA,NA,NA,NA,NA,NA,NA,NA,NA,NA,NA,NA,NA
4,,False,multiplicative,,4,4,32,0.2,20,0.6345237493515015,0.5108742117881775,0.001,64,1,2,NA,NA,NA,NA,NA,NA,NA,NA,NA,NA,NA,NA,NA,NA,NA
5,,False,multiplicative,,4,4,32,0.2,20,0.5323809385299683,0.4400326609611511,0.001,64,1,2,NA,NA,NA,NA,NA,NA,NA,NA,NA,NA,NA,NA,NA,NA,NA
6,,False,multiplicative,,4,4,32,0.2,20,0.5107142329216003,0.3962724506855011,0.001,64,1,2,NA,NA,NA,NA,NA,NA,NA,NA,NA,NA,NA,NA,NA,NA,NA
7,,False,multiplicative,,4,4,32,0.2,20,0.65666663646698,0.38559189438819885,0.001,64,1,2,NA,NA,NA,NA,NA,NA,NA,NA,NA,NA,NA,NA,NA,NA,NA
8,,False,multiplicative,,4,4,32,0.2,20,0.6545237302780151,0.3399607241153717,0.001,64,1,2,NA,NA,NA,NA,NA,NA,NA,NA,NA,NA,NA,NA,NA,NA,NA
9,,False,multiplicative,,4,4,32,0.2,20,0.6766666769981384,0.31953439116477966,0.001,64,1,2,NA,NA,NA,NA,NA,NA,NA,NA,NA,NA,NA,NA,NA,NA,NA
10,,False,multiplicative,,4,4,32,0.2,20,0.6883333325386047,0.30871453881263733,0.001,64,1,2,NA,NA,NA,NA,NA,NA,NA,NA,NA,NA,NA,NA,NA,NA,NA
11,,False,multiplicative,,4,4,32,0.2,20,0.7766667008399963,0.2515949606895447,0.001,64,1,2,NA,NA,NA,NA,NA,NA,NA,NA,NA,NA,NA,NA,NA,NA,NA
12,,False,multiplicative,,4,4,32,0.2,20,0.8840475082397461,0.23572200536727905,0.001,64,1,2,NA,NA,NA,NA,NA,NA,NA,NA,NA,NA,NA,NA,NA,NA,NA
13,,False,multiplicative,,4,4,32,0.2,20,0.8245237469673157,0.2144501507282257,0.001,64,1,2,NA,NA,NA,NA,NA,NA,NA,NA,NA,NA,NA,NA,NA,NA,NA
14,,False,multiplicative,,4,4,32,0.2,20,0.8133333325386047,0.20926260948181152,0.001,64,1,2,NA,NA,NA,NA,NA,NA,NA,NA,NA,NA,NA,NA,NA,NA,NA
15,,False,multiplicative,,4,4,32,0.2,20,0.8528571128845215,0.19572286307811737,0.001,64,1,2,NA,NA,NA,NA,NA,NA,NA,NA,NA,NA,NA,NA,NA,NA,NA
0,,False,multiplicative,,4,4,32,0.2,20,0.3383333086967468,0.7350006103515625,0.001,64,2,2,NA,NA,NA,NA,NA,NA,NA,NA,NA,NA,NA,NA,NA,NA,NA
1,,False,multiplicative,,4,4,32,0.2,20,0.5628572106361389,0.6184288263320923,0.001,64,2,2,NA,NA,NA,NA,NA,NA,NA,NA,NA,NA,NA,NA,NA,NA,NA
2,,False,multiplicative,,4,4,32,0.2,20,0.47452378273010254,0.569331169128418,0.001,64,2,2,NA,NA,NA,NA,NA,NA,NA,NA,NA,NA,NA,NA,NA,NA,NA
3,,False,multiplicative,,4,4,32,0.2,20,0.5578571557998657,0.5984647274017334,0.001,64,2,2,NA,NA,NA,NA,NA,NA,NA,NA,NA,NA,NA,NA,NA,NA,NA
4,,False,multiplicative,,4,4,32,0.2,20,0.5800000429153442,0.49803704023361206,0.001,64,2,2,NA,NA,NA,NA,NA,NA,NA,NA,NA,NA,NA,NA,NA,NA,NA
5,,False,multiplicative,,4,4,32,0.2,20,0.6749999523162842,0.4869678318500519,0.001,64,2,2,NA,NA,NA,NA,NA,NA,NA,NA,NA,NA,NA,NA,NA,NA,NA
6,,False,multiplicative,,4,4,32,0.2,20,0.64166659116745,0.4185410439968109,0.001,64,2,2,NA,NA,NA,NA,NA,NA,NA,NA,NA,NA,NA,NA,NA,NA,NA
7,,False,multiplicative,,4,4,32,0.2,20,0.8495238423347473,0.35931503772735596,0.001,64,2,2,NA,NA,NA,NA,NA,NA,NA,NA,NA,NA,NA,NA,NA,NA,NA
8,,False,multiplicative,,4,4,32,0.2,20,0.8240475654602051,0.30521631240844727,0.001,64,2,2,NA,NA,NA,NA,NA,NA,NA,NA,NA,NA,NA,NA,NA,NA,NA
9,,False,multiplicative,,4,4,32,0.2,20,0.7016667127609253,0.3272746503353119,0.001,64,2,2,NA,NA,NA,NA,NA,NA,NA,NA,NA,NA,NA,NA,NA,NA,NA
10,,False,multiplicative,,4,4,32,0.2,20,0.7566666603088379,0.2324269413948059,0.001,64,2,2,NA,NA,NA,NA,NA,NA,NA,NA,NA,NA,NA,NA,NA,NA,NA
0,,False,multiplicative,,4,4,32,0.2,20,0.25999996066093445,0.7196033596992493,0.001,64,3,2,NA,NA,NA,NA,NA,NA,NA,NA,NA,NA,NA,NA,NA,NA,NA
1,,False,multiplicative,,4,4,32,0.2,20,0.1616666465997696,0.6756739616394043,0.001,64,3,2,NA,NA,NA,NA,NA,NA,NA,NA,NA,NA,NA,NA,NA,NA,NA
2,,False,multiplicative,,4,4,32,0.2,20,0.3928571343421936,0.6666295528411865,0.001,64,3,2,NA,NA,NA,NA,NA,NA,NA,NA,NA,NA,NA,NA,NA,NA,NA
3,,False,multiplicative,,4,4,32,0.2,20,0.5328571796417236,0.6073377728462219,0.001,64,3,2,NA,NA,NA,NA,NA,NA,NA,NA,NA,NA,NA,NA,NA,NA,NA
4,,False,multiplicative,,4,4,32,0.2,20,0.5111904740333557,0.5191164016723633,0.001,64,3,2,NA,NA,NA,NA,NA,NA,NA,NA,NA,NA,NA,NA,NA,NA,NA
5,,False,multiplicative,,4,4,32,0.2,20,0.643333375453949,0.45346131920814514,0.001,64,3,2,NA,NA,NA,NA,NA,NA,NA,NA,NA,NA,NA,NA,NA,NA,NA
6,,False,multiplicative,,4,4,32,0.2,20,0.726190447807312,0.3702384829521179,0.001,64,3,2,NA,NA,NA,NA,NA,NA,NA,NA,NA,NA,NA,NA,NA,NA,NA
7,,False,multiplicative,,4,4,32,0.2,20,0.7573809623718262,0.33621880412101746,0.001,64,3,2,NA,NA,NA,NA,NA,NA,NA,NA,NA,NA,NA,NA,NA,NA,NA
8,,False,multiplicative,,4,4,32,0.2,20,0.7333333492279053,0.30859512090682983,0.001,64,3,2,NA,NA,NA,NA,NA,NA,NA,NA,NA,NA,NA,NA,NA,NA,NA
9,,False,multiplicative,,4,4,32,0.2,20,0.7895237803459167,0.23378387093544006,0.001,64,3,2,NA,NA,NA,NA,NA,NA,NA,NA,NA,NA,NA,NA,NA,NA,NA
10,,False,multiplicative,,4,4,32,0.2,20,0.6761904358863831,0.2070939689874649,0.001,64,3,2,NA,NA,NA,NA,NA,NA,NA,NA,NA,NA,NA,NA,NA,NA,NA
11,,False,multiplicative,,4,4,32,0.2,20,0.8933333158493042,0.1899188756942749,0.001,64,3,2,NA,NA,NA,NA,NA,NA,NA,NA,NA,NA,NA,NA,NA,NA,NA
12,,False,multiplicative,,4,4,32,0.2,20,0.8899999856948853,0.17262691259384155,0.001,64,3,2,NA,NA,NA,NA,NA,NA,NA,NA,NA,NA,NA,NA,NA,NA,NA
13,,False,multiplicative,,4,4,32,0.2,20,0.8233332633972168,0.1499173492193222,0.001,64,3,2,NA,NA,NA,NA,NA,NA,NA,NA,NA,NA,NA,NA,NA,NA,NA
14,,False,multiplicative,,4,4,32,0.2,20,0.8983332514762878,0.1275073140859604,0.001,64,3,2,NA,NA,NA,NA,NA,NA,NA,NA,NA,NA,NA,NA,NA,NA,NA
15,,False,multiplicative,,4,4,32,0.2,20,0.9161904454231262,0.13983844220638275,0.001,64,3,2,NA,NA,NA,NA,NA,NA,NA,NA,NA,NA,NA,NA,NA,NA,NA
16,,False,multiplicative,,4,4,32,0.2,20,0.8899999856948853,0.11887504160404205,0.001,64,3,2,NA,NA,NA,NA,NA,NA,NA,NA,NA,NA,NA,NA,NA,NA,NA
17,,False,multiplicative,,4,4,32,0.2,20,0.8399999737739563,0.11359996348619461,0.001,64,3,2,NA,NA,NA,NA,NA,NA,NA,NA,NA,NA,NA,NA,NA,NA,NA
18,,False,multiplicative,,4,4,32,0.2,20,0.8733333349227905,0.09476002305746078,0.001,64,3,2,NA,NA,NA,NA,NA,NA,NA,NA,NA,NA,NA,NA,NA,NA,NA
0,,False,multiplicative,,4,4,32,0.2,20,0.41528820991516113,0.6975825428962708,0.001,64,0,3,NA,NA,NA,NA,NA,NA,NA,NA,NA,NA,NA,NA,NA,NA,NA
1,,False,multiplicative,,4,4,32,0.2,20,0.4964912235736847,0.6017852425575256,0.001,64,0,3,NA,NA,NA,NA,NA,NA,NA,NA,NA,NA,NA,NA,NA,NA,NA
2,,False,multiplicative,,4,4,32,0.2,20,0.5719298124313354,0.5421901345252991,0.001,64,0,3,NA,NA,NA,NA,NA,NA,NA,NA,NA,NA,NA,NA,NA,NA,NA
3,,False,multiplicative,,4,4,32,0.2,20,0.7140350937843323,0.458944708108902,0.001,64,0,3,NA,NA,NA,NA,NA,NA,NA,NA,NA,NA,NA,NA,NA,NA,NA
4,,False,multiplicative,,4,4,32,0.2,20,0.7035087943077087,0.4680310785770416,0.001,64,0,3,NA,NA,NA,NA,NA,NA,NA,NA,NA,NA,NA,NA,NA,NA,NA
5,,False,multiplicative,,4,4,32,0.2,20,0.795989990234375,0.4432181417942047,0.001,64,0,3,NA,NA,NA,NA,NA,NA,NA,NA,NA,NA,NA,NA,NA,NA,NA
6,,False,multiplicative,,4,4,32,0.2,20,0.7421053051948547,0.3901754319667816,0.001,64,0,3,NA,NA,NA,NA,NA,NA,NA,NA,NA,NA,NA,NA,NA,NA,NA
7,,False,multiplicative,,4,4,32,0.2,20,0.7719298601150513,0.33082830905914307,0.001,64,0,3,NA,NA,NA,NA,NA,NA,NA,NA,NA,NA,NA,NA,NA,NA,NA
8,,False,multiplicative,,4,4,32,0.2,20,0.8912280201911926,0.29748857021331787,0.001,64,0,3,NA,NA,NA,NA,NA,NA,NA,NA,NA,NA,NA,NA,NA,NA,NA
9,,False,multiplicative,,4,4,32,0.2,20,0.8556389808654785,0.24928614497184753,0.001,64,0,3,NA,NA,NA,NA,NA,NA,NA,NA,NA,NA,NA,NA,NA,NA,NA
10,,False,multiplicative,,4,4,32,0.2,20,0.8446115255355835,0.2056860774755478,0.001,64,0,3,NA,NA,NA,NA,NA,NA,NA,NA,NA,NA,NA,NA,NA,NA,NA
11,,False,multiplicative,,4,4,32,0.2,20,0.9017543792724609,0.182126984000206,0.001,64,0,3,NA,NA,NA,NA,NA,NA,NA,NA,NA,NA,NA,NA,NA,NA,NA
12,,False,multiplicative,,4,4,32,0.2,20,0.9543859362602234,0.1594049483537674,0.001,64,0,3,NA,NA,NA,NA,NA,NA,NA,NA,NA,NA,NA,NA,NA,NA,NA
13,,False,multiplicative,,4,4,32,0.2,20,0.9122806191444397,0.1552002876996994,0.001,64,0,3,NA,NA,NA,NA,NA,NA,NA,NA,NA,NA,NA,NA,NA,NA,NA
14,,False,multiplicative,,4,4,32,0.2,20,0.9192982912063599,0.12148765474557877,0.001,64,0,3,NA,NA,NA,NA,NA,NA,NA,NA,NA,NA,NA,NA,NA,NA,NA
15,,False,multiplicative,,4,4,32,0.2,20,0.9122806191444397,0.10813505947589874,0.001,64,0,3,NA,NA,NA,NA,NA,NA,NA,NA,NA,NA,NA,NA,NA,NA,NA
0,,False,multiplicative,,4,4,32,0.2,20,0.236842080950737,0.7366330027580261,0.001,64,1,3,NA,NA,NA,NA,NA,NA,NA,NA,NA,NA,NA,NA,NA,NA,NA
1,,False,multiplicative,,4,4,32,0.2,20,0.5754386186599731,0.6417567133903503,0.001,64,1,3,NA,NA,NA,NA,NA,NA,NA,NA,NA,NA,NA,NA,NA,NA,NA
2,,False,multiplicative,,4,4,32,0.2,20,0.6122806668281555,0.5622690916061401,0.001,64,1,3,NA,NA,NA,NA,NA,NA,NA,NA,NA,NA,NA,NA,NA,NA,NA
3,,False,multiplicative,,4,4,32,0.2,20,0.5719297528266907,0.5582261085510254,0.001,64,1,3,NA,NA,NA,NA,NA,NA,NA,NA,NA,NA,NA,NA,NA,NA,NA
4,,False,multiplicative,,4,4,32,0.2,20,0.7253132462501526,0.4607541561126709,0.001,64,1,3,NA,NA,NA,NA,NA,NA,NA,NA,NA,NA,NA,NA,NA,NA,NA
5,,False,multiplicative,,4,4,32,0.2,20,0.6929824948310852,0.4156183898448944,0.001,64,1,3,NA,NA,NA,NA,NA,NA,NA,NA,NA,NA,NA,NA,NA,NA,NA
6,,False,multiplicative,,4,4,32,0.2,20,0.7649123072624207,0.3492755591869354,0.001,64,1,3,NA,NA,NA,NA,NA,NA,NA,NA,NA,NA,NA,NA,NA,NA,NA
7,,False,multiplicative,,4,4,32,0.2,20,0.8035087585449219,0.31422993540763855,0.001,64,1,3,NA,NA,NA,NA,NA,NA,NA,NA,NA,NA,NA,NA,NA,NA,NA
8,,False,multiplicative,,4,4,32,0.2,20,0.7596491575241089,0.2881520092487335,0.001,64,1,3,NA,NA,NA,NA,NA,NA,NA,NA,NA,NA,NA,NA,NA,NA,NA
9,,False,multiplicative,,4,4,32,0.2,20,0.845613956451416,0.27043795585632324,0.001,64,1,3,NA,NA,NA,NA,NA,NA,NA,NA,NA,NA,NA,NA,NA,NA,NA
10,,False,multiplicative,,4,4,32,0.2,20,0.7959899306297302,0.1902742087841034,0.001,64,1,3,NA,NA,NA,NA,NA,NA,NA,NA,NA,NA,NA,NA,NA,NA,NA
11,,False,multiplicative,,4,4,32,0.2,20,0.8766916990280151,0.15117168426513672,0.001,64,1,3,NA,NA,NA,NA,NA,NA,NA,NA,NA,NA,NA,NA,NA,NA,NA
12,,False,multiplicative,,4,4,32,0.2,20,0.9192981719970703,0.12008427083492279,0.001,64,1,3,NA,NA,NA,NA,NA,NA,NA,NA,NA,NA,NA,NA,NA,NA,NA
13,,False,multiplicative,,4,4,32,0.2,20,0.8661653399467468,0.10978709906339645,0.001,64,1,3,NA,NA,NA,NA,NA,NA,NA,NA,NA,NA,NA,NA,NA,NA,NA
14,,False,multiplicative,,4,4,32,0.2,20,0.821052610874176,0.10388848930597305,0.001,64,1,3,NA,NA,NA,NA,NA,NA,NA,NA,NA,NA,NA,NA,NA,NA,NA
15,,False,multiplicative,,4,4,32,0.2,20,0.9649122357368469,0.0701824203133583,0.001,64,1,3,NA,NA,NA,NA,NA,NA,NA,NA,NA,NA,NA,NA,NA,NA,NA
16,,False,multiplicative,,4,4,32,0.2,20,0.8666666746139526,0.0803433433175087,0.001,64,1,3,NA,NA,NA,NA,NA,NA,NA,NA,NA,NA,NA,NA,NA,NA,NA
17,,False,multiplicative,,4,4,32,0.2,20,0.8157894611358643,0.10199731588363647,0.001,64,1,3,NA,NA,NA,NA,NA,NA,NA,NA,NA,NA,NA,NA,NA,NA,NA
18,,False,multiplicative,,4,4,32,0.2,20,0.8696740865707397,0.08168847113847733,0.001,64,1,3,NA,NA,NA,NA,NA,NA,NA,NA,NA,NA,NA,NA,NA,NA,NA
0,,False,multiplicative,,4,4,32,0.2,20,0.49119049310684204,0.7389528155326843,0.001,64,2,3,NA,NA,NA,NA,NA,NA,NA,NA,NA,NA,NA,NA,NA,NA,NA
1,,False,multiplicative,,4,4,32,0.2,20,0.46833330392837524,0.58768230676651,0.001,64,2,3,NA,NA,NA,NA,NA,NA,NA,NA,NA,NA,NA,NA,NA,NA,NA
2,,False,multiplicative,,4,4,32,0.2,20,0.5849999785423279,0.5010427832603455,0.001,64,2,3,NA,NA,NA,NA,NA,NA,NA,NA,NA,NA,NA,NA,NA,NA,NA
3,,False,multiplicative,,4,4,32,0.2,20,0.6383333206176758,0.4163845479488373,0.001,64,2,3,NA,NA,NA,NA,NA,NA,NA,NA,NA,NA,NA,NA,NA,NA,NA
4,,False,multiplicative,,4,4,32,0.2,20,0.6519047021865845,0.40335917472839355,0.001,64,2,3,NA,NA,NA,NA,NA,NA,NA,NA,NA,NA,NA,NA,NA,NA,NA
5,,False,multiplicative,,4,4,32,0.2,20,0.7100000977516174,0.3528713881969452,0.001,64,2,3,NA,NA,NA,NA,NA,NA,NA,NA,NA,NA,NA,NA,NA,NA,NA
6,,False,multiplicative,,4,4,32,0.2,20,0.7895237803459167,0.3020482659339905,0.001,64,2,3,NA,NA,NA,NA,NA,NA,NA,NA,NA,NA,NA,NA,NA,NA,NA
7,,False,multiplicative,,4,4,32,0.2,20,0.8066666722297668,0.2512345612049103,0.001,64,2,3,NA,NA,NA,NA,NA,NA,NA,NA,NA,NA,NA,NA,NA,NA,NA
8,,False,multiplicative,,4,4,32,0.2,20,0.7395237684249878,0.18832191824913025,0.001,64,2,3,NA,NA,NA,NA,NA,NA,NA,NA,NA,NA,NA,NA,NA,NA,NA
9,,False,multiplicative,,4,4,32,0.2,20,0.8899999856948853,0.14867661893367767,0.001,64,2,3,NA,NA,NA,NA,NA,NA,NA,NA,NA,NA,NA,NA,NA,NA,NA
10,,False,multiplicative,,4,4,32,0.2,20,0.8328571319580078,0.1330602914094925,0.001,64,2,3,NA,NA,NA,NA,NA,NA,NA,NA,NA,NA,NA,NA,NA,NA,NA
11,,False,multiplicative,,4,4,32,0.2,20,0.8399999737739563,0.12501110136508942,0.001,64,2,3,NA,NA,NA,NA,NA,NA,NA,NA,NA,NA,NA,NA,NA,NA,NA
12,,False,multiplicative,,4,4,32,0.2,20,0.8399999737739563,0.10124771296977997,0.001,64,2,3,NA,NA,NA,NA,NA,NA,NA,NA,NA,NA,NA,NA,NA,NA,NA
0,,False,multiplicative,,4,4,32,0.2,20,0.5149999856948853,0.6615704894065857,0.001,64,3,3,NA,NA,NA,NA,NA,NA,NA,NA,NA,NA,NA,NA,NA,NA,NA
1,,False,multiplicative,,4,4,32,0.2,20,0.304999977350235,0.6590198278427124,0.001,64,3,3,NA,NA,NA,NA,NA,NA,NA,NA,NA,NA,NA,NA,NA,NA,NA
2,,False,multiplicative,,4,4,32,0.2,20,0.6695238351821899,0.46455448865890503,0.001,64,3,3,NA,NA,NA,NA,NA,NA,NA,NA,NA,NA,NA,NA,NA,NA,NA
3,,False,multiplicative,,4,4,32,0.2,20,0.6033333539962769,0.4121789038181305,0.001,64,3,3,NA,NA,NA,NA,NA,NA,NA,NA,NA,NA,NA,NA,NA,NA,NA
4,,False,multiplicative,,4,4,32,0.2,20,0.7695237994194031,0.377146452665329,0.001,64,3,3,NA,NA,NA,NA,NA,NA,NA,NA,NA,NA,NA,NA,NA,NA,NA
5,,False,multiplicative,,4,4,32,0.2,20,0.6128571629524231,0.27952468395233154,0.001,64,3,3,NA,NA,NA,NA,NA,NA,NA,NA,NA,NA,NA,NA,NA,NA,NA
6,,False,multiplicative,,4,4,32,0.2,20,0.7900000214576721,0.24395528435707092,0.001,64,3,3,NA,NA,NA,NA,NA,NA,NA,NA,NA,NA,NA,NA,NA,NA,NA
7,,False,multiplicative,,4,4,32,0.2,20,0.824999988079071,0.18494156002998352,0.001,64,3,3,NA,NA,NA,NA,NA,NA,NA,NA,NA,NA,NA,NA,NA,NA,NA
8,,False,multiplicative,,4,4,32,0.2,20,0.8999999761581421,0.14629675447940826,0.001,64,3,3,NA,NA,NA,NA,NA,NA,NA,NA,NA,NA,NA,NA,NA,NA,NA
9,,False,multiplicative,,4,4,32,0.2,20,0.90666663646698,0.15222737193107605,0.001,64,3,3,NA,NA,NA,NA,NA,NA,NA,NA,NA,NA,NA,NA,NA,NA,NA
10,,False,multiplicative,,4,4,32,0.2,20,0.8066666722297668,0.13391035795211792,0.001,64,3,3,NA,NA,NA,NA,NA,NA,NA,NA,NA,NA,NA,NA,NA,NA,NA
11,,False,multiplicative,,4,4,32,0.2,20,0.8761903643608093,0.1273348182439804,0.001,64,3,3,NA,NA,NA,NA,NA,NA,NA,NA,NA,NA,NA,NA,NA,NA,NA
12,,False,multiplicative,,4,4,32,0.2,20,0.8233333826065063,0.12304951250553131,0.001,64,3,3,NA,NA,NA,NA,NA,NA,NA,NA,NA,NA,NA,NA,NA,NA,NA
0,,False,multiplicative,,4,4,32,0.2,20,0.2633332908153534,0.6988575458526611,0.001,64,0,4,NA,NA,NA,NA,NA,NA,NA,NA,NA,NA,NA,NA,NA,NA,NA
1,,False,multiplicative,,4,4,32,0.2,20,0.37452375888824463,0.6013602018356323,0.001,64,0,4,NA,NA,NA,NA,NA,NA,NA,NA,NA,NA,NA,NA,NA,NA,NA
2,,False,multiplicative,,4,4,32,0.2,20,0.6783334016799927,0.43360161781311035,0.001,64,0,4,NA,NA,NA,NA,NA,NA,NA,NA,NA,NA,NA,NA,NA,NA,NA
3,,False,multiplicative,,4,4,32,0.2,20,0.6150000095367432,0.3774217665195465,0.001,64,0,4,NA,NA,NA,NA,NA,NA,NA,NA,NA,NA,NA,NA,NA,NA,NA
4,,False,multiplicative,,4,4,32,0.2,20,0.7233333587646484,0.3122536242008209,0.001,64,0,4,NA,NA,NA,NA,NA,NA,NA,NA,NA,NA,NA,NA,NA,NA,NA
5,,False,multiplicative,,4,4,32,0.2,20,0.692380964756012,0.23807315528392792,0.001,64,0,4,NA,NA,NA,NA,NA,NA,NA,NA,NA,NA,NA,NA,NA,NA,NA
6,,False,multiplicative,,4,4,32,0.2,20,0.7566666603088379,0.19191202521324158,0.001,64,0,4,NA,NA,NA,NA,NA,NA,NA,NA,NA,NA,NA,NA,NA,NA,NA
7,,False,multiplicative,,4,4,32,0.2,20,0.800000011920929,0.15558867156505585,0.001,64,0,4,NA,NA,NA,NA,NA,NA,NA,NA,NA,NA,NA,NA,NA,NA,NA
8,,False,multiplicative,,4,4,32,0.2,20,0.8833333253860474,0.1031540259718895,0.001,64,0,4,NA,NA,NA,NA,NA,NA,NA,NA,NA,NA,NA,NA,NA,NA,NA
9,,False,multiplicative,,4,4,32,0.2,20,0.9333332777023315,0.06321060657501221,0.001,64,0,4,NA,NA,NA,NA,NA,NA,NA,NA,NA,NA,NA,NA,NA,NA,NA
10,,False,multiplicative,,4,4,32,0.2,20,0.8500000238418579,0.05058182403445244,0.001,64,0,4,NA,NA,NA,NA,NA,NA,NA,NA,NA,NA,NA,NA,NA,NA,NA
11,,False,multiplicative,,4,4,32,0.2,20,0.8999999761581421,0.040709707885980606,0.001,64,0,4,NA,NA,NA,NA,NA,NA,NA,NA,NA,NA,NA,NA,NA,NA,NA
12,,False,multiplicative,,4,4,32,0.2,20,0.9399999380111694,0.03532462939620018,0.001,64,0,4,NA,NA,NA,NA,NA,NA,NA,NA,NA,NA,NA,NA,NA,NA,NA
13,,False,multiplicative,,4,4,32,0.2,20,0.8500000238418579,0.0282887052744627,0.001,64,0,4,NA,NA,NA,NA,NA,NA,NA,NA,NA,NA,NA,NA,NA,NA,NA
14,,False,multiplicative,,4,4,32,0.2,20,0.8999999761581421,0.025275390595197678,0.001,64,0,4,NA,NA,NA,NA,NA,NA,NA,NA,NA,NA,NA,NA,NA,NA,NA
15,,False,multiplicative,,4,4,32,0.2,20,0.8999999761581421,0.02128715254366398,0.001,64,0,4,NA,NA,NA,NA,NA,NA,NA,NA,NA,NA,NA,NA,NA,NA,NA
0,,False,multiplicative,,4,4,32,0.2,20,0.3149999976158142,0.7342806458473206,0.001,64,1,4,NA,NA,NA,NA,NA,NA,NA,NA,NA,NA,NA,NA,NA,NA,NA
1,,False,multiplicative,,4,4,32,0.2,20,0.3149999678134918,0.5879656076431274,0.001,64,1,4,NA,NA,NA,NA,NA,NA,NA,NA,NA,NA,NA,NA,NA,NA,NA
2,,False,multiplicative,,4,4,32,0.2,20,0.5461904406547546,0.4831933379173279,0.001,64,1,4,NA,NA,NA,NA,NA,NA,NA,NA,NA,NA,NA,NA,NA,NA,NA
3,,False,multiplicative,,4,4,32,0.2,20,0.6083333492279053,0.4305049479007721,0.001,64,1,4,NA,NA,NA,NA,NA,NA,NA,NA,NA,NA,NA,NA,NA,NA,NA
4,,False,multiplicative,,4,4,32,0.2,20,0.7245237827301025,0.343290776014328,0.001,64,1,4,NA,NA,NA,NA,NA,NA,NA,NA,NA,NA,NA,NA,NA,NA,NA
5,,False,multiplicative,,4,4,32,0.2,20,0.6699999570846558,0.3116627335548401,0.001,64,1,4,NA,NA,NA,NA,NA,NA,NA,NA,NA,NA,NA,NA,NA,NA,NA
6,,False,multiplicative,,4,4,32,0.2,20,0.7833333611488342,0.2586504817008972,0.001,64,1,4,NA,NA,NA,NA,NA,NA,NA,NA,NA,NA,NA,NA,NA,NA,NA
7,,False,multiplicative,,4,4,32,0.2,20,0.8199999928474426,0.20927384495735168,0.001,64,1,4,NA,NA,NA,NA,NA,NA,NA,NA,NA,NA,NA,NA,NA,NA,NA
8,,False,multiplicative,,4,4,32,0.2,20,0.7816666960716248,0.23137448728084564,0.001,64,1,4,NA,NA,NA,NA,NA,NA,NA,NA,NA,NA,NA,NA,NA,NA,NA
9,,False,multiplicative,,4,4,32,0.2,20,0.8333333730697632,0.15118059515953064,0.001,64,1,4,NA,NA,NA,NA,NA,NA,NA,NA,NA,NA,NA,NA,NA,NA,NA
10,,False,multiplicative,,4,4,32,0.2,20,0.8233333826065063,0.11750804632902145,0.001,64,1,4,NA,NA,NA,NA,NA,NA,NA,NA,NA,NA,NA,NA,NA,NA,NA
11,,False,multiplicative,,4,4,32,0.2,20,0.9399999380111694,0.09308061003684998,0.001,64,1,4,NA,NA,NA,NA,NA,NA,NA,NA,NA,NA,NA,NA,NA,NA,NA
12,,False,multiplicative,,4,4,32,0.2,20,0.8999999761581421,0.07172872126102448,0.001,64,1,4,NA,NA,NA,NA,NA,NA,NA,NA,NA,NA,NA,NA,NA,NA,NA
13,,False,multiplicative,,4,4,32,0.2,20,0.8399999737739563,0.09450870007276535,0.001,64,1,4,NA,NA,NA,NA,NA,NA,NA,NA,NA,NA,NA,NA,NA,NA,NA
14,,False,multiplicative,,4,4,32,0.2,20,0.8333333730697632,0.06328441947698593,0.001,64,1,4,NA,NA,NA,NA,NA,NA,NA,NA,NA,NA,NA,NA,NA,NA,NA
0,,False,multiplicative,,4,4,32,0.2,20,0.32999998331069946,0.6177399158477783,0.001,64,2,4,NA,NA,NA,NA,NA,NA,NA,NA,NA,NA,NA,NA,NA,NA,NA
1,,False,multiplicative,,4,4,32,0.2,20,0.5961905121803284,0.589119017124176,0.001,64,2,4,NA,NA,NA,NA,NA,NA,NA,NA,NA,NA,NA,NA,NA,NA,NA
2,,False,multiplicative,,4,4,32,0.2,20,0.6449999809265137,0.4877353608608246,0.001,64,2,4,NA,NA,NA,NA,NA,NA,NA,NA,NA,NA,NA,NA,NA,NA,NA
3,,False,multiplicative,,4,4,32,0.2,20,0.6116666793823242,0.43783092498779297,0.001,64,2,4,NA,NA,NA,NA,NA,NA,NA,NA,NA,NA,NA,NA,NA,NA,NA
4,,False,multiplicative,,4,4,32,0.2,20,0.6507142782211304,0.3672512471675873,0.001,64,2,4,NA,NA,NA,NA,NA,NA,NA,NA,NA,NA,NA,NA,NA,NA,NA
5,,False,multiplicative,,4,4,32,0.2,20,0.7661905288696289,0.24518832564353943,0.001,64,2,4,NA,NA,NA,NA,NA,NA,NA,NA,NA,NA,NA,NA,NA,NA,NA
6,,False,multiplicative,,4,4,32,0.2,20,0.8061904907226562,0.22323092818260193,0.001,64,2,4,NA,NA,NA,NA,NA,NA,NA,NA,NA,NA,NA,NA,NA,NA,NA
7,,False,multiplicative,,4,4,32,0.2,20,0.8566666841506958,0.1752534657716751,0.001,64,2,4,NA,NA,NA,NA,NA,NA,NA,NA,NA,NA,NA,NA,NA,NA,NA
8,,False,multiplicative,,4,4,32,0.2,20,0.7833333611488342,0.11264127492904663,0.001,64,2,4,NA,NA,NA,NA,NA,NA,NA,NA,NA,NA,NA,NA,NA,NA,NA
9,,False,multiplicative,,4,4,32,0.2,20,0.9166666269302368,0.08530459553003311,0.001,64,2,4,NA,NA,NA,NA,NA,NA,NA,NA,NA,NA,NA,NA,NA,NA,NA
10,,False,multiplicative,,4,4,32,0.2,20,0.8333333730697632,0.07818478345870972,0.001,64,2,4,NA,NA,NA,NA,NA,NA,NA,NA,NA,NA,NA,NA,NA,NA,NA
11,,False,multiplicative,,4,4,32,0.2,20,0.8833333253860474,0.06158510968089104,0.001,64,2,4,NA,NA,NA,NA,NA,NA,NA,NA,NA,NA,NA,NA,NA,NA,NA
12,,False,multiplicative,,4,4,32,0.2,20,0.8399999737739563,0.0664595291018486,0.001,64,2,4,NA,NA,NA,NA,NA,NA,NA,NA,NA,NA,NA,NA,NA,NA,NA
0,,False,multiplicative,,4,4,32,0.2,20,0.38999995589256287,0.7189685702323914,0.001,64,3,4,NA,NA,NA,NA,NA,NA,NA,NA,NA,NA,NA,NA,NA,NA,NA
1,,False,multiplicative,,4,4,32,0.2,20,0.5290476083755493,0.6059135794639587,0.001,64,3,4,NA,NA,NA,NA,NA,NA,NA,NA,NA,NA,NA,NA,NA,NA,NA
2,,False,multiplicative,,4,4,32,0.2,20,0.4949999749660492,0.6048790216445923,0.001,64,3,4,NA,NA,NA,NA,NA,NA,NA,NA,NA,NA,NA,NA,NA,NA,NA
3,,False,multiplicative,,4,4,32,0.2,20,0.5049999952316284,0.48046448826789856,0.001,64,3,4,NA,NA,NA,NA,NA,NA,NA,NA,NA,NA,NA,NA,NA,NA,NA
4,,False,multiplicative,,4,4,32,0.2,20,0.5766667127609253,0.38176429271698,0.001,64,3,4,NA,NA,NA,NA,NA,NA,NA,NA,NA,NA,NA,NA,NA,NA,NA
5,,False,multiplicative,,4,4,32,0.2,20,0.7595238089561462,0.31062933802604675,0.001,64,3,4,NA,NA,NA,NA,NA,NA,NA,NA,NA,NA,NA,NA,NA,NA,NA
6,,False,multiplicative,,4,4,32,0.2,20,0.7795237898826599,0.26011383533477783,0.001,64,3,4,NA,NA,NA,NA,NA,NA,NA,NA,NA,NA,NA,NA,NA,NA,NA
7,,False,multiplicative,,4,4,32,0.2,20,0.8133333325386047,0.17105361819267273,0.001,64,3,4,NA,NA,NA,NA,NA,NA,NA,NA,NA,NA,NA,NA,NA,NA,NA
8,,False,multiplicative,,4,4,32,0.2,20,0.7666667103767395,0.14659613370895386,0.001,64,3,4,NA,NA,NA,NA,NA,NA,NA,NA,NA,NA,NA,NA,NA,NA,NA
9,,False,multiplicative,,4,4,32,0.2,20,0.8333333134651184,0.11732160300016403,0.001,64,3,4,NA,NA,NA,NA,NA,NA,NA,NA,NA,NA,NA,NA,NA,NA,NA
10,,False,multiplicative,,4,4,32,0.2,20,0.7833333015441895,0.08866148442029953,0.001,64,3,4,NA,NA,NA,NA,NA,NA,NA,NA,NA,NA,NA,NA,NA,NA,NA
11,,False,multiplicative,,4,4,32,0.2,20,0.9399999380111694,0.07782638818025589,0.001,64,3,4,NA,NA,NA,NA,NA,NA,NA,NA,NA,NA,NA,NA,NA,NA,NA
12,,False,multiplicative,,4,4,32,0.2,20,0.8500000238418579,0.06159073859453201,0.001,64,3,4,NA,NA,NA,NA,NA,NA,NA,NA,NA,NA,NA,NA,NA,NA,NA
13,,False,multiplicative,,4,4,32,0.2,20,0.8833333253860474,0.054196082055568695,0.001,64,3,4,NA,NA,NA,NA,NA,NA,NA,NA,NA,NA,NA,NA,NA,NA,NA
14,,False,multiplicative,,4,4,32,0.2,20,0.8333333134651184,0.0523623563349247,0.001,64,3,4,NA,NA,NA,NA,NA,NA,NA,NA,NA,NA,NA,NA,NA,NA,NA
0,,False,multiplicative,,4,4,32,0.2,20,0.38499996066093445,0.714538037776947,0.001,64,0,5,NA,NA,NA,NA,NA,NA,NA,NA,NA,NA,NA,NA,NA,NA,NA
1,,False,multiplicative,,4,4,32,0.2,20,0.5066667199134827,0.589110791683197,0.001,64,0,5,NA,NA,NA,NA,NA,NA,NA,NA,NA,NA,NA,NA,NA,NA,NA
2,,False,multiplicative,,4,4,32,0.2,20,0.6316667199134827,0.5601406097412109,0.001,64,0,5,NA,NA,NA,NA,NA,NA,NA,NA,NA,NA,NA,NA,NA,NA,NA
3,,False,multiplicative,,4,4,32,0.2,20,0.5978571176528931,0.5241251587867737,0.001,64,0,5,NA,NA,NA,NA,NA,NA,NA,NA,NA,NA,NA,NA,NA,NA,NA
4,,False,multiplicative,,4,4,32,0.2,20,0.5911904573440552,0.47155138850212097,0.001,64,0,5,NA,NA,NA,NA,NA,NA,NA,NA,NA,NA,NA,NA,NA,NA,NA
5,,False,multiplicative,,4,4,32,0.2,20,0.5557143092155457,0.43422237038612366,0.001,64,0,5,NA,NA,NA,NA,NA,NA,NA,NA,NA,NA,NA,NA,NA,NA,NA
0,,False,multiplicative,,4,4,32,0.2,20,0.3395238220691681,0.7083762288093567,0.001,64,1,5,NA,NA,NA,NA,NA,NA,NA,NA,NA,NA,NA,NA,NA,NA,NA
1,,False,multiplicative,,4,4,32,0.2,20,0.3816666603088379,0.6615657806396484,0.001,64,1,5,NA,NA,NA,NA,NA,NA,NA,NA,NA,NA,NA,NA,NA,NA,NA
2,,False,multiplicative,,4,4,32,0.2,20,0.46833330392837524,0.6242369413375854,0.001,64,1,5,NA,NA,NA,NA,NA,NA,NA,NA,NA,NA,NA,NA,NA,NA,NA
3,,False,multiplicative,,4,4,32,0.2,20,0.5366666316986084,0.5665236711502075,0.001,64,1,5,NA,NA,NA,NA,NA,NA,NA,NA,NA,NA,NA,NA,NA,NA,NA
4,,False,multiplicative,,4,4,32,0.2,20,0.5523809194564819,0.5549505949020386,0.001,64,1,5,NA,NA,NA,NA,NA,NA,NA,NA,NA,NA,NA,NA,NA,NA,NA
5,,False,multiplicative,,4,4,32,0.2,20,0.4816666543483734,0.5271838903427124,0.001,64,1,5,NA,NA,NA,NA,NA,NA,NA,NA,NA,NA,NA,NA,NA,NA,NA
6,,False,multiplicative,,4,4,32,0.2,20,0.4650000035762787,0.5291362404823303,0.001,64,1,5,NA,NA,NA,NA,NA,NA,NA,NA,NA,NA,NA,NA,NA,NA,NA
7,,False,multiplicative,,4,4,32,0.2,20,0.5528571605682373,0.5152007341384888,0.001,64,1,5,NA,NA,NA,NA,NA,NA,NA,NA,NA,NA,NA,NA,NA,NA,NA
0,,False,multiplicative,,4,4,32,0.2,20,0.3395237922668457,0.8034007549285889,0.001,64,2,5,NA,NA,NA,NA,NA,NA,NA,NA,NA,NA,NA,NA,NA,NA,NA
1,,False,multiplicative,,4,4,32,0.2,20,0.4833332896232605,0.68109530210495,0.001,64,2,5,NA,NA,NA,NA,NA,NA,NA,NA,NA,NA,NA,NA,NA,NA,NA
2,,False,multiplicative,,4,4,32,0.2,20,0.6299999952316284,0.6093261241912842,0.001,64,2,5,NA,NA,NA,NA,NA,NA,NA,NA,NA,NA,NA,NA,NA,NA,NA
3,,False,multiplicative,,4,4,32,0.2,20,0.557857096195221,0.5670155882835388,0.001,64,2,5,NA,NA,NA,NA,NA,NA,NA,NA,NA,NA,NA,NA,NA,NA,NA
4,,False,multiplicative,,4,4,32,0.2,20,0.5328570604324341,0.5371772646903992,0.001,64,2,5,NA,NA,NA,NA,NA,NA,NA,NA,NA,NA,NA,NA,NA,NA,NA
5,,False,multiplicative,,4,4,32,0.2,20,0.5728570818901062,0.5011390447616577,0.001,64,2,5,NA,NA,NA,NA,NA,NA,NA,NA,NA,NA,NA,NA,NA,NA,NA
0,,False,multiplicative,,4,4,32,0.2,20,0.3333333134651184,0.6860096454620361,0.001,64,3,5,NA,NA,NA,NA,NA,NA,NA,NA,NA,NA,NA,NA,NA,NA,NA
1,,False,multiplicative,,4,4,32,0.2,20,0.5816666483879089,0.5636016726493835,0.001,64,3,5,NA,NA,NA,NA,NA,NA,NA,NA,NA,NA,NA,NA,NA,NA,NA
2,,False,multiplicative,,4,4,32,0.2,20,0.574999988079071,0.5515354871749878,0.001,64,3,5,NA,NA,NA,NA,NA,NA,NA,NA,NA,NA,NA,NA,NA,NA,NA
3,,False,multiplicative,,4,4,32,0.2,20,0.5483333468437195,0.5065312385559082,0.001,64,3,5,NA,NA,NA,NA,NA,NA,NA,NA,NA,NA,NA,NA,NA,NA,NA
4,,False,multiplicative,,4,4,32,0.2,20,0.5549999475479126,0.45842981338500977,0.001,64,3,5,NA,NA,NA,NA,NA,NA,NA,NA,NA,NA,NA,NA,NA,NA,NA
