epoch,att_act,att_hist,att_type,att_units,att_window,batch_size,dense_units,dropout,epochs,keras_f1_score,loss,lr,lstm_units,ofold,task,val_att_act,val_att_hist,val_att_type,val_att_units,val_att_window,val_batch_size,val_dense_units,val_dropout,val_epochs,val_keras_f1_score,val_loss,val_lr,val_lstm_units,val_ofold,val_task
0,,True,additive,8,2,4,16,0.2,20,0.3919799327850342,0.7281298041343689,0.001,16,0,1,NA,NA,NA,NA,NA,NA,NA,NA,NA,NA,NA,NA,NA,NA,NA
1,,True,additive,8,2,4,16,0.2,20,0.33333325386047363,0.6525655388832092,0.001,16,0,1,NA,NA,NA,NA,NA,NA,NA,NA,NA,NA,NA,NA,NA,NA,NA
2,,True,additive,8,2,4,16,0.2,20,0.7047618627548218,0.5590542554855347,0.001,16,0,1,NA,NA,NA,NA,NA,NA,NA,NA,NA,NA,NA,NA,NA,NA,NA
3,,True,additive,8,2,4,16,0.2,20,0.6350876688957214,0.5098651051521301,0.001,16,0,1,NA,NA,NA,NA,NA,NA,NA,NA,NA,NA,NA,NA,NA,NA,NA
4,,True,additive,8,2,4,16,0.2,20,0.699999988079071,0.43520981073379517,0.001,16,0,1,NA,NA,NA,NA,NA,NA,NA,NA,NA,NA,NA,NA,NA,NA,NA
5,,True,additive,8,2,4,16,0.2,20,0.6859648823738098,0.4067365825176239,0.001,16,0,1,NA,NA,NA,NA,NA,NA,NA,NA,NA,NA,NA,NA,NA,NA,NA
0,,True,additive,8,2,4,16,0.2,20,0.24736838042736053,0.6932395696640015,0.001,16,1,1,NA,NA,NA,NA,NA,NA,NA,NA,NA,NA,NA,NA,NA,NA,NA
1,,True,additive,8,2,4,16,0.2,20,0.5859649181365967,0.5745580792427063,0.001,16,1,1,NA,NA,NA,NA,NA,NA,NA,NA,NA,NA,NA,NA,NA,NA,NA
2,,True,additive,8,2,4,16,0.2,20,0.698245644569397,0.5089606046676636,0.001,16,1,1,NA,NA,NA,NA,NA,NA,NA,NA,NA,NA,NA,NA,NA,NA,NA
3,,True,additive,8,2,4,16,0.2,20,0.680200457572937,0.4051361083984375,0.001,16,1,1,NA,NA,NA,NA,NA,NA,NA,NA,NA,NA,NA,NA,NA,NA,NA
4,,True,additive,8,2,4,16,0.2,20,0.7614035606384277,0.36645954847335815,0.001,16,1,1,NA,NA,NA,NA,NA,NA,NA,NA,NA,NA,NA,NA,NA,NA,NA
5,,True,additive,8,2,4,16,0.2,20,0.7245614528656006,0.3250965476036072,0.001,16,1,1,NA,NA,NA,NA,NA,NA,NA,NA,NA,NA,NA,NA,NA,NA,NA
6,,True,additive,8,2,4,16,0.2,20,0.7859649062156677,0.2784041464328766,0.001,16,1,1,NA,NA,NA,NA,NA,NA,NA,NA,NA,NA,NA,NA,NA,NA,NA
7,,True,additive,8,2,4,16,0.2,20,0.8350877165794373,0.2888201177120209,0.001,16,1,1,NA,NA,NA,NA,NA,NA,NA,NA,NA,NA,NA,NA,NA,NA,NA
8,,True,additive,8,2,4,16,0.2,20,0.796491265296936,0.20041878521442413,0.001,16,1,1,NA,NA,NA,NA,NA,NA,NA,NA,NA,NA,NA,NA,NA,NA,NA
9,,True,additive,8,2,4,16,0.2,20,0.7719298601150513,0.17382942140102386,0.001,16,1,1,NA,NA,NA,NA,NA,NA,NA,NA,NA,NA,NA,NA,NA,NA,NA
10,,True,additive,8,2,4,16,0.2,20,0.8736841082572937,0.18119807541370392,0.001,16,1,1,NA,NA,NA,NA,NA,NA,NA,NA,NA,NA,NA,NA,NA,NA,NA
11,,True,additive,8,2,4,16,0.2,20,0.821052610874176,0.14494208991527557,0.001,16,1,1,NA,NA,NA,NA,NA,NA,NA,NA,NA,NA,NA,NA,NA,NA,NA
12,,True,additive,8,2,4,16,0.2,20,0.8766916990280151,0.14807197451591492,0.001,16,1,1,NA,NA,NA,NA,NA,NA,NA,NA,NA,NA,NA,NA,NA,NA,NA
13,,True,additive,8,2,4,16,0.2,20,0.8596490621566772,0.10756800323724747,0.001,16,1,1,NA,NA,NA,NA,NA,NA,NA,NA,NA,NA,NA,NA,NA,NA,NA
14,,True,additive,8,2,4,16,0.2,20,0.6912280917167664,0.11325544863939285,0.001,16,1,1,NA,NA,NA,NA,NA,NA,NA,NA,NA,NA,NA,NA,NA,NA,NA
15,,True,additive,8,2,4,16,0.2,20,0.903508722782135,0.12381294369697571,0.001,16,1,1,NA,NA,NA,NA,NA,NA,NA,NA,NA,NA,NA,NA,NA,NA,NA
16,,True,additive,8,2,4,16,0.2,20,0.8315789699554443,0.07759246230125427,0.001,16,1,1,NA,NA,NA,NA,NA,NA,NA,NA,NA,NA,NA,NA,NA,NA,NA
17,,True,additive,8,2,4,16,0.2,20,0.8666666150093079,0.1041283831000328,0.001,16,1,1,NA,NA,NA,NA,NA,NA,NA,NA,NA,NA,NA,NA,NA,NA,NA
18,,True,additive,8,2,4,16,0.2,20,0.884210467338562,0.07618927955627441,0.001,16,1,1,NA,NA,NA,NA,NA,NA,NA,NA,NA,NA,NA,NA,NA,NA,NA
0,,True,additive,8,2,4,16,0.2,20,0.27017539739608765,0.6964012384414673,0.001,16,2,1,NA,NA,NA,NA,NA,NA,NA,NA,NA,NA,NA,NA,NA,NA,NA
1,,True,additive,8,2,4,16,0.2,20,0.5333333015441895,0.5664379596710205,0.001,16,2,1,NA,NA,NA,NA,NA,NA,NA,NA,NA,NA,NA,NA,NA,NA,NA
2,,True,additive,8,2,4,16,0.2,20,0.6398496031761169,0.4846029579639435,0.001,16,2,1,NA,NA,NA,NA,NA,NA,NA,NA,NA,NA,NA,NA,NA,NA,NA
3,,True,additive,8,2,4,16,0.2,20,0.7649122476577759,0.4333592653274536,0.001,16,2,1,NA,NA,NA,NA,NA,NA,NA,NA,NA,NA,NA,NA,NA,NA,NA
4,,True,additive,8,2,4,16,0.2,20,0.7807018160820007,0.367130309343338,0.001,16,2,1,NA,NA,NA,NA,NA,NA,NA,NA,NA,NA,NA,NA,NA,NA,NA
5,,True,additive,8,2,4,16,0.2,20,0.7596490979194641,0.3063657581806183,0.001,16,2,1,NA,NA,NA,NA,NA,NA,NA,NA,NA,NA,NA,NA,NA,NA,NA
6,,True,additive,8,2,4,16,0.2,20,0.7508772015571594,0.2841263711452484,0.001,16,2,1,NA,NA,NA,NA,NA,NA,NA,NA,NA,NA,NA,NA,NA,NA,NA
7,,True,additive,8,2,4,16,0.2,20,0.8521302938461304,0.18854044377803802,0.001,16,2,1,NA,NA,NA,NA,NA,NA,NA,NA,NA,NA,NA,NA,NA,NA,NA
8,,True,additive,8,2,4,16,0.2,20,0.7556390762329102,0.13742788136005402,0.001,16,2,1,NA,NA,NA,NA,NA,NA,NA,NA,NA,NA,NA,NA,NA,NA,NA
9,,True,additive,8,2,4,16,0.2,20,0.7403509020805359,0.1562066674232483,0.001,16,2,1,NA,NA,NA,NA,NA,NA,NA,NA,NA,NA,NA,NA,NA,NA,NA
10,,True,additive,8,2,4,16,0.2,20,0.9819548726081848,0.14375458657741547,0.001,16,2,1,NA,NA,NA,NA,NA,NA,NA,NA,NA,NA,NA,NA,NA,NA,NA
11,,True,additive,8,2,4,16,0.2,20,0.9298245310783386,0.10958592593669891,0.001,16,2,1,NA,NA,NA,NA,NA,NA,NA,NA,NA,NA,NA,NA,NA,NA,NA
12,,True,additive,8,2,4,16,0.2,20,0.7543859481811523,0.10142181813716888,0.001,16,2,1,NA,NA,NA,NA,NA,NA,NA,NA,NA,NA,NA,NA,NA,NA,NA
13,,True,additive,8,2,4,16,0.2,20,0.9017543792724609,0.0789031982421875,0.001,16,2,1,NA,NA,NA,NA,NA,NA,NA,NA,NA,NA,NA,NA,NA,NA,NA
0,,True,additive,8,2,4,16,0.2,20,0.34385961294174194,0.6701996326446533,0.001,16,3,1,NA,NA,NA,NA,NA,NA,NA,NA,NA,NA,NA,NA,NA,NA,NA
1,,True,additive,8,2,4,16,0.2,20,0.6280701756477356,0.583269476890564,0.001,16,3,1,NA,NA,NA,NA,NA,NA,NA,NA,NA,NA,NA,NA,NA,NA,NA
2,,True,additive,8,2,4,16,0.2,20,0.6842105388641357,0.48774588108062744,0.001,16,3,1,NA,NA,NA,NA,NA,NA,NA,NA,NA,NA,NA,NA,NA,NA,NA
3,,True,additive,8,2,4,16,0.2,20,0.6907268762588501,0.45133599638938904,0.001,16,3,1,NA,NA,NA,NA,NA,NA,NA,NA,NA,NA,NA,NA,NA,NA,NA
4,,True,additive,8,2,4,16,0.2,20,0.6842105984687805,0.36608898639678955,0.001,16,3,1,NA,NA,NA,NA,NA,NA,NA,NA,NA,NA,NA,NA,NA,NA,NA
5,,True,additive,8,2,4,16,0.2,20,0.659649133682251,0.3639375567436218,0.001,16,3,1,NA,NA,NA,NA,NA,NA,NA,NA,NA,NA,NA,NA,NA,NA,NA
6,,True,additive,8,2,4,16,0.2,20,0.7192981839179993,0.3158535361289978,0.001,16,3,1,NA,NA,NA,NA,NA,NA,NA,NA,NA,NA,NA,NA,NA,NA,NA
7,,True,additive,8,2,4,16,0.2,20,0.7684210538864136,0.31336843967437744,0.001,16,3,1,NA,NA,NA,NA,NA,NA,NA,NA,NA,NA,NA,NA,NA,NA,NA
8,,True,additive,8,2,4,16,0.2,20,0.8122807145118713,0.2738936245441437,0.001,16,3,1,NA,NA,NA,NA,NA,NA,NA,NA,NA,NA,NA,NA,NA,NA,NA
9,,True,additive,8,2,4,16,0.2,20,0.845613956451416,0.2464478611946106,0.001,16,3,1,NA,NA,NA,NA,NA,NA,NA,NA,NA,NA,NA,NA,NA,NA,NA
10,,True,additive,8,2,4,16,0.2,20,0.8315789699554443,0.20228955149650574,0.001,16,3,1,NA,NA,NA,NA,NA,NA,NA,NA,NA,NA,NA,NA,NA,NA,NA
11,,True,additive,8,2,4,16,0.2,20,0.8421052694320679,0.1678706407546997,0.001,16,3,1,NA,NA,NA,NA,NA,NA,NA,NA,NA,NA,NA,NA,NA,NA,NA
12,,True,additive,8,2,4,16,0.2,20,0.8240601420402527,0.1704981029033661,0.001,16,3,1,NA,NA,NA,NA,NA,NA,NA,NA,NA,NA,NA,NA,NA,NA,NA
0,,True,additive,8,2,4,16,0.2,20,0.1783333122730255,0.7079289555549622,0.001,16,0,2,NA,NA,NA,NA,NA,NA,NA,NA,NA,NA,NA,NA,NA,NA,NA
1,,True,additive,8,2,4,16,0.2,20,0.12333332002162933,0.6713675856590271,0.001,16,0,2,NA,NA,NA,NA,NA,NA,NA,NA,NA,NA,NA,NA,NA,NA,NA
2,,True,additive,8,2,4,16,0.2,20,0.42500001192092896,0.643355667591095,0.001,16,0,2,NA,NA,NA,NA,NA,NA,NA,NA,NA,NA,NA,NA,NA,NA,NA
3,,True,additive,8,2,4,16,0.2,20,0.40999993681907654,0.5845624804496765,0.001,16,0,2,NA,NA,NA,NA,NA,NA,NA,NA,NA,NA,NA,NA,NA,NA,NA
4,,True,additive,8,2,4,16,0.2,20,0.616190493106842,0.5543266534805298,0.001,16,0,2,NA,NA,NA,NA,NA,NA,NA,NA,NA,NA,NA,NA,NA,NA,NA
5,,True,additive,8,2,4,16,0.2,20,0.5649999976158142,0.5275585651397705,0.001,16,0,2,NA,NA,NA,NA,NA,NA,NA,NA,NA,NA,NA,NA,NA,NA,NA
6,,True,additive,8,2,4,16,0.2,20,0.702380895614624,0.44914674758911133,0.001,16,0,2,NA,NA,NA,NA,NA,NA,NA,NA,NA,NA,NA,NA,NA,NA,NA
7,,True,additive,8,2,4,16,0.2,20,0.7549999952316284,0.399594247341156,0.001,16,0,2,NA,NA,NA,NA,NA,NA,NA,NA,NA,NA,NA,NA,NA,NA,NA
8,,True,additive,8,2,4,16,0.2,20,0.6961904764175415,0.3880316913127899,0.001,16,0,2,NA,NA,NA,NA,NA,NA,NA,NA,NA,NA,NA,NA,NA,NA,NA
9,,True,additive,8,2,4,16,0.2,20,0.9199999570846558,0.3157663941383362,0.001,16,0,2,NA,NA,NA,NA,NA,NA,NA,NA,NA,NA,NA,NA,NA,NA,NA
10,,True,additive,8,2,4,16,0.2,20,0.7678571939468384,0.2899388372898102,0.001,16,0,2,NA,NA,NA,NA,NA,NA,NA,NA,NA,NA,NA,NA,NA,NA,NA
11,,True,additive,8,2,4,16,0.2,20,0.7266666889190674,0.2653307616710663,0.001,16,0,2,NA,NA,NA,NA,NA,NA,NA,NA,NA,NA,NA,NA,NA,NA,NA
12,,True,additive,8,2,4,16,0.2,20,0.8633333444595337,0.23026789724826813,0.001,16,0,2,NA,NA,NA,NA,NA,NA,NA,NA,NA,NA,NA,NA,NA,NA,NA
0,,True,additive,8,2,4,16,0.2,20,0.19999995827674866,0.7549853324890137,0.001,16,1,2,NA,NA,NA,NA,NA,NA,NA,NA,NA,NA,NA,NA,NA,NA,NA
1,,True,additive,8,2,4,16,0.2,20,0.5666666626930237,0.6165205240249634,0.001,16,1,2,NA,NA,NA,NA,NA,NA,NA,NA,NA,NA,NA,NA,NA,NA,NA
2,,True,additive,8,2,4,16,0.2,20,0.572857141494751,0.540062665939331,0.001,16,1,2,NA,NA,NA,NA,NA,NA,NA,NA,NA,NA,NA,NA,NA,NA,NA
3,,True,additive,8,2,4,16,0.2,20,0.550000011920929,0.5325049161911011,0.001,16,1,2,NA,NA,NA,NA,NA,NA,NA,NA,NA,NA,NA,NA,NA,NA,NA
4,,True,additive,8,2,4,16,0.2,20,0.6657142639160156,0.4736420214176178,0.001,16,1,2,NA,NA,NA,NA,NA,NA,NA,NA,NA,NA,NA,NA,NA,NA,NA
5,,True,additive,8,2,4,16,0.2,20,0.559999942779541,0.46064436435699463,0.001,16,1,2,NA,NA,NA,NA,NA,NA,NA,NA,NA,NA,NA,NA,NA,NA,NA
6,,True,additive,8,2,4,16,0.2,20,0.6878571510314941,0.3721446692943573,0.001,16,1,2,NA,NA,NA,NA,NA,NA,NA,NA,NA,NA,NA,NA,NA,NA,NA
7,,True,additive,8,2,4,16,0.2,20,0.7845237851142883,0.35737523436546326,0.001,16,1,2,NA,NA,NA,NA,NA,NA,NA,NA,NA,NA,NA,NA,NA,NA,NA
8,,True,additive,8,2,4,16,0.2,20,0.8066666722297668,0.30781295895576477,0.001,16,1,2,NA,NA,NA,NA,NA,NA,NA,NA,NA,NA,NA,NA,NA,NA,NA
9,,True,additive,8,2,4,16,0.2,20,0.6895238161087036,0.2897266149520874,0.001,16,1,2,NA,NA,NA,NA,NA,NA,NA,NA,NA,NA,NA,NA,NA,NA,NA
10,,True,additive,8,2,4,16,0.2,20,0.7316666841506958,0.2982023060321808,0.001,16,1,2,NA,NA,NA,NA,NA,NA,NA,NA,NA,NA,NA,NA,NA,NA,NA
11,,True,additive,8,2,4,16,0.2,20,0.79666668176651,0.22970207035541534,0.001,16,1,2,NA,NA,NA,NA,NA,NA,NA,NA,NA,NA,NA,NA,NA,NA,NA
0,,True,additive,8,2,4,16,0.2,20,0.3633332848548889,0.6851075291633606,0.001,16,2,2,NA,NA,NA,NA,NA,NA,NA,NA,NA,NA,NA,NA,NA,NA,NA
1,,True,additive,8,2,4,16,0.2,20,0.49333328008651733,0.6301681399345398,0.001,16,2,2,NA,NA,NA,NA,NA,NA,NA,NA,NA,NA,NA,NA,NA,NA,NA
2,,True,additive,8,2,4,16,0.2,20,0.4350000023841858,0.578594982624054,0.001,16,2,2,NA,NA,NA,NA,NA,NA,NA,NA,NA,NA,NA,NA,NA,NA,NA
3,,True,additive,8,2,4,16,0.2,20,0.6478571891784668,0.5691449046134949,0.001,16,2,2,NA,NA,NA,NA,NA,NA,NA,NA,NA,NA,NA,NA,NA,NA,NA
4,,True,additive,8,2,4,16,0.2,20,0.503333330154419,0.513286292552948,0.001,16,2,2,NA,NA,NA,NA,NA,NA,NA,NA,NA,NA,NA,NA,NA,NA,NA
5,,True,additive,8,2,4,16,0.2,20,0.6049999594688416,0.46943604946136475,0.001,16,2,2,NA,NA,NA,NA,NA,NA,NA,NA,NA,NA,NA,NA,NA,NA,NA
6,,True,additive,8,2,4,16,0.2,20,0.6895238161087036,0.43266481161117554,0.001,16,2,2,NA,NA,NA,NA,NA,NA,NA,NA,NA,NA,NA,NA,NA,NA,NA
7,,True,additive,8,2,4,16,0.2,20,0.7795237898826599,0.3881787657737732,0.001,16,2,2,NA,NA,NA,NA,NA,NA,NA,NA,NA,NA,NA,NA,NA,NA,NA
8,,True,additive,8,2,4,16,0.2,20,0.7540475726127625,0.3422084152698517,0.001,16,2,2,NA,NA,NA,NA,NA,NA,NA,NA,NA,NA,NA,NA,NA,NA,NA
9,,True,additive,8,2,4,16,0.2,20,0.6766666769981384,0.3354542553424835,0.001,16,2,2,NA,NA,NA,NA,NA,NA,NA,NA,NA,NA,NA,NA,NA,NA,NA
10,,True,additive,8,2,4,16,0.2,20,0.6411905288696289,0.3033584654331207,0.001,16,2,2,NA,NA,NA,NA,NA,NA,NA,NA,NA,NA,NA,NA,NA,NA,NA
0,,True,additive,8,2,4,16,0.2,20,0.5111904740333557,0.7184752225875854,0.001,16,3,2,NA,NA,NA,NA,NA,NA,NA,NA,NA,NA,NA,NA,NA,NA,NA
1,,True,additive,8,2,4,16,0.2,20,0.37833327054977417,0.6765914559364319,0.001,16,3,2,NA,NA,NA,NA,NA,NA,NA,NA,NA,NA,NA,NA,NA,NA,NA
2,,True,additive,8,2,4,16,0.2,20,0.4166666567325592,0.6216647028923035,0.001,16,3,2,NA,NA,NA,NA,NA,NA,NA,NA,NA,NA,NA,NA,NA,NA,NA
3,,True,additive,8,2,4,16,0.2,20,0.49833330512046814,0.5835958123207092,0.001,16,3,2,NA,NA,NA,NA,NA,NA,NA,NA,NA,NA,NA,NA,NA,NA,NA
0,,True,additive,8,2,4,16,0.2,20,0.3328320384025574,0.7098990082740784,0.001,16,0,3,NA,NA,NA,NA,NA,NA,NA,NA,NA,NA,NA,NA,NA,NA,NA
1,,True,additive,8,2,4,16,0.2,20,0.5696741938591003,0.5753035545349121,0.001,16,0,3,NA,NA,NA,NA,NA,NA,NA,NA,NA,NA,NA,NA,NA,NA,NA
2,,True,additive,8,2,4,16,0.2,20,0.6877192854881287,0.46414244174957275,0.001,16,0,3,NA,NA,NA,NA,NA,NA,NA,NA,NA,NA,NA,NA,NA,NA,NA
3,,True,additive,8,2,4,16,0.2,20,0.8060150146484375,0.409255713224411,0.001,16,0,3,NA,NA,NA,NA,NA,NA,NA,NA,NA,NA,NA,NA,NA,NA,NA
4,,True,additive,8,2,4,16,0.2,20,0.7666667103767395,0.38136205077171326,0.001,16,0,3,NA,NA,NA,NA,NA,NA,NA,NA,NA,NA,NA,NA,NA,NA,NA
5,,True,additive,8,2,4,16,0.2,20,0.7877193093299866,0.33978232741355896,0.001,16,0,3,NA,NA,NA,NA,NA,NA,NA,NA,NA,NA,NA,NA,NA,NA,NA
6,,True,additive,8,2,4,16,0.2,20,0.6807017922401428,0.30947446823120117,0.001,16,0,3,NA,NA,NA,NA,NA,NA,NA,NA,NA,NA,NA,NA,NA,NA,NA
0,,True,additive,8,2,4,16,0.2,20,0.5030075311660767,0.6802852749824524,0.001,16,1,3,NA,NA,NA,NA,NA,NA,NA,NA,NA,NA,NA,NA,NA,NA,NA
1,,True,additive,8,2,4,16,0.2,20,0.5526315569877625,0.6020401120185852,0.001,16,1,3,NA,NA,NA,NA,NA,NA,NA,NA,NA,NA,NA,NA,NA,NA,NA
2,,True,additive,8,2,4,16,0.2,20,0.6591478586196899,0.49408185482025146,0.001,16,1,3,NA,NA,NA,NA,NA,NA,NA,NA,NA,NA,NA,NA,NA,NA,NA
3,,True,additive,8,2,4,16,0.2,20,0.6719298362731934,0.43327465653419495,0.001,16,1,3,NA,NA,NA,NA,NA,NA,NA,NA,NA,NA,NA,NA,NA,NA,NA
4,,True,additive,8,2,4,16,0.2,20,0.7213032245635986,0.39252910017967224,0.001,16,1,3,NA,NA,NA,NA,NA,NA,NA,NA,NA,NA,NA,NA,NA,NA,NA
5,,True,additive,8,2,4,16,0.2,20,0.7591478824615479,0.34132900834083557,0.001,16,1,3,NA,NA,NA,NA,NA,NA,NA,NA,NA,NA,NA,NA,NA,NA,NA
6,,True,additive,8,2,4,16,0.2,20,0.7842105627059937,0.3128119707107544,0.001,16,1,3,NA,NA,NA,NA,NA,NA,NA,NA,NA,NA,NA,NA,NA,NA,NA
7,,True,additive,8,2,4,16,0.2,20,0.8245614171028137,0.23115502297878265,0.001,16,1,3,NA,NA,NA,NA,NA,NA,NA,NA,NA,NA,NA,NA,NA,NA,NA
8,,True,additive,8,2,4,16,0.2,20,0.7889724373817444,0.20039252936840057,0.001,16,1,3,NA,NA,NA,NA,NA,NA,NA,NA,NA,NA,NA,NA,NA,NA,NA
9,,True,additive,8,2,4,16,0.2,20,0.859147846698761,0.17478644847869873,0.001,16,1,3,NA,NA,NA,NA,NA,NA,NA,NA,NA,NA,NA,NA,NA,NA,NA
10,,True,additive,8,2,4,16,0.2,20,0.7859649062156677,0.17680609226226807,0.001,16,1,3,NA,NA,NA,NA,NA,NA,NA,NA,NA,NA,NA,NA,NA,NA,NA
11,,True,additive,8,2,4,16,0.2,20,0.8491228222846985,0.14835654199123383,0.001,16,1,3,NA,NA,NA,NA,NA,NA,NA,NA,NA,NA,NA,NA,NA,NA,NA
12,,True,additive,8,2,4,16,0.2,20,0.8771929740905762,0.1585269719362259,0.001,16,1,3,NA,NA,NA,NA,NA,NA,NA,NA,NA,NA,NA,NA,NA,NA,NA
13,,True,additive,8,2,4,16,0.2,20,0.8140351176261902,0.12108294665813446,0.001,16,1,3,NA,NA,NA,NA,NA,NA,NA,NA,NA,NA,NA,NA,NA,NA,NA
14,,True,additive,8,2,4,16,0.2,20,0.8315789699554443,0.0851234719157219,0.001,16,1,3,NA,NA,NA,NA,NA,NA,NA,NA,NA,NA,NA,NA,NA,NA,NA
15,,True,additive,8,2,4,16,0.2,20,0.9298245310783386,0.10452441871166229,0.001,16,1,3,NA,NA,NA,NA,NA,NA,NA,NA,NA,NA,NA,NA,NA,NA,NA
16,,True,additive,8,2,4,16,0.2,20,0.877193033695221,0.08273647725582123,0.001,16,1,3,NA,NA,NA,NA,NA,NA,NA,NA,NA,NA,NA,NA,NA,NA,NA
17,,True,additive,8,2,4,16,0.2,20,0.8421052694320679,0.07236596941947937,0.001,16,1,3,NA,NA,NA,NA,NA,NA,NA,NA,NA,NA,NA,NA,NA,NA,NA
18,,True,additive,8,2,4,16,0.2,20,0.8947368264198303,0.06049997732043266,0.001,16,1,3,NA,NA,NA,NA,NA,NA,NA,NA,NA,NA,NA,NA,NA,NA,NA
0,,True,additive,8,2,4,16,0.2,20,0.37833333015441895,0.6758704781532288,0.001,16,2,3,NA,NA,NA,NA,NA,NA,NA,NA,NA,NA,NA,NA,NA,NA,NA
1,,True,additive,8,2,4,16,0.2,20,0.5816666483879089,0.4989628493785858,0.001,16,2,3,NA,NA,NA,NA,NA,NA,NA,NA,NA,NA,NA,NA,NA,NA,NA
2,,True,additive,8,2,4,16,0.2,20,0.59333336353302,0.46628937125205994,0.001,16,2,3,NA,NA,NA,NA,NA,NA,NA,NA,NA,NA,NA,NA,NA,NA,NA
3,,True,additive,8,2,4,16,0.2,20,0.6616666913032532,0.3838413655757904,0.001,16,2,3,NA,NA,NA,NA,NA,NA,NA,NA,NA,NA,NA,NA,NA,NA,NA
4,,True,additive,8,2,4,16,0.2,20,0.6428571939468384,0.34225350618362427,0.001,16,2,3,NA,NA,NA,NA,NA,NA,NA,NA,NA,NA,NA,NA,NA,NA,NA
5,,True,additive,8,2,4,16,0.2,20,0.729523777961731,0.28704723715782166,0.001,16,2,3,NA,NA,NA,NA,NA,NA,NA,NA,NA,NA,NA,NA,NA,NA,NA
6,,True,additive,8,2,4,16,0.2,20,0.8395237922668457,0.2489946484565735,0.001,16,2,3,NA,NA,NA,NA,NA,NA,NA,NA,NA,NA,NA,NA,NA,NA,NA
7,,True,additive,8,2,4,16,0.2,20,0.8233332633972168,0.25208935141563416,0.001,16,2,3,NA,NA,NA,NA,NA,NA,NA,NA,NA,NA,NA,NA,NA,NA,NA
8,,True,additive,8,2,4,16,0.2,20,0.746666669845581,0.21298132836818695,0.001,16,2,3,NA,NA,NA,NA,NA,NA,NA,NA,NA,NA,NA,NA,NA,NA,NA
9,,True,additive,8,2,4,16,0.2,20,0.8333333134651184,0.1888001561164856,0.001,16,2,3,NA,NA,NA,NA,NA,NA,NA,NA,NA,NA,NA,NA,NA,NA,NA
0,,True,additive,8,2,4,16,0.2,20,0.5478571653366089,0.6479998230934143,0.001,16,3,3,NA,NA,NA,NA,NA,NA,NA,NA,NA,NA,NA,NA,NA,NA,NA
1,,True,additive,8,2,4,16,0.2,20,0.5411904454231262,0.5345579385757446,0.001,16,3,3,NA,NA,NA,NA,NA,NA,NA,NA,NA,NA,NA,NA,NA,NA,NA
2,,True,additive,8,2,4,16,0.2,20,0.7395238280296326,0.42922359704971313,0.001,16,3,3,NA,NA,NA,NA,NA,NA,NA,NA,NA,NA,NA,NA,NA,NA,NA
3,,True,additive,8,2,4,16,0.2,20,0.731666624546051,0.3453045189380646,0.001,16,3,3,NA,NA,NA,NA,NA,NA,NA,NA,NA,NA,NA,NA,NA,NA,NA
4,,True,additive,8,2,4,16,0.2,20,0.8257142901420593,0.3477446436882019,0.001,16,3,3,NA,NA,NA,NA,NA,NA,NA,NA,NA,NA,NA,NA,NA,NA,NA
5,,True,additive,8,2,4,16,0.2,20,0.7699999809265137,0.26639556884765625,0.001,16,3,3,NA,NA,NA,NA,NA,NA,NA,NA,NA,NA,NA,NA,NA,NA,NA
6,,True,additive,8,2,4,16,0.2,20,0.8633333444595337,0.21270199120044708,0.001,16,3,3,NA,NA,NA,NA,NA,NA,NA,NA,NA,NA,NA,NA,NA,NA,NA
7,,True,additive,8,2,4,16,0.2,20,0.8500000238418579,0.20752817392349243,0.001,16,3,3,NA,NA,NA,NA,NA,NA,NA,NA,NA,NA,NA,NA,NA,NA,NA
8,,True,additive,8,2,4,16,0.2,20,0.9166666865348816,0.14189855754375458,0.001,16,3,3,NA,NA,NA,NA,NA,NA,NA,NA,NA,NA,NA,NA,NA,NA,NA
9,,True,additive,8,2,4,16,0.2,20,0.9133332967758179,0.13919153809547424,0.001,16,3,3,NA,NA,NA,NA,NA,NA,NA,NA,NA,NA,NA,NA,NA,NA,NA
10,,True,additive,8,2,4,16,0.2,20,0.8083332777023315,0.13490842282772064,0.001,16,3,3,NA,NA,NA,NA,NA,NA,NA,NA,NA,NA,NA,NA,NA,NA,NA
11,,True,additive,8,2,4,16,0.2,20,0.8999999761581421,0.10023224353790283,0.001,16,3,3,NA,NA,NA,NA,NA,NA,NA,NA,NA,NA,NA,NA,NA,NA,NA
0,,True,additive,8,2,4,16,0.2,20,0.28999996185302734,0.6878440976142883,0.001,16,0,4,NA,NA,NA,NA,NA,NA,NA,NA,NA,NA,NA,NA,NA,NA,NA
1,,True,additive,8,2,4,16,0.2,20,0.53166663646698,0.5390601754188538,0.001,16,0,4,NA,NA,NA,NA,NA,NA,NA,NA,NA,NA,NA,NA,NA,NA,NA
2,,True,additive,8,2,4,16,0.2,20,0.5249999761581421,0.4626094698905945,0.001,16,0,4,NA,NA,NA,NA,NA,NA,NA,NA,NA,NA,NA,NA,NA,NA,NA
3,,True,additive,8,2,4,16,0.2,20,0.6578571200370789,0.3717690408229828,0.001,16,0,4,NA,NA,NA,NA,NA,NA,NA,NA,NA,NA,NA,NA,NA,NA,NA
4,,True,additive,8,2,4,16,0.2,20,0.6783333420753479,0.36492326855659485,0.001,16,0,4,NA,NA,NA,NA,NA,NA,NA,NA,NA,NA,NA,NA,NA,NA,NA
5,,True,additive,8,2,4,16,0.2,20,0.7357142567634583,0.33689191937446594,0.001,16,0,4,NA,NA,NA,NA,NA,NA,NA,NA,NA,NA,NA,NA,NA,NA,NA
6,,True,additive,8,2,4,16,0.2,20,0.8333333730697632,0.2005966305732727,0.001,16,0,4,NA,NA,NA,NA,NA,NA,NA,NA,NA,NA,NA,NA,NA,NA,NA
7,,True,additive,8,2,4,16,0.2,20,0.726190447807312,0.19200195372104645,0.001,16,0,4,NA,NA,NA,NA,NA,NA,NA,NA,NA,NA,NA,NA,NA,NA,NA
8,,True,additive,8,2,4,16,0.2,20,0.8233333826065063,0.1860591024160385,0.001,16,0,4,NA,NA,NA,NA,NA,NA,NA,NA,NA,NA,NA,NA,NA,NA,NA
9,,True,additive,8,2,4,16,0.2,20,0.8828571438789368,0.1421094387769699,0.001,16,0,4,NA,NA,NA,NA,NA,NA,NA,NA,NA,NA,NA,NA,NA,NA,NA
10,,True,additive,8,2,4,16,0.2,20,0.8500000238418579,0.10036709904670715,0.001,16,0,4,NA,NA,NA,NA,NA,NA,NA,NA,NA,NA,NA,NA,NA,NA,NA
11,,True,additive,8,2,4,16,0.2,20,0.8761904835700989,0.11401498317718506,0.001,16,0,4,NA,NA,NA,NA,NA,NA,NA,NA,NA,NA,NA,NA,NA,NA,NA
12,,True,additive,8,2,4,16,0.2,20,0.8999999761581421,0.09203121811151505,0.001,16,0,4,NA,NA,NA,NA,NA,NA,NA,NA,NA,NA,NA,NA,NA,NA,NA
13,,True,additive,8,2,4,16,0.2,20,0.8500000238418579,0.060203708708286285,0.001,16,0,4,NA,NA,NA,NA,NA,NA,NA,NA,NA,NA,NA,NA,NA,NA,NA
14,,True,additive,8,2,4,16,0.2,20,0.8999999761581421,0.06107224524021149,0.001,16,0,4,NA,NA,NA,NA,NA,NA,NA,NA,NA,NA,NA,NA,NA,NA,NA
15,,True,additive,8,2,4,16,0.2,20,0.8999999761581421,0.05138653889298439,0.001,16,0,4,NA,NA,NA,NA,NA,NA,NA,NA,NA,NA,NA,NA,NA,NA,NA
0,,True,additive,8,2,4,16,0.2,20,0.166666641831398,0.689608097076416,0.001,16,1,4,NA,NA,NA,NA,NA,NA,NA,NA,NA,NA,NA,NA,NA,NA,NA
1,,True,additive,8,2,4,16,0.2,20,0.4599999785423279,0.5758055448532104,0.001,16,1,4,NA,NA,NA,NA,NA,NA,NA,NA,NA,NA,NA,NA,NA,NA,NA
2,,True,additive,8,2,4,16,0.2,20,0.42666664719581604,0.5468142032623291,0.001,16,1,4,NA,NA,NA,NA,NA,NA,NA,NA,NA,NA,NA,NA,NA,NA,NA
3,,True,additive,8,2,4,16,0.2,20,0.6766666769981384,0.45569878816604614,0.001,16,1,4,NA,NA,NA,NA,NA,NA,NA,NA,NA,NA,NA,NA,NA,NA,NA
4,,True,additive,8,2,4,16,0.2,20,0.6228571534156799,0.37730076909065247,0.001,16,1,4,NA,NA,NA,NA,NA,NA,NA,NA,NA,NA,NA,NA,NA,NA,NA
5,,True,additive,8,2,4,16,0.2,20,0.7050000429153442,0.3332417607307434,0.001,16,1,4,NA,NA,NA,NA,NA,NA,NA,NA,NA,NA,NA,NA,NA,NA,NA
6,,True,additive,8,2,4,16,0.2,20,0.7333332896232605,0.268261581659317,0.001,16,1,4,NA,NA,NA,NA,NA,NA,NA,NA,NA,NA,NA,NA,NA,NA,NA
7,,True,additive,8,2,4,16,0.2,20,0.7511904835700989,0.3026171326637268,0.001,16,1,4,NA,NA,NA,NA,NA,NA,NA,NA,NA,NA,NA,NA,NA,NA,NA
8,,True,additive,8,2,4,16,0.2,20,0.7800000309944153,0.2281072586774826,0.001,16,1,4,NA,NA,NA,NA,NA,NA,NA,NA,NA,NA,NA,NA,NA,NA,NA
9,,True,additive,8,2,4,16,0.2,20,0.7233332991600037,0.22053341567516327,0.001,16,1,4,NA,NA,NA,NA,NA,NA,NA,NA,NA,NA,NA,NA,NA,NA,NA
10,,True,additive,8,2,4,16,0.2,20,0.8166666030883789,0.1758469045162201,0.001,16,1,4,NA,NA,NA,NA,NA,NA,NA,NA,NA,NA,NA,NA,NA,NA,NA
11,,True,additive,8,2,4,16,0.2,20,0.8733333349227905,0.16356438398361206,0.001,16,1,4,NA,NA,NA,NA,NA,NA,NA,NA,NA,NA,NA,NA,NA,NA,NA
12,,True,additive,8,2,4,16,0.2,20,0.9166666269302368,0.16660358011722565,0.001,16,1,4,NA,NA,NA,NA,NA,NA,NA,NA,NA,NA,NA,NA,NA,NA,NA
13,,True,additive,8,2,4,16,0.2,20,0.8233332633972168,0.1396874636411667,0.001,16,1,4,NA,NA,NA,NA,NA,NA,NA,NA,NA,NA,NA,NA,NA,NA,NA
14,,True,additive,8,2,4,16,0.2,20,0.8083333969116211,0.12990574538707733,0.001,16,1,4,NA,NA,NA,NA,NA,NA,NA,NA,NA,NA,NA,NA,NA,NA,NA
15,,True,additive,8,2,4,16,0.2,20,0.8333333134651184,0.09276534616947174,0.001,16,1,4,NA,NA,NA,NA,NA,NA,NA,NA,NA,NA,NA,NA,NA,NA,NA
0,,True,additive,8,2,4,16,0.2,20,0.43333330750465393,0.6246160268783569,0.001,16,2,4,NA,NA,NA,NA,NA,NA,NA,NA,NA,NA,NA,NA,NA,NA,NA
1,,True,additive,8,2,4,16,0.2,20,0.49166661500930786,0.5902860760688782,0.001,16,2,4,NA,NA,NA,NA,NA,NA,NA,NA,NA,NA,NA,NA,NA,NA,NA
2,,True,additive,8,2,4,16,0.2,20,0.5916666388511658,0.4430495798587799,0.001,16,2,4,NA,NA,NA,NA,NA,NA,NA,NA,NA,NA,NA,NA,NA,NA,NA
3,,True,additive,8,2,4,16,0.2,20,0.6599999666213989,0.365959107875824,0.001,16,2,4,NA,NA,NA,NA,NA,NA,NA,NA,NA,NA,NA,NA,NA,NA,NA
4,,True,additive,8,2,4,16,0.2,20,0.6561905145645142,0.3320556879043579,0.001,16,2,4,NA,NA,NA,NA,NA,NA,NA,NA,NA,NA,NA,NA,NA,NA,NA
5,,True,additive,8,2,4,16,0.2,20,0.6928571462631226,0.3176993429660797,0.001,16,2,4,NA,NA,NA,NA,NA,NA,NA,NA,NA,NA,NA,NA,NA,NA,NA
6,,True,additive,8,2,4,16,0.2,20,0.7628570795059204,0.31247860193252563,0.001,16,2,4,NA,NA,NA,NA,NA,NA,NA,NA,NA,NA,NA,NA,NA,NA,NA
7,,True,additive,8,2,4,16,0.2,20,0.746666669845581,0.24616675078868866,0.001,16,2,4,NA,NA,NA,NA,NA,NA,NA,NA,NA,NA,NA,NA,NA,NA,NA
8,,True,additive,8,2,4,16,0.2,20,0.7500000596046448,0.19630898535251617,0.001,16,2,4,NA,NA,NA,NA,NA,NA,NA,NA,NA,NA,NA,NA,NA,NA,NA
9,,True,additive,8,2,4,16,0.2,20,0.8733333349227905,0.18198475241661072,0.001,16,2,4,NA,NA,NA,NA,NA,NA,NA,NA,NA,NA,NA,NA,NA,NA,NA
10,,True,additive,8,2,4,16,0.2,20,0.8333333730697632,0.1290382593870163,0.001,16,2,4,NA,NA,NA,NA,NA,NA,NA,NA,NA,NA,NA,NA,NA,NA,NA
11,,True,additive,8,2,4,16,0.2,20,0.8833333253860474,0.10003675520420074,0.001,16,2,4,NA,NA,NA,NA,NA,NA,NA,NA,NA,NA,NA,NA,NA,NA,NA
12,,True,additive,8,2,4,16,0.2,20,0.8233332633972168,0.12118738144636154,0.001,16,2,4,NA,NA,NA,NA,NA,NA,NA,NA,NA,NA,NA,NA,NA,NA,NA
13,,True,additive,8,2,4,16,0.2,20,0.7833333015441895,0.07327430695295334,0.001,16,2,4,NA,NA,NA,NA,NA,NA,NA,NA,NA,NA,NA,NA,NA,NA,NA
14,,True,additive,8,2,4,16,0.2,20,0.8500000238418579,0.052421338856220245,0.001,16,2,4,NA,NA,NA,NA,NA,NA,NA,NA,NA,NA,NA,NA,NA,NA,NA
0,,True,additive,8,2,4,16,0.2,20,0.3749999403953552,0.6704859137535095,0.001,16,3,4,NA,NA,NA,NA,NA,NA,NA,NA,NA,NA,NA,NA,NA,NA,NA
1,,True,additive,8,2,4,16,0.2,20,0.5478571653366089,0.5962536931037903,0.001,16,3,4,NA,NA,NA,NA,NA,NA,NA,NA,NA,NA,NA,NA,NA,NA,NA
2,,True,additive,8,2,4,16,0.2,20,0.5461904406547546,0.5219997763633728,0.001,16,3,4,NA,NA,NA,NA,NA,NA,NA,NA,NA,NA,NA,NA,NA,NA,NA
3,,True,additive,8,2,4,16,0.2,20,0.5633333325386047,0.5035104155540466,0.001,16,3,4,NA,NA,NA,NA,NA,NA,NA,NA,NA,NA,NA,NA,NA,NA,NA
4,,True,additive,8,2,4,16,0.2,20,0.5866667032241821,0.4592912495136261,0.001,16,3,4,NA,NA,NA,NA,NA,NA,NA,NA,NA,NA,NA,NA,NA,NA,NA
5,,True,additive,8,2,4,16,0.2,20,0.6678571701049805,0.4483914077281952,0.001,16,3,4,NA,NA,NA,NA,NA,NA,NA,NA,NA,NA,NA,NA,NA,NA,NA
6,,True,additive,8,2,4,16,0.2,20,0.7178570628166199,0.38976922631263733,0.001,16,3,4,NA,NA,NA,NA,NA,NA,NA,NA,NA,NA,NA,NA,NA,NA,NA
7,,True,additive,8,2,4,16,0.2,20,0.6983333826065063,0.3569512367248535,0.001,16,3,4,NA,NA,NA,NA,NA,NA,NA,NA,NA,NA,NA,NA,NA,NA,NA
8,,True,additive,8,2,4,16,0.2,20,0.7433333396911621,0.31832146644592285,0.001,16,3,4,NA,NA,NA,NA,NA,NA,NA,NA,NA,NA,NA,NA,NA,NA,NA
9,,True,additive,8,2,4,16,0.2,20,0.70333331823349,0.3131951689720154,0.001,16,3,4,NA,NA,NA,NA,NA,NA,NA,NA,NA,NA,NA,NA,NA,NA,NA
10,,True,additive,8,2,4,16,0.2,20,0.6228571534156799,0.2969200313091278,0.001,16,3,4,NA,NA,NA,NA,NA,NA,NA,NA,NA,NA,NA,NA,NA,NA,NA
11,,True,additive,8,2,4,16,0.2,20,0.7799999713897705,0.25225210189819336,0.001,16,3,4,NA,NA,NA,NA,NA,NA,NA,NA,NA,NA,NA,NA,NA,NA,NA
12,,True,additive,8,2,4,16,0.2,20,0.8366665840148926,0.24022507667541504,0.001,16,3,4,NA,NA,NA,NA,NA,NA,NA,NA,NA,NA,NA,NA,NA,NA,NA
13,,True,additive,8,2,4,16,0.2,20,0.7233332991600037,0.2378890961408615,0.001,16,3,4,NA,NA,NA,NA,NA,NA,NA,NA,NA,NA,NA,NA,NA,NA,NA
14,,True,additive,8,2,4,16,0.2,20,0.809047520160675,0.19151568412780762,0.001,16,3,4,NA,NA,NA,NA,NA,NA,NA,NA,NA,NA,NA,NA,NA,NA,NA
15,,True,additive,8,2,4,16,0.2,20,0.6933333277702332,0.19700293242931366,0.001,16,3,4,NA,NA,NA,NA,NA,NA,NA,NA,NA,NA,NA,NA,NA,NA,NA
0,,True,additive,8,2,4,16,0.2,20,0.38285714387893677,0.6754780411720276,0.001,16,0,5,NA,NA,NA,NA,NA,NA,NA,NA,NA,NA,NA,NA,NA,NA,NA
1,,True,additive,8,2,4,16,0.2,20,0.522857129573822,0.5597319602966309,0.001,16,0,5,NA,NA,NA,NA,NA,NA,NA,NA,NA,NA,NA,NA,NA,NA,NA
2,,True,additive,8,2,4,16,0.2,20,0.6366667151451111,0.4638349413871765,0.001,16,0,5,NA,NA,NA,NA,NA,NA,NA,NA,NA,NA,NA,NA,NA,NA,NA
3,,True,additive,8,2,4,16,0.2,20,0.6000000238418579,0.42935630679130554,0.001,16,0,5,NA,NA,NA,NA,NA,NA,NA,NA,NA,NA,NA,NA,NA,NA,NA
4,,True,additive,8,2,4,16,0.2,20,0.6066666841506958,0.4184390604496002,0.001,16,0,5,NA,NA,NA,NA,NA,NA,NA,NA,NA,NA,NA,NA,NA,NA,NA
5,,True,additive,8,2,4,16,0.2,20,0.6728571057319641,0.4297618269920349,0.001,16,0,5,NA,NA,NA,NA,NA,NA,NA,NA,NA,NA,NA,NA,NA,NA,NA
6,,True,additive,8,2,4,16,0.2,20,0.8033332824707031,0.3012201488018036,0.001,16,0,5,NA,NA,NA,NA,NA,NA,NA,NA,NA,NA,NA,NA,NA,NA,NA
7,,True,additive,8,2,4,16,0.2,20,0.6399999856948853,0.2821638584136963,0.001,16,0,5,NA,NA,NA,NA,NA,NA,NA,NA,NA,NA,NA,NA,NA,NA,NA
8,,True,additive,8,2,4,16,0.2,20,0.75,0.2675221562385559,0.001,16,0,5,NA,NA,NA,NA,NA,NA,NA,NA,NA,NA,NA,NA,NA,NA,NA
9,,True,additive,8,2,4,16,0.2,20,0.8233333826065063,0.26871457695961,0.001,16,0,5,NA,NA,NA,NA,NA,NA,NA,NA,NA,NA,NA,NA,NA,NA,NA
10,,True,additive,8,2,4,16,0.2,20,0.7733333706855774,0.2083485871553421,0.001,16,0,5,NA,NA,NA,NA,NA,NA,NA,NA,NA,NA,NA,NA,NA,NA,NA
11,,True,additive,8,2,4,16,0.2,20,0.7333333492279053,0.2516855001449585,0.001,16,0,5,NA,NA,NA,NA,NA,NA,NA,NA,NA,NA,NA,NA,NA,NA,NA
12,,True,additive,8,2,4,16,0.2,20,0.9061903953552246,0.18655385076999664,0.001,16,0,5,NA,NA,NA,NA,NA,NA,NA,NA,NA,NA,NA,NA,NA,NA,NA
13,,True,additive,8,2,4,16,0.2,20,0.8033332824707031,0.2138954997062683,0.001,16,0,5,NA,NA,NA,NA,NA,NA,NA,NA,NA,NA,NA,NA,NA,NA,NA
14,,True,additive,8,2,4,16,0.2,20,0.8666666150093079,0.12462007999420166,0.001,16,0,5,NA,NA,NA,NA,NA,NA,NA,NA,NA,NA,NA,NA,NA,NA,NA
15,,True,additive,8,2,4,16,0.2,20,0.8733333349227905,0.13401497900485992,0.001,16,0,5,NA,NA,NA,NA,NA,NA,NA,NA,NA,NA,NA,NA,NA,NA,NA
0,,True,additive,8,2,4,16,0.2,20,0.3583332896232605,0.6746008992195129,0.001,16,1,5,NA,NA,NA,NA,NA,NA,NA,NA,NA,NA,NA,NA,NA,NA,NA
1,,True,additive,8,2,4,16,0.2,20,0.49666666984558105,0.6135437488555908,0.001,16,1,5,NA,NA,NA,NA,NA,NA,NA,NA,NA,NA,NA,NA,NA,NA,NA
2,,True,additive,8,2,4,16,0.2,20,0.59333336353302,0.5843821167945862,0.001,16,1,5,NA,NA,NA,NA,NA,NA,NA,NA,NA,NA,NA,NA,NA,NA,NA
3,,True,additive,8,2,4,16,0.2,20,0.658333420753479,0.5220256447792053,0.001,16,1,5,NA,NA,NA,NA,NA,NA,NA,NA,NA,NA,NA,NA,NA,NA,NA
4,,True,additive,8,2,4,16,0.2,20,0.6723809838294983,0.47086116671562195,0.001,16,1,5,NA,NA,NA,NA,NA,NA,NA,NA,NA,NA,NA,NA,NA,NA,NA
5,,True,additive,8,2,4,16,0.2,20,0.6507143378257751,0.4484168291091919,0.001,16,1,5,NA,NA,NA,NA,NA,NA,NA,NA,NA,NA,NA,NA,NA,NA,NA
6,,True,additive,8,2,4,16,0.2,20,0.6807142496109009,0.4488202929496765,0.001,16,1,5,NA,NA,NA,NA,NA,NA,NA,NA,NA,NA,NA,NA,NA,NA,NA
7,,True,additive,8,2,4,16,0.2,20,0.8133333325386047,0.37501275539398193,0.001,16,1,5,NA,NA,NA,NA,NA,NA,NA,NA,NA,NA,NA,NA,NA,NA,NA
8,,True,additive,8,2,4,16,0.2,20,0.7333332896232605,0.34288886189460754,0.001,16,1,5,NA,NA,NA,NA,NA,NA,NA,NA,NA,NA,NA,NA,NA,NA,NA
9,,True,additive,8,2,4,16,0.2,20,0.7495237588882446,0.306709349155426,0.001,16,1,5,NA,NA,NA,NA,NA,NA,NA,NA,NA,NA,NA,NA,NA,NA,NA
10,,True,additive,8,2,4,16,0.2,20,0.7166666984558105,0.30503323674201965,0.001,16,1,5,NA,NA,NA,NA,NA,NA,NA,NA,NA,NA,NA,NA,NA,NA,NA
0,,True,additive,8,2,4,16,0.2,20,0.059999994933605194,0.6844987273216248,0.001,16,2,5,NA,NA,NA,NA,NA,NA,NA,NA,NA,NA,NA,NA,NA,NA,NA
1,,True,additive,8,2,4,16,0.2,20,0.31333333253860474,0.6410017013549805,0.001,16,2,5,NA,NA,NA,NA,NA,NA,NA,NA,NA,NA,NA,NA,NA,NA,NA
2,,True,additive,8,2,4,16,0.2,20,0.37333330512046814,0.5934383273124695,0.001,16,2,5,NA,NA,NA,NA,NA,NA,NA,NA,NA,NA,NA,NA,NA,NA,NA
3,,True,additive,8,2,4,16,0.2,20,0.5449999570846558,0.5304470062255859,0.001,16,2,5,NA,NA,NA,NA,NA,NA,NA,NA,NA,NA,NA,NA,NA,NA,NA
4,,True,additive,8,2,4,16,0.2,20,0.56333327293396,0.5147877335548401,0.001,16,2,5,NA,NA,NA,NA,NA,NA,NA,NA,NA,NA,NA,NA,NA,NA,NA
5,,True,additive,8,2,4,16,0.2,20,0.5945237874984741,0.44510912895202637,0.001,16,2,5,NA,NA,NA,NA,NA,NA,NA,NA,NA,NA,NA,NA,NA,NA,NA
6,,True,additive,8,2,4,16,0.2,20,0.7245237231254578,0.45379114151000977,0.001,16,2,5,NA,NA,NA,NA,NA,NA,NA,NA,NA,NA,NA,NA,NA,NA,NA
7,,True,additive,8,2,4,16,0.2,20,0.7245237827301025,0.3670501410961151,0.001,16,2,5,NA,NA,NA,NA,NA,NA,NA,NA,NA,NA,NA,NA,NA,NA,NA
8,,True,additive,8,2,4,16,0.2,20,0.6645238399505615,0.3353957533836365,0.001,16,2,5,NA,NA,NA,NA,NA,NA,NA,NA,NA,NA,NA,NA,NA,NA,NA
9,,True,additive,8,2,4,16,0.2,20,0.8066666722297668,0.30122965574264526,0.001,16,2,5,NA,NA,NA,NA,NA,NA,NA,NA,NA,NA,NA,NA,NA,NA,NA
10,,True,additive,8,2,4,16,0.2,20,0.8216667175292969,0.25842803716659546,0.001,16,2,5,NA,NA,NA,NA,NA,NA,NA,NA,NA,NA,NA,NA,NA,NA,NA
11,,True,additive,8,2,4,16,0.2,20,0.8261904716491699,0.27445274591445923,0.001,16,2,5,NA,NA,NA,NA,NA,NA,NA,NA,NA,NA,NA,NA,NA,NA,NA
12,,True,additive,8,2,4,16,0.2,20,0.79666668176651,0.27146780490875244,0.001,16,2,5,NA,NA,NA,NA,NA,NA,NA,NA,NA,NA,NA,NA,NA,NA,NA
13,,True,additive,8,2,4,16,0.2,20,0.6583333611488342,0.2687346339225769,0.001,16,2,5,NA,NA,NA,NA,NA,NA,NA,NA,NA,NA,NA,NA,NA,NA,NA
14,,True,additive,8,2,4,16,0.2,20,0.8233332633972168,0.2095351219177246,0.001,16,2,5,NA,NA,NA,NA,NA,NA,NA,NA,NA,NA,NA,NA,NA,NA,NA
0,,True,additive,8,2,4,16,0.2,20,0.13333331048488617,0.6758601069450378,0.001,16,3,5,NA,NA,NA,NA,NA,NA,NA,NA,NA,NA,NA,NA,NA,NA,NA
1,,True,additive,8,2,4,16,0.2,20,0.4661904275417328,0.5432600975036621,0.001,16,3,5,NA,NA,NA,NA,NA,NA,NA,NA,NA,NA,NA,NA,NA,NA,NA
2,,True,additive,8,2,4,16,0.2,20,0.5761904716491699,0.5193336606025696,0.001,16,3,5,NA,NA,NA,NA,NA,NA,NA,NA,NA,NA,NA,NA,NA,NA,NA
3,,True,additive,8,2,4,16,0.2,20,0.4883333146572113,0.5343108773231506,0.001,16,3,5,NA,NA,NA,NA,NA,NA,NA,NA,NA,NA,NA,NA,NA,NA,NA
4,,True,additive,8,2,4,16,0.2,20,0.6016666293144226,0.4708452820777893,0.001,16,3,5,NA,NA,NA,NA,NA,NA,NA,NA,NA,NA,NA,NA,NA,NA,NA
5,,True,additive,8,2,4,16,0.2,20,0.5661904215812683,0.41910573840141296,0.001,16,3,5,NA,NA,NA,NA,NA,NA,NA,NA,NA,NA,NA,NA,NA,NA,NA
6,,True,additive,8,2,4,16,0.2,20,0.6473809480667114,0.3925475776195526,0.001,16,3,5,NA,NA,NA,NA,NA,NA,NA,NA,NA,NA,NA,NA,NA,NA,NA
7,,True,additive,8,2,4,16,0.2,20,0.6950000524520874,0.3358941972255707,0.001,16,3,5,NA,NA,NA,NA,NA,NA,NA,NA,NA,NA,NA,NA,NA,NA,NA
8,,True,additive,8,2,4,16,0.2,20,0.6383333206176758,0.35079634189605713,0.001,16,3,5,NA,NA,NA,NA,NA,NA,NA,NA,NA,NA,NA,NA,NA,NA,NA
9,,True,additive,8,2,4,16,0.2,20,0.6483333110809326,0.3154148757457733,0.001,16,3,5,NA,NA,NA,NA,NA,NA,NA,NA,NA,NA,NA,NA,NA,NA,NA
10,,True,additive,8,2,4,16,0.2,20,0.7211904525756836,0.28341013193130493,0.001,16,3,5,NA,NA,NA,NA,NA,NA,NA,NA,NA,NA,NA,NA,NA,NA,NA
11,,True,additive,8,2,4,16,0.2,20,0.8233333826065063,0.2525187134742737,0.001,16,3,5,NA,NA,NA,NA,NA,NA,NA,NA,NA,NA,NA,NA,NA,NA,NA
12,,True,additive,8,2,4,16,0.2,20,0.8357143402099609,0.2609366774559021,0.001,16,3,5,NA,NA,NA,NA,NA,NA,NA,NA,NA,NA,NA,NA,NA,NA,NA
13,,True,additive,8,2,4,16,0.2,20,0.8116666674613953,0.2545025646686554,0.001,16,3,5,NA,NA,NA,NA,NA,NA,NA,NA,NA,NA,NA,NA,NA,NA,NA
14,,True,additive,8,2,4,16,0.2,20,0.6633333563804626,0.2254800796508789,0.001,16,3,5,NA,NA,NA,NA,NA,NA,NA,NA,NA,NA,NA,NA,NA,NA,NA
15,,True,additive,8,2,4,16,0.2,20,0.7433333396911621,0.20865985751152039,0.001,16,3,5,NA,NA,NA,NA,NA,NA,NA,NA,NA,NA,NA,NA,NA,NA,NA
