epoch,att_act,att_hist,att_type,att_units,att_window,batch_size,dense_units,dropout,epochs,keras_f1_score,loss,lr,lstm_units,ofold,task,val_att_act,val_att_hist,val_att_type,val_att_units,val_att_window,val_batch_size,val_dense_units,val_dropout,val_epochs,val_keras_f1_score,val_loss,val_lr,val_lstm_units,val_ofold,val_task
0,,True,additive,8,2,4,16,0.2,20,0.11353382468223572,0.7259056568145752,0.001,16,0,1,NA,NA,NA,NA,NA,NA,NA,NA,NA,NA,NA,NA,NA,NA,NA
1,,True,additive,8,2,4,16,0.2,20,0.32456135749816895,0.6048842072486877,0.001,16,0,1,NA,NA,NA,NA,NA,NA,NA,NA,NA,NA,NA,NA,NA,NA,NA
2,,True,additive,8,2,4,16,0.2,20,0.5112781524658203,0.5295982360839844,0.001,16,0,1,NA,NA,NA,NA,NA,NA,NA,NA,NA,NA,NA,NA,NA,NA,NA
3,,True,additive,8,2,4,16,0.2,20,0.645613968372345,0.466752827167511,0.001,16,0,1,NA,NA,NA,NA,NA,NA,NA,NA,NA,NA,NA,NA,NA,NA,NA
4,,True,additive,8,2,4,16,0.2,20,0.6854636669158936,0.4323364794254303,0.001,16,0,1,NA,NA,NA,NA,NA,NA,NA,NA,NA,NA,NA,NA,NA,NA,NA
5,,True,additive,8,2,4,16,0.2,20,0.7210526466369629,0.3857271075248718,0.001,16,0,1,NA,NA,NA,NA,NA,NA,NA,NA,NA,NA,NA,NA,NA,NA,NA
6,,True,additive,8,2,4,16,0.2,20,0.7964912056922913,0.3787569999694824,0.001,16,0,1,NA,NA,NA,NA,NA,NA,NA,NA,NA,NA,NA,NA,NA,NA,NA
7,,True,additive,8,2,4,16,0.2,20,0.7228070497512817,0.30978044867515564,0.001,16,0,1,NA,NA,NA,NA,NA,NA,NA,NA,NA,NA,NA,NA,NA,NA,NA
8,,True,additive,8,2,4,16,0.2,20,0.7929824590682983,0.32924652099609375,0.001,16,0,1,NA,NA,NA,NA,NA,NA,NA,NA,NA,NA,NA,NA,NA,NA,NA
9,,True,additive,8,2,4,16,0.2,20,0.824561357498169,0.2947195768356323,0.001,16,0,1,NA,NA,NA,NA,NA,NA,NA,NA,NA,NA,NA,NA,NA,NA,NA
10,,True,additive,8,2,4,16,0.2,20,0.7859649062156677,0.2511499226093292,0.001,16,0,1,NA,NA,NA,NA,NA,NA,NA,NA,NA,NA,NA,NA,NA,NA,NA
11,,True,additive,8,2,4,16,0.2,20,0.7644110321998596,0.24807856976985931,0.001,16,0,1,NA,NA,NA,NA,NA,NA,NA,NA,NA,NA,NA,NA,NA,NA,NA
12,,True,additive,8,2,4,16,0.2,20,0.8035087585449219,0.2387716919183731,0.001,16,0,1,NA,NA,NA,NA,NA,NA,NA,NA,NA,NA,NA,NA,NA,NA,NA
0,,True,additive,8,2,4,16,0.2,20,0.2684210240840912,0.7026005387306213,0.001,16,1,1,NA,NA,NA,NA,NA,NA,NA,NA,NA,NA,NA,NA,NA,NA,NA
1,,True,additive,8,2,4,16,0.2,20,0.6157894730567932,0.5582897663116455,0.001,16,1,1,NA,NA,NA,NA,NA,NA,NA,NA,NA,NA,NA,NA,NA,NA,NA
2,,True,additive,8,2,4,16,0.2,20,0.6298245787620544,0.48155537247657776,0.001,16,1,1,NA,NA,NA,NA,NA,NA,NA,NA,NA,NA,NA,NA,NA,NA,NA
3,,True,additive,8,2,4,16,0.2,20,0.6977443695068359,0.40652915835380554,0.001,16,1,1,NA,NA,NA,NA,NA,NA,NA,NA,NA,NA,NA,NA,NA,NA,NA
4,,True,additive,8,2,4,16,0.2,20,0.736842155456543,0.4060114026069641,0.001,16,1,1,NA,NA,NA,NA,NA,NA,NA,NA,NA,NA,NA,NA,NA,NA,NA
5,,True,additive,8,2,4,16,0.2,20,0.7245614528656006,0.31166040897369385,0.001,16,1,1,NA,NA,NA,NA,NA,NA,NA,NA,NA,NA,NA,NA,NA,NA,NA
6,,True,additive,8,2,4,16,0.2,20,0.722806990146637,0.30997443199157715,0.001,16,1,1,NA,NA,NA,NA,NA,NA,NA,NA,NA,NA,NA,NA,NA,NA,NA
7,,True,additive,8,2,4,16,0.2,20,0.7157894372940063,0.31661155819892883,0.001,16,1,1,NA,NA,NA,NA,NA,NA,NA,NA,NA,NA,NA,NA,NA,NA,NA
0,,True,additive,8,2,4,16,0.2,20,0.19473682343959808,0.7116124033927917,0.001,16,2,1,NA,NA,NA,NA,NA,NA,NA,NA,NA,NA,NA,NA,NA,NA,NA
1,,True,additive,8,2,4,16,0.2,20,0.2666666507720947,0.6317642331123352,0.001,16,2,1,NA,NA,NA,NA,NA,NA,NA,NA,NA,NA,NA,NA,NA,NA,NA
2,,True,additive,8,2,4,16,0.2,20,0.49122801423072815,0.581108808517456,0.001,16,2,1,NA,NA,NA,NA,NA,NA,NA,NA,NA,NA,NA,NA,NA,NA,NA
3,,True,additive,8,2,4,16,0.2,20,0.6894736289978027,0.4712543785572052,0.001,16,2,1,NA,NA,NA,NA,NA,NA,NA,NA,NA,NA,NA,NA,NA,NA,NA
4,,True,additive,8,2,4,16,0.2,20,0.761403501033783,0.37637484073638916,0.001,16,2,1,NA,NA,NA,NA,NA,NA,NA,NA,NA,NA,NA,NA,NA,NA,NA
5,,True,additive,8,2,4,16,0.2,20,0.7438597083091736,0.3342662453651428,0.001,16,2,1,NA,NA,NA,NA,NA,NA,NA,NA,NA,NA,NA,NA,NA,NA,NA
6,,True,additive,8,2,4,16,0.2,20,0.821052610874176,0.21883580088615417,0.001,16,2,1,NA,NA,NA,NA,NA,NA,NA,NA,NA,NA,NA,NA,NA,NA,NA
7,,True,additive,8,2,4,16,0.2,20,0.8416039943695068,0.19192224740982056,0.001,16,2,1,NA,NA,NA,NA,NA,NA,NA,NA,NA,NA,NA,NA,NA,NA,NA
8,,True,additive,8,2,4,16,0.2,20,0.8140350580215454,0.15623098611831665,0.001,16,2,1,NA,NA,NA,NA,NA,NA,NA,NA,NA,NA,NA,NA,NA,NA,NA
9,,True,additive,8,2,4,16,0.2,20,0.7789473533630371,0.11490281671285629,0.001,16,2,1,NA,NA,NA,NA,NA,NA,NA,NA,NA,NA,NA,NA,NA,NA,NA
10,,True,additive,8,2,4,16,0.2,20,0.9924811124801636,0.07976880669593811,0.001,16,2,1,NA,NA,NA,NA,NA,NA,NA,NA,NA,NA,NA,NA,NA,NA,NA
11,,True,additive,8,2,4,16,0.2,20,0.9473684430122375,0.05363249406218529,0.001,16,2,1,NA,NA,NA,NA,NA,NA,NA,NA,NA,NA,NA,NA,NA,NA,NA
12,,True,additive,8,2,4,16,0.2,20,0.7894736528396606,0.044469717890024185,0.001,16,2,1,NA,NA,NA,NA,NA,NA,NA,NA,NA,NA,NA,NA,NA,NA,NA
13,,True,additive,8,2,4,16,0.2,20,0.9473684430122375,0.029750090092420578,0.001,16,2,1,NA,NA,NA,NA,NA,NA,NA,NA,NA,NA,NA,NA,NA,NA,NA
0,,True,additive,8,2,4,16,0.2,20,0.3578946888446808,0.6720141768455505,0.001,16,3,1,NA,NA,NA,NA,NA,NA,NA,NA,NA,NA,NA,NA,NA,NA,NA
1,,True,additive,8,2,4,16,0.2,20,0.5824561715126038,0.5776616930961609,0.001,16,3,1,NA,NA,NA,NA,NA,NA,NA,NA,NA,NA,NA,NA,NA,NA,NA
2,,True,additive,8,2,4,16,0.2,20,0.6315789222717285,0.5017786622047424,0.001,16,3,1,NA,NA,NA,NA,NA,NA,NA,NA,NA,NA,NA,NA,NA,NA,NA
3,,True,additive,8,2,4,16,0.2,20,0.7508772611618042,0.4447847604751587,0.001,16,3,1,NA,NA,NA,NA,NA,NA,NA,NA,NA,NA,NA,NA,NA,NA,NA
4,,True,additive,8,2,4,16,0.2,20,0.6719298362731934,0.4280572533607483,0.001,16,3,1,NA,NA,NA,NA,NA,NA,NA,NA,NA,NA,NA,NA,NA,NA,NA
5,,True,additive,8,2,4,16,0.2,20,0.699999988079071,0.3925592601299286,0.001,16,3,1,NA,NA,NA,NA,NA,NA,NA,NA,NA,NA,NA,NA,NA,NA,NA
6,,True,additive,8,2,4,16,0.2,20,0.7964911460876465,0.31032535433769226,0.001,16,3,1,NA,NA,NA,NA,NA,NA,NA,NA,NA,NA,NA,NA,NA,NA,NA
7,,True,additive,8,2,4,16,0.2,20,0.8280701637268066,0.31931591033935547,0.001,16,3,1,NA,NA,NA,NA,NA,NA,NA,NA,NA,NA,NA,NA,NA,NA,NA
8,,True,additive,8,2,4,16,0.2,20,0.7696741223335266,0.2792685031890869,0.001,16,3,1,NA,NA,NA,NA,NA,NA,NA,NA,NA,NA,NA,NA,NA,NA,NA
9,,True,additive,8,2,4,16,0.2,20,0.8736841082572937,0.24117118120193481,0.001,16,3,1,NA,NA,NA,NA,NA,NA,NA,NA,NA,NA,NA,NA,NA,NA,NA
10,,True,additive,8,2,4,16,0.2,20,0.838596522808075,0.22056756913661957,0.001,16,3,1,NA,NA,NA,NA,NA,NA,NA,NA,NA,NA,NA,NA,NA,NA,NA
11,,True,additive,8,2,4,16,0.2,20,0.8596491813659668,0.18247215449810028,0.001,16,3,1,NA,NA,NA,NA,NA,NA,NA,NA,NA,NA,NA,NA,NA,NA,NA
12,,True,additive,8,2,4,16,0.2,20,0.8315789699554443,0.18293263018131256,0.001,16,3,1,NA,NA,NA,NA,NA,NA,NA,NA,NA,NA,NA,NA,NA,NA,NA
0,,True,additive,8,2,4,16,0.2,20,0.2733333110809326,0.7039282321929932,0.001,16,0,2,NA,NA,NA,NA,NA,NA,NA,NA,NA,NA,NA,NA,NA,NA,NA
1,,True,additive,8,2,4,16,0.2,20,0.26499995589256287,0.6216903328895569,0.001,16,0,2,NA,NA,NA,NA,NA,NA,NA,NA,NA,NA,NA,NA,NA,NA,NA
2,,True,additive,8,2,4,16,0.2,20,0.4483333230018616,0.5939594507217407,0.001,16,0,2,NA,NA,NA,NA,NA,NA,NA,NA,NA,NA,NA,NA,NA,NA,NA
3,,True,additive,8,2,4,16,0.2,20,0.4895237982273102,0.5571715235710144,0.001,16,0,2,NA,NA,NA,NA,NA,NA,NA,NA,NA,NA,NA,NA,NA,NA,NA
4,,True,additive,8,2,4,16,0.2,20,0.6116666197776794,0.5207881331443787,0.001,16,0,2,NA,NA,NA,NA,NA,NA,NA,NA,NA,NA,NA,NA,NA,NA,NA
5,,True,additive,8,2,4,16,0.2,20,0.7100000381469727,0.4561123847961426,0.001,16,0,2,NA,NA,NA,NA,NA,NA,NA,NA,NA,NA,NA,NA,NA,NA,NA
6,,True,additive,8,2,4,16,0.2,20,0.7661904096603394,0.4047490656375885,0.001,16,0,2,NA,NA,NA,NA,NA,NA,NA,NA,NA,NA,NA,NA,NA,NA,NA
7,,True,additive,8,2,4,16,0.2,20,0.6466666460037231,0.39942020177841187,0.001,16,0,2,NA,NA,NA,NA,NA,NA,NA,NA,NA,NA,NA,NA,NA,NA,NA
8,,True,additive,8,2,4,16,0.2,20,0.6478570699691772,0.33926820755004883,0.001,16,0,2,NA,NA,NA,NA,NA,NA,NA,NA,NA,NA,NA,NA,NA,NA,NA
9,,True,additive,8,2,4,16,0.2,20,0.8883333206176758,0.271366685628891,0.001,16,0,2,NA,NA,NA,NA,NA,NA,NA,NA,NA,NA,NA,NA,NA,NA,NA
10,,True,additive,8,2,4,16,0.2,20,0.75,0.2566988468170166,0.001,16,0,2,NA,NA,NA,NA,NA,NA,NA,NA,NA,NA,NA,NA,NA,NA,NA
11,,True,additive,8,2,4,16,0.2,20,0.7749999761581421,0.21841168403625488,0.001,16,0,2,NA,NA,NA,NA,NA,NA,NA,NA,NA,NA,NA,NA,NA,NA,NA
12,,True,additive,8,2,4,16,0.2,20,0.9133332967758179,0.1898326277732849,0.001,16,0,2,NA,NA,NA,NA,NA,NA,NA,NA,NA,NA,NA,NA,NA,NA,NA
13,,True,additive,8,2,4,16,0.2,20,0.8500000238418579,0.13558824360370636,0.001,16,0,2,NA,NA,NA,NA,NA,NA,NA,NA,NA,NA,NA,NA,NA,NA,NA
14,,True,additive,8,2,4,16,0.2,20,0.949999988079071,0.11627229303121567,0.001,16,0,2,NA,NA,NA,NA,NA,NA,NA,NA,NA,NA,NA,NA,NA,NA,NA
15,,True,additive,8,2,4,16,0.2,20,0.8166666030883789,0.14389273524284363,0.001,16,0,2,NA,NA,NA,NA,NA,NA,NA,NA,NA,NA,NA,NA,NA,NA,NA
16,,True,additive,8,2,4,16,0.2,20,0.9833332896232605,0.09391221404075623,0.001,16,0,2,NA,NA,NA,NA,NA,NA,NA,NA,NA,NA,NA,NA,NA,NA,NA
17,,True,additive,8,2,4,16,0.2,20,0.8500000238418579,0.06134102866053581,0.001,16,0,2,NA,NA,NA,NA,NA,NA,NA,NA,NA,NA,NA,NA,NA,NA,NA
18,,True,additive,8,2,4,16,0.2,20,0.8833333253860474,0.0702173262834549,0.001,16,0,2,NA,NA,NA,NA,NA,NA,NA,NA,NA,NA,NA,NA,NA,NA,NA
19,,True,additive,8,2,4,16,0.2,20,0.8500000238418579,0.06544745713472366,0.001,16,0,2,NA,NA,NA,NA,NA,NA,NA,NA,NA,NA,NA,NA,NA,NA,NA
0,,True,additive,8,2,4,16,0.2,20,0.244999960064888,0.7146390676498413,0.001,16,1,2,NA,NA,NA,NA,NA,NA,NA,NA,NA,NA,NA,NA,NA,NA,NA
1,,True,additive,8,2,4,16,0.2,20,0.3766666650772095,0.6316785216331482,0.001,16,1,2,NA,NA,NA,NA,NA,NA,NA,NA,NA,NA,NA,NA,NA,NA,NA
2,,True,additive,8,2,4,16,0.2,20,0.49000000953674316,0.6081061363220215,0.001,16,1,2,NA,NA,NA,NA,NA,NA,NA,NA,NA,NA,NA,NA,NA,NA,NA
3,,True,additive,8,2,4,16,0.2,20,0.4633333086967468,0.5337536334991455,0.001,16,1,2,NA,NA,NA,NA,NA,NA,NA,NA,NA,NA,NA,NA,NA,NA,NA
4,,True,additive,8,2,4,16,0.2,20,0.6390475630760193,0.513401448726654,0.001,16,1,2,NA,NA,NA,NA,NA,NA,NA,NA,NA,NA,NA,NA,NA,NA,NA
5,,True,additive,8,2,4,16,0.2,20,0.5157142877578735,0.5028454065322876,0.001,16,1,2,NA,NA,NA,NA,NA,NA,NA,NA,NA,NA,NA,NA,NA,NA,NA
6,,True,additive,8,2,4,16,0.2,20,0.6549999713897705,0.40878427028656006,0.001,16,1,2,NA,NA,NA,NA,NA,NA,NA,NA,NA,NA,NA,NA,NA,NA,NA
7,,True,additive,8,2,4,16,0.2,20,0.7883332967758179,0.3646571636199951,0.001,16,1,2,NA,NA,NA,NA,NA,NA,NA,NA,NA,NA,NA,NA,NA,NA,NA
8,,True,additive,8,2,4,16,0.2,20,0.6966666579246521,0.3554973602294922,0.001,16,1,2,NA,NA,NA,NA,NA,NA,NA,NA,NA,NA,NA,NA,NA,NA,NA
9,,True,additive,8,2,4,16,0.2,20,0.7066667079925537,0.3268532156944275,0.001,16,1,2,NA,NA,NA,NA,NA,NA,NA,NA,NA,NA,NA,NA,NA,NA,NA
10,,True,additive,8,2,4,16,0.2,20,0.7283332943916321,0.2533648908138275,0.001,16,1,2,NA,NA,NA,NA,NA,NA,NA,NA,NA,NA,NA,NA,NA,NA,NA
0,,True,additive,8,2,4,16,0.2,20,0.46166664361953735,0.6948133111000061,0.001,16,2,2,NA,NA,NA,NA,NA,NA,NA,NA,NA,NA,NA,NA,NA,NA,NA
1,,True,additive,8,2,4,16,0.2,20,0.36666664481163025,0.6269719004631042,0.001,16,2,2,NA,NA,NA,NA,NA,NA,NA,NA,NA,NA,NA,NA,NA,NA,NA
2,,True,additive,8,2,4,16,0.2,20,0.3499999940395355,0.6155791878700256,0.001,16,2,2,NA,NA,NA,NA,NA,NA,NA,NA,NA,NA,NA,NA,NA,NA,NA
3,,True,additive,8,2,4,16,0.2,20,0.4928571283817291,0.5710502862930298,0.001,16,2,2,NA,NA,NA,NA,NA,NA,NA,NA,NA,NA,NA,NA,NA,NA,NA
4,,True,additive,8,2,4,16,0.2,20,0.5816666483879089,0.5131094455718994,0.001,16,2,2,NA,NA,NA,NA,NA,NA,NA,NA,NA,NA,NA,NA,NA,NA,NA
5,,True,additive,8,2,4,16,0.2,20,0.5578571557998657,0.46225273609161377,0.001,16,2,2,NA,NA,NA,NA,NA,NA,NA,NA,NA,NA,NA,NA,NA,NA,NA
6,,True,additive,8,2,4,16,0.2,20,0.5649999380111694,0.45318275690078735,0.001,16,2,2,NA,NA,NA,NA,NA,NA,NA,NA,NA,NA,NA,NA,NA,NA,NA
7,,True,additive,8,2,4,16,0.2,20,0.7600000500679016,0.4199584424495697,0.001,16,2,2,NA,NA,NA,NA,NA,NA,NA,NA,NA,NA,NA,NA,NA,NA,NA
8,,True,additive,8,2,4,16,0.2,20,0.6278570890426636,0.3859540522098541,0.001,16,2,2,NA,NA,NA,NA,NA,NA,NA,NA,NA,NA,NA,NA,NA,NA,NA
9,,True,additive,8,2,4,16,0.2,20,0.6349999904632568,0.36444950103759766,0.001,16,2,2,NA,NA,NA,NA,NA,NA,NA,NA,NA,NA,NA,NA,NA,NA,NA
10,,True,additive,8,2,4,16,0.2,20,0.6228572130203247,0.3532642424106598,0.001,16,2,2,NA,NA,NA,NA,NA,NA,NA,NA,NA,NA,NA,NA,NA,NA,NA
0,,True,additive,8,2,4,16,0.2,20,0.37166664004325867,0.706540048122406,0.001,16,3,2,NA,NA,NA,NA,NA,NA,NA,NA,NA,NA,NA,NA,NA,NA,NA
1,,True,additive,8,2,4,16,0.2,20,0.2699999511241913,0.6520525813102722,0.001,16,3,2,NA,NA,NA,NA,NA,NA,NA,NA,NA,NA,NA,NA,NA,NA,NA
2,,True,additive,8,2,4,16,0.2,20,0.4928571283817291,0.6060014367103577,0.001,16,3,2,NA,NA,NA,NA,NA,NA,NA,NA,NA,NA,NA,NA,NA,NA,NA
3,,True,additive,8,2,4,16,0.2,20,0.5245237946510315,0.5591501593589783,0.001,16,3,2,NA,NA,NA,NA,NA,NA,NA,NA,NA,NA,NA,NA,NA,NA,NA
4,,True,additive,8,2,4,16,0.2,20,0.4340476095676422,0.4973834156990051,0.001,16,3,2,NA,NA,NA,NA,NA,NA,NA,NA,NA,NA,NA,NA,NA,NA,NA
5,,True,additive,8,2,4,16,0.2,20,0.7773809432983398,0.42486244440078735,0.001,16,3,2,NA,NA,NA,NA,NA,NA,NA,NA,NA,NA,NA,NA,NA,NA,NA
6,,True,additive,8,2,4,16,0.2,20,0.78166663646698,0.4121042490005493,0.001,16,3,2,NA,NA,NA,NA,NA,NA,NA,NA,NA,NA,NA,NA,NA,NA,NA
7,,True,additive,8,2,4,16,0.2,20,0.7828571796417236,0.3793546259403229,0.001,16,3,2,NA,NA,NA,NA,NA,NA,NA,NA,NA,NA,NA,NA,NA,NA,NA
8,,True,additive,8,2,4,16,0.2,20,0.7916666269302368,0.3829573690891266,0.001,16,3,2,NA,NA,NA,NA,NA,NA,NA,NA,NA,NA,NA,NA,NA,NA,NA
9,,True,additive,8,2,4,16,0.2,20,0.7995237112045288,0.33437567949295044,0.001,16,3,2,NA,NA,NA,NA,NA,NA,NA,NA,NA,NA,NA,NA,NA,NA,NA
10,,True,additive,8,2,4,16,0.2,20,0.6352380514144897,0.30374035239219666,0.001,16,3,2,NA,NA,NA,NA,NA,NA,NA,NA,NA,NA,NA,NA,NA,NA,NA
11,,True,additive,8,2,4,16,0.2,20,0.903333306312561,0.25468015670776367,0.001,16,3,2,NA,NA,NA,NA,NA,NA,NA,NA,NA,NA,NA,NA,NA,NA,NA
12,,True,additive,8,2,4,16,0.2,20,0.8745238184928894,0.23861458897590637,0.001,16,3,2,NA,NA,NA,NA,NA,NA,NA,NA,NA,NA,NA,NA,NA,NA,NA
13,,True,additive,8,2,4,16,0.2,20,0.8566666841506958,0.20116230845451355,0.001,16,3,2,NA,NA,NA,NA,NA,NA,NA,NA,NA,NA,NA,NA,NA,NA,NA
14,,True,additive,8,2,4,16,0.2,20,0.9178571701049805,0.1732276827096939,0.001,16,3,2,NA,NA,NA,NA,NA,NA,NA,NA,NA,NA,NA,NA,NA,NA,NA
15,,True,additive,8,2,4,16,0.2,20,0.9328571557998657,0.15701067447662354,0.001,16,3,2,NA,NA,NA,NA,NA,NA,NA,NA,NA,NA,NA,NA,NA,NA,NA
16,,True,additive,8,2,4,16,0.2,20,0.875,0.13634486496448517,0.001,16,3,2,NA,NA,NA,NA,NA,NA,NA,NA,NA,NA,NA,NA,NA,NA,NA
17,,True,additive,8,2,4,16,0.2,20,0.8399999737739563,0.14307615160942078,0.001,16,3,2,NA,NA,NA,NA,NA,NA,NA,NA,NA,NA,NA,NA,NA,NA,NA
18,,True,additive,8,2,4,16,0.2,20,0.8733333349227905,0.11070422828197479,0.001,16,3,2,NA,NA,NA,NA,NA,NA,NA,NA,NA,NA,NA,NA,NA,NA,NA
0,,True,additive,8,2,4,16,0.2,20,0.40526318550109863,0.6501384377479553,0.001,16,0,3,NA,NA,NA,NA,NA,NA,NA,NA,NA,NA,NA,NA,NA,NA,NA
1,,True,additive,8,2,4,16,0.2,20,0.5258145332336426,0.5830651521682739,0.001,16,0,3,NA,NA,NA,NA,NA,NA,NA,NA,NA,NA,NA,NA,NA,NA,NA
2,,True,additive,8,2,4,16,0.2,20,0.49949872493743896,0.5312458276748657,0.001,16,0,3,NA,NA,NA,NA,NA,NA,NA,NA,NA,NA,NA,NA,NA,NA,NA
3,,True,additive,8,2,4,16,0.2,20,0.6907268166542053,0.478004515171051,0.001,16,0,3,NA,NA,NA,NA,NA,NA,NA,NA,NA,NA,NA,NA,NA,NA,NA
4,,True,additive,8,2,4,16,0.2,20,0.6649123430252075,0.43163660168647766,0.001,16,0,3,NA,NA,NA,NA,NA,NA,NA,NA,NA,NA,NA,NA,NA,NA,NA
5,,True,additive,8,2,4,16,0.2,20,0.7421053051948547,0.4424045979976654,0.001,16,0,3,NA,NA,NA,NA,NA,NA,NA,NA,NA,NA,NA,NA,NA,NA,NA
6,,True,additive,8,2,4,16,0.2,20,0.7082706689834595,0.3598387837409973,0.001,16,0,3,NA,NA,NA,NA,NA,NA,NA,NA,NA,NA,NA,NA,NA,NA,NA
7,,True,additive,8,2,4,16,0.2,20,0.8052631616592407,0.3239440619945526,0.001,16,0,3,NA,NA,NA,NA,NA,NA,NA,NA,NA,NA,NA,NA,NA,NA,NA
8,,True,additive,8,2,4,16,0.2,20,0.8561403155326843,0.247587651014328,0.001,16,0,3,NA,NA,NA,NA,NA,NA,NA,NA,NA,NA,NA,NA,NA,NA,NA
9,,True,additive,8,2,4,16,0.2,20,0.8491228222846985,0.22520135343074799,0.001,16,0,3,NA,NA,NA,NA,NA,NA,NA,NA,NA,NA,NA,NA,NA,NA,NA
10,,True,additive,8,2,4,16,0.2,20,0.8766916990280151,0.19913949072360992,0.001,16,0,3,NA,NA,NA,NA,NA,NA,NA,NA,NA,NA,NA,NA,NA,NA,NA
11,,True,additive,8,2,4,16,0.2,20,0.9368420839309692,0.15479373931884766,0.001,16,0,3,NA,NA,NA,NA,NA,NA,NA,NA,NA,NA,NA,NA,NA,NA,NA
12,,True,additive,8,2,4,16,0.2,20,0.9438595771789551,0.15668728947639465,0.001,16,0,3,NA,NA,NA,NA,NA,NA,NA,NA,NA,NA,NA,NA,NA,NA,NA
13,,True,additive,8,2,4,16,0.2,20,0.9117794036865234,0.13575181365013123,0.001,16,0,3,NA,NA,NA,NA,NA,NA,NA,NA,NA,NA,NA,NA,NA,NA,NA
14,,True,additive,8,2,4,16,0.2,20,0.9192982912063599,0.12808386981487274,0.001,16,0,3,NA,NA,NA,NA,NA,NA,NA,NA,NA,NA,NA,NA,NA,NA,NA
15,,True,additive,8,2,4,16,0.2,20,0.9473684430122375,0.0772961676120758,0.001,16,0,3,NA,NA,NA,NA,NA,NA,NA,NA,NA,NA,NA,NA,NA,NA,NA
16,,True,additive,8,2,4,16,0.2,20,0.8736841082572937,0.0901571735739708,0.001,16,0,3,NA,NA,NA,NA,NA,NA,NA,NA,NA,NA,NA,NA,NA,NA,NA
17,,True,additive,8,2,4,16,0.2,20,0.8421052098274231,0.08047475665807724,0.001,16,0,3,NA,NA,NA,NA,NA,NA,NA,NA,NA,NA,NA,NA,NA,NA,NA
18,,True,additive,8,2,4,16,0.2,20,0.947368323802948,0.04782560467720032,0.001,16,0,3,NA,NA,NA,NA,NA,NA,NA,NA,NA,NA,NA,NA,NA,NA,NA
0,,True,additive,8,2,4,16,0.2,20,0.43458643555641174,0.6927028894424438,0.001,16,1,3,NA,NA,NA,NA,NA,NA,NA,NA,NA,NA,NA,NA,NA,NA,NA
1,,True,additive,8,2,4,16,0.2,20,0.5175438523292542,0.6123411059379578,0.001,16,1,3,NA,NA,NA,NA,NA,NA,NA,NA,NA,NA,NA,NA,NA,NA,NA
2,,True,additive,8,2,4,16,0.2,20,0.5538846850395203,0.5424143075942993,0.001,16,1,3,NA,NA,NA,NA,NA,NA,NA,NA,NA,NA,NA,NA,NA,NA,NA
3,,True,additive,8,2,4,16,0.2,20,0.5684210062026978,0.4986115097999573,0.001,16,1,3,NA,NA,NA,NA,NA,NA,NA,NA,NA,NA,NA,NA,NA,NA,NA
4,,True,additive,8,2,4,16,0.2,20,0.6761904954910278,0.41188445687294006,0.001,16,1,3,NA,NA,NA,NA,NA,NA,NA,NA,NA,NA,NA,NA,NA,NA,NA
5,,True,additive,8,2,4,16,0.2,20,0.7122806906700134,0.3815225064754486,0.001,16,1,3,NA,NA,NA,NA,NA,NA,NA,NA,NA,NA,NA,NA,NA,NA,NA
6,,True,additive,8,2,4,16,0.2,20,0.8052631616592407,0.30704066157341003,0.001,16,1,3,NA,NA,NA,NA,NA,NA,NA,NA,NA,NA,NA,NA,NA,NA,NA
7,,True,additive,8,2,4,16,0.2,20,0.8228069543838501,0.2739439010620117,0.001,16,1,3,NA,NA,NA,NA,NA,NA,NA,NA,NA,NA,NA,NA,NA,NA,NA
8,,True,additive,8,2,4,16,0.2,20,0.761403501033783,0.2559942305088043,0.001,16,1,3,NA,NA,NA,NA,NA,NA,NA,NA,NA,NA,NA,NA,NA,NA,NA
9,,True,additive,8,2,4,16,0.2,20,0.8631578683853149,0.2077803909778595,0.001,16,1,3,NA,NA,NA,NA,NA,NA,NA,NA,NA,NA,NA,NA,NA,NA,NA
10,,True,additive,8,2,4,16,0.2,20,0.7824561595916748,0.19248592853546143,0.001,16,1,3,NA,NA,NA,NA,NA,NA,NA,NA,NA,NA,NA,NA,NA,NA,NA
11,,True,additive,8,2,4,16,0.2,20,0.838596522808075,0.14974839985370636,0.001,16,1,3,NA,NA,NA,NA,NA,NA,NA,NA,NA,NA,NA,NA,NA,NA,NA
12,,True,additive,8,2,4,16,0.2,20,0.7894737124443054,0.14045393466949463,0.001,16,1,3,NA,NA,NA,NA,NA,NA,NA,NA,NA,NA,NA,NA,NA,NA,NA
0,,True,additive,8,2,4,16,0.2,20,0.49023810029029846,0.6753368377685547,0.001,16,2,3,NA,NA,NA,NA,NA,NA,NA,NA,NA,NA,NA,NA,NA,NA,NA
1,,True,additive,8,2,4,16,0.2,20,0.5745238065719604,0.5630322694778442,0.001,16,2,3,NA,NA,NA,NA,NA,NA,NA,NA,NA,NA,NA,NA,NA,NA,NA
2,,True,additive,8,2,4,16,0.2,20,0.596666693687439,0.4676183760166168,0.001,16,2,3,NA,NA,NA,NA,NA,NA,NA,NA,NA,NA,NA,NA,NA,NA,NA
3,,True,additive,8,2,4,16,0.2,20,0.7499999403953552,0.37528517842292786,0.001,16,2,3,NA,NA,NA,NA,NA,NA,NA,NA,NA,NA,NA,NA,NA,NA,NA
4,,True,additive,8,2,4,16,0.2,20,0.6757142543792725,0.30793052911758423,0.001,16,2,3,NA,NA,NA,NA,NA,NA,NA,NA,NA,NA,NA,NA,NA,NA,NA
5,,True,additive,8,2,4,16,0.2,20,0.7461904287338257,0.31543445587158203,0.001,16,2,3,NA,NA,NA,NA,NA,NA,NA,NA,NA,NA,NA,NA,NA,NA,NA
6,,True,additive,8,2,4,16,0.2,20,0.8245237469673157,0.26070645451545715,0.001,16,2,3,NA,NA,NA,NA,NA,NA,NA,NA,NA,NA,NA,NA,NA,NA,NA
7,,True,additive,8,2,4,16,0.2,20,0.7666666507720947,0.2366628795862198,0.001,16,2,3,NA,NA,NA,NA,NA,NA,NA,NA,NA,NA,NA,NA,NA,NA,NA
8,,True,additive,8,2,4,16,0.2,20,0.753333330154419,0.2027159333229065,0.001,16,2,3,NA,NA,NA,NA,NA,NA,NA,NA,NA,NA,NA,NA,NA,NA,NA
9,,True,additive,8,2,4,16,0.2,20,0.8566666841506958,0.19328634440898895,0.001,16,2,3,NA,NA,NA,NA,NA,NA,NA,NA,NA,NA,NA,NA,NA,NA,NA
10,,True,additive,8,2,4,16,0.2,20,0.8233333826065063,0.14724212884902954,0.001,16,2,3,NA,NA,NA,NA,NA,NA,NA,NA,NA,NA,NA,NA,NA,NA,NA
11,,True,additive,8,2,4,16,0.2,20,0.7666666507720947,0.14118894934654236,0.001,16,2,3,NA,NA,NA,NA,NA,NA,NA,NA,NA,NA,NA,NA,NA,NA,NA
12,,True,additive,8,2,4,16,0.2,20,0.7633333206176758,0.15945173799991608,0.001,16,2,3,NA,NA,NA,NA,NA,NA,NA,NA,NA,NA,NA,NA,NA,NA,NA
0,,True,additive,8,2,4,16,0.2,20,0.49833330512046814,0.6498261094093323,0.001,16,3,3,NA,NA,NA,NA,NA,NA,NA,NA,NA,NA,NA,NA,NA,NA,NA
1,,True,additive,8,2,4,16,0.2,20,0.53166663646698,0.5726601481437683,0.001,16,3,3,NA,NA,NA,NA,NA,NA,NA,NA,NA,NA,NA,NA,NA,NA,NA
2,,True,additive,8,2,4,16,0.2,20,0.6600000262260437,0.4629856050014496,0.001,16,3,3,NA,NA,NA,NA,NA,NA,NA,NA,NA,NA,NA,NA,NA,NA,NA
3,,True,additive,8,2,4,16,0.2,20,0.5216666460037231,0.4329310357570648,0.001,16,3,3,NA,NA,NA,NA,NA,NA,NA,NA,NA,NA,NA,NA,NA,NA,NA
4,,True,additive,8,2,4,16,0.2,20,0.8128571510314941,0.36658626794815063,0.001,16,3,3,NA,NA,NA,NA,NA,NA,NA,NA,NA,NA,NA,NA,NA,NA,NA
5,,True,additive,8,2,4,16,0.2,20,0.6807143092155457,0.3536545932292938,0.001,16,3,3,NA,NA,NA,NA,NA,NA,NA,NA,NA,NA,NA,NA,NA,NA,NA
6,,True,additive,8,2,4,16,0.2,20,0.7450000047683716,0.31078460812568665,0.001,16,3,3,NA,NA,NA,NA,NA,NA,NA,NA,NA,NA,NA,NA,NA,NA,NA
7,,True,additive,8,2,4,16,0.2,20,0.7316666841506958,0.30755412578582764,0.001,16,3,3,NA,NA,NA,NA,NA,NA,NA,NA,NA,NA,NA,NA,NA,NA,NA
0,,True,additive,8,2,4,16,0.2,20,0.166666641831398,0.6492286324501038,0.001,16,0,4,NA,NA,NA,NA,NA,NA,NA,NA,NA,NA,NA,NA,NA,NA,NA
1,,True,additive,8,2,4,16,0.2,20,0.4833332598209381,0.5671983957290649,0.001,16,0,4,NA,NA,NA,NA,NA,NA,NA,NA,NA,NA,NA,NA,NA,NA,NA
2,,True,additive,8,2,4,16,0.2,20,0.596666693687439,0.46826380491256714,0.001,16,0,4,NA,NA,NA,NA,NA,NA,NA,NA,NA,NA,NA,NA,NA,NA,NA
3,,True,additive,8,2,4,16,0.2,20,0.564047634601593,0.40316441655158997,0.001,16,0,4,NA,NA,NA,NA,NA,NA,NA,NA,NA,NA,NA,NA,NA,NA,NA
4,,True,additive,8,2,4,16,0.2,20,0.6950000524520874,0.3421050012111664,0.001,16,0,4,NA,NA,NA,NA,NA,NA,NA,NA,NA,NA,NA,NA,NA,NA,NA
5,,True,additive,8,2,4,16,0.2,20,0.7257143259048462,0.31735867261886597,0.001,16,0,4,NA,NA,NA,NA,NA,NA,NA,NA,NA,NA,NA,NA,NA,NA,NA
6,,True,additive,8,2,4,16,0.2,20,0.7633333802223206,0.2879762649536133,0.001,16,0,4,NA,NA,NA,NA,NA,NA,NA,NA,NA,NA,NA,NA,NA,NA,NA
7,,True,additive,8,2,4,16,0.2,20,0.7095237970352173,0.26683130860328674,0.001,16,0,4,NA,NA,NA,NA,NA,NA,NA,NA,NA,NA,NA,NA,NA,NA,NA
8,,True,additive,8,2,4,16,0.2,20,0.8011904954910278,0.23576796054840088,0.001,16,0,4,NA,NA,NA,NA,NA,NA,NA,NA,NA,NA,NA,NA,NA,NA,NA
9,,True,additive,8,2,4,16,0.2,20,0.8661904335021973,0.18814662098884583,0.001,16,0,4,NA,NA,NA,NA,NA,NA,NA,NA,NA,NA,NA,NA,NA,NA,NA
10,,True,additive,8,2,4,16,0.2,20,0.7666666507720947,0.17214331030845642,0.001,16,0,4,NA,NA,NA,NA,NA,NA,NA,NA,NA,NA,NA,NA,NA,NA,NA
11,,True,additive,8,2,4,16,0.2,20,0.8261903524398804,0.15820829570293427,0.001,16,0,4,NA,NA,NA,NA,NA,NA,NA,NA,NA,NA,NA,NA,NA,NA,NA
12,,True,additive,8,2,4,16,0.2,20,0.875,0.14879661798477173,0.001,16,0,4,NA,NA,NA,NA,NA,NA,NA,NA,NA,NA,NA,NA,NA,NA,NA
13,,True,additive,8,2,4,16,0.2,20,0.7833333015441895,0.12424547225236893,0.001,16,0,4,NA,NA,NA,NA,NA,NA,NA,NA,NA,NA,NA,NA,NA,NA,NA
14,,True,additive,8,2,4,16,0.2,20,0.8661905527114868,0.11843019723892212,0.001,16,0,4,NA,NA,NA,NA,NA,NA,NA,NA,NA,NA,NA,NA,NA,NA,NA
15,,True,additive,8,2,4,16,0.2,20,0.8233332633972168,0.11802326887845993,0.001,16,0,4,NA,NA,NA,NA,NA,NA,NA,NA,NA,NA,NA,NA,NA,NA,NA
0,,True,additive,8,2,4,16,0.2,20,0.429999977350235,0.6747267246246338,0.001,16,1,4,NA,NA,NA,NA,NA,NA,NA,NA,NA,NA,NA,NA,NA,NA,NA
1,,True,additive,8,2,4,16,0.2,20,0.4783332943916321,0.5809748768806458,0.001,16,1,4,NA,NA,NA,NA,NA,NA,NA,NA,NA,NA,NA,NA,NA,NA,NA
2,,True,additive,8,2,4,16,0.2,20,0.5149999856948853,0.5341788530349731,0.001,16,1,4,NA,NA,NA,NA,NA,NA,NA,NA,NA,NA,NA,NA,NA,NA,NA
3,,True,additive,8,2,4,16,0.2,20,0.6649999618530273,0.44914740324020386,0.001,16,1,4,NA,NA,NA,NA,NA,NA,NA,NA,NA,NA,NA,NA,NA,NA,NA
4,,True,additive,8,2,4,16,0.2,20,0.6061905026435852,0.38169679045677185,0.001,16,1,4,NA,NA,NA,NA,NA,NA,NA,NA,NA,NA,NA,NA,NA,NA,NA
5,,True,additive,8,2,4,16,0.2,20,0.70333331823349,0.3436540365219116,0.001,16,1,4,NA,NA,NA,NA,NA,NA,NA,NA,NA,NA,NA,NA,NA,NA,NA
6,,True,additive,8,2,4,16,0.2,20,0.75,0.31113511323928833,0.001,16,1,4,NA,NA,NA,NA,NA,NA,NA,NA,NA,NA,NA,NA,NA,NA,NA
7,,True,additive,8,2,4,16,0.2,20,0.7128571271896362,0.3095795512199402,0.001,16,1,4,NA,NA,NA,NA,NA,NA,NA,NA,NA,NA,NA,NA,NA,NA,NA
8,,True,additive,8,2,4,16,0.2,20,0.7649999856948853,0.2262040674686432,0.001,16,1,4,NA,NA,NA,NA,NA,NA,NA,NA,NA,NA,NA,NA,NA,NA,NA
9,,True,additive,8,2,4,16,0.2,20,0.7716666460037231,0.257443904876709,0.001,16,1,4,NA,NA,NA,NA,NA,NA,NA,NA,NA,NA,NA,NA,NA,NA,NA
10,,True,additive,8,2,4,16,0.2,20,0.8066666722297668,0.205328106880188,0.001,16,1,4,NA,NA,NA,NA,NA,NA,NA,NA,NA,NA,NA,NA,NA,NA,NA
11,,True,additive,8,2,4,16,0.2,20,0.8666666150093079,0.16891996562480927,0.001,16,1,4,NA,NA,NA,NA,NA,NA,NA,NA,NA,NA,NA,NA,NA,NA,NA
12,,True,additive,8,2,4,16,0.2,20,0.8566666841506958,0.19231939315795898,0.001,16,1,4,NA,NA,NA,NA,NA,NA,NA,NA,NA,NA,NA,NA,NA,NA,NA
13,,True,additive,8,2,4,16,0.2,20,0.79666668176651,0.17255690693855286,0.001,16,1,4,NA,NA,NA,NA,NA,NA,NA,NA,NA,NA,NA,NA,NA,NA,NA
14,,True,additive,8,2,4,16,0.2,20,0.78166663646698,0.1372193992137909,0.001,16,1,4,NA,NA,NA,NA,NA,NA,NA,NA,NA,NA,NA,NA,NA,NA,NA
0,,True,additive,8,2,4,16,0.2,20,0.27666664123535156,0.6289109587669373,0.001,16,2,4,NA,NA,NA,NA,NA,NA,NA,NA,NA,NA,NA,NA,NA,NA,NA
1,,True,additive,8,2,4,16,0.2,20,0.49166664481163025,0.5523107051849365,0.001,16,2,4,NA,NA,NA,NA,NA,NA,NA,NA,NA,NA,NA,NA,NA,NA,NA
2,,True,additive,8,2,4,16,0.2,20,0.6183333396911621,0.43867501616477966,0.001,16,2,4,NA,NA,NA,NA,NA,NA,NA,NA,NA,NA,NA,NA,NA,NA,NA
3,,True,additive,8,2,4,16,0.2,20,0.6066666841506958,0.4432988464832306,0.001,16,2,4,NA,NA,NA,NA,NA,NA,NA,NA,NA,NA,NA,NA,NA,NA,NA
4,,True,additive,8,2,4,16,0.2,20,0.5300000309944153,0.38537055253982544,0.001,16,2,4,NA,NA,NA,NA,NA,NA,NA,NA,NA,NA,NA,NA,NA,NA,NA
5,,True,additive,8,2,4,16,0.2,20,0.6495237350463867,0.32596853375434875,0.001,16,2,4,NA,NA,NA,NA,NA,NA,NA,NA,NA,NA,NA,NA,NA,NA,NA
6,,True,additive,8,2,4,16,0.2,20,0.7911904454231262,0.29365095496177673,0.001,16,2,4,NA,NA,NA,NA,NA,NA,NA,NA,NA,NA,NA,NA,NA,NA,NA
7,,True,additive,8,2,4,16,0.2,20,0.7383333444595337,0.28651025891304016,0.001,16,2,4,NA,NA,NA,NA,NA,NA,NA,NA,NA,NA,NA,NA,NA,NA,NA
8,,True,additive,8,2,4,16,0.2,20,0.7333332896232605,0.2414412498474121,0.001,16,2,4,NA,NA,NA,NA,NA,NA,NA,NA,NA,NA,NA,NA,NA,NA,NA
9,,True,additive,8,2,4,16,0.2,20,0.8733333349227905,0.2015838921070099,0.001,16,2,4,NA,NA,NA,NA,NA,NA,NA,NA,NA,NA,NA,NA,NA,NA,NA
10,,True,additive,8,2,4,16,0.2,20,0.8333333134651184,0.15187975764274597,0.001,16,2,4,NA,NA,NA,NA,NA,NA,NA,NA,NA,NA,NA,NA,NA,NA,NA
11,,True,additive,8,2,4,16,0.2,20,0.8999999761581421,0.11821743100881577,0.001,16,2,4,NA,NA,NA,NA,NA,NA,NA,NA,NA,NA,NA,NA,NA,NA,NA
12,,True,additive,8,2,4,16,0.2,20,0.8500000238418579,0.10864044725894928,0.001,16,2,4,NA,NA,NA,NA,NA,NA,NA,NA,NA,NA,NA,NA,NA,NA,NA
13,,True,additive,8,2,4,16,0.2,20,0.800000011920929,0.0865243449807167,0.001,16,2,4,NA,NA,NA,NA,NA,NA,NA,NA,NA,NA,NA,NA,NA,NA,NA
14,,True,additive,8,2,4,16,0.2,20,0.8500000238418579,0.08733981102705002,0.001,16,2,4,NA,NA,NA,NA,NA,NA,NA,NA,NA,NA,NA,NA,NA,NA,NA
0,,True,additive,8,2,4,16,0.2,20,0.29999998211860657,0.6649030447006226,0.001,16,3,4,NA,NA,NA,NA,NA,NA,NA,NA,NA,NA,NA,NA,NA,NA,NA
1,,True,additive,8,2,4,16,0.2,20,0.5816666483879089,0.5756579041481018,0.001,16,3,4,NA,NA,NA,NA,NA,NA,NA,NA,NA,NA,NA,NA,NA,NA,NA
2,,True,additive,8,2,4,16,0.2,20,0.5478571653366089,0.537460446357727,0.001,16,3,4,NA,NA,NA,NA,NA,NA,NA,NA,NA,NA,NA,NA,NA,NA,NA
3,,True,additive,8,2,4,16,0.2,20,0.6650000214576721,0.45488548278808594,0.001,16,3,4,NA,NA,NA,NA,NA,NA,NA,NA,NA,NA,NA,NA,NA,NA,NA
4,,True,additive,8,2,4,16,0.2,20,0.6545237898826599,0.4081301689147949,0.001,16,3,4,NA,NA,NA,NA,NA,NA,NA,NA,NA,NA,NA,NA,NA,NA,NA
5,,True,additive,8,2,4,16,0.2,20,0.625,0.42001068592071533,0.001,16,3,4,NA,NA,NA,NA,NA,NA,NA,NA,NA,NA,NA,NA,NA,NA,NA
6,,True,additive,8,2,4,16,0.2,20,0.7161904573440552,0.3612529933452606,0.001,16,3,4,NA,NA,NA,NA,NA,NA,NA,NA,NA,NA,NA,NA,NA,NA,NA
7,,True,additive,8,2,4,16,0.2,20,0.7649999856948853,0.31245526671409607,0.001,16,3,4,NA,NA,NA,NA,NA,NA,NA,NA,NA,NA,NA,NA,NA,NA,NA
8,,True,additive,8,2,4,16,0.2,20,0.746666669845581,0.2887900769710541,0.001,16,3,4,NA,NA,NA,NA,NA,NA,NA,NA,NA,NA,NA,NA,NA,NA,NA
9,,True,additive,8,2,4,16,0.2,20,0.8033332824707031,0.2501681447029114,0.001,16,3,4,NA,NA,NA,NA,NA,NA,NA,NA,NA,NA,NA,NA,NA,NA,NA
10,,True,additive,8,2,4,16,0.2,20,0.6899999976158142,0.22731444239616394,0.001,16,3,4,NA,NA,NA,NA,NA,NA,NA,NA,NA,NA,NA,NA,NA,NA,NA
11,,True,additive,8,2,4,16,0.2,20,0.9061903953552246,0.18253766000270844,0.001,16,3,4,NA,NA,NA,NA,NA,NA,NA,NA,NA,NA,NA,NA,NA,NA,NA
12,,True,additive,8,2,4,16,0.2,20,0.8161904215812683,0.16039101779460907,0.001,16,3,4,NA,NA,NA,NA,NA,NA,NA,NA,NA,NA,NA,NA,NA,NA,NA
13,,True,additive,8,2,4,16,0.2,20,0.8333333134651184,0.14852702617645264,0.001,16,3,4,NA,NA,NA,NA,NA,NA,NA,NA,NA,NA,NA,NA,NA,NA,NA
14,,True,additive,8,2,4,16,0.2,20,0.8428570628166199,0.12501481175422668,0.001,16,3,4,NA,NA,NA,NA,NA,NA,NA,NA,NA,NA,NA,NA,NA,NA,NA
0,,True,additive,8,2,4,16,0.2,20,0.35499995946884155,0.6790062785148621,0.001,16,0,5,NA,NA,NA,NA,NA,NA,NA,NA,NA,NA,NA,NA,NA,NA,NA
1,,True,additive,8,2,4,16,0.2,20,0.46166664361953735,0.5857656002044678,0.001,16,0,5,NA,NA,NA,NA,NA,NA,NA,NA,NA,NA,NA,NA,NA,NA,NA
2,,True,additive,8,2,4,16,0.2,20,0.6000000238418579,0.5406076908111572,0.001,16,0,5,NA,NA,NA,NA,NA,NA,NA,NA,NA,NA,NA,NA,NA,NA,NA
3,,True,additive,8,2,4,16,0.2,20,0.621666669845581,0.4734063446521759,0.001,16,0,5,NA,NA,NA,NA,NA,NA,NA,NA,NA,NA,NA,NA,NA,NA,NA
4,,True,additive,8,2,4,16,0.2,20,0.6616666316986084,0.4065849483013153,0.001,16,0,5,NA,NA,NA,NA,NA,NA,NA,NA,NA,NA,NA,NA,NA,NA,NA
5,,True,additive,8,2,4,16,0.2,20,0.6311904788017273,0.47731438279151917,0.001,16,0,5,NA,NA,NA,NA,NA,NA,NA,NA,NA,NA,NA,NA,NA,NA,NA
6,,True,additive,8,2,4,16,0.2,20,0.7199999690055847,0.36435845494270325,0.001,16,0,5,NA,NA,NA,NA,NA,NA,NA,NA,NA,NA,NA,NA,NA,NA,NA
7,,True,additive,8,2,4,16,0.2,20,0.7799999713897705,0.29729145765304565,0.001,16,0,5,NA,NA,NA,NA,NA,NA,NA,NA,NA,NA,NA,NA,NA,NA,NA
8,,True,additive,8,2,4,16,0.2,20,0.7666666507720947,0.27082666754722595,0.001,16,0,5,NA,NA,NA,NA,NA,NA,NA,NA,NA,NA,NA,NA,NA,NA,NA
9,,True,additive,8,2,4,16,0.2,20,0.7928571701049805,0.23635274171829224,0.001,16,0,5,NA,NA,NA,NA,NA,NA,NA,NA,NA,NA,NA,NA,NA,NA,NA
10,,True,additive,8,2,4,16,0.2,20,0.7900000214576721,0.21261072158813477,0.001,16,0,5,NA,NA,NA,NA,NA,NA,NA,NA,NA,NA,NA,NA,NA,NA,NA
11,,True,additive,8,2,4,16,0.2,20,0.7666666507720947,0.22229351103305817,0.001,16,0,5,NA,NA,NA,NA,NA,NA,NA,NA,NA,NA,NA,NA,NA,NA,NA
12,,True,additive,8,2,4,16,0.2,20,0.9061903953552246,0.17661677300930023,0.001,16,0,5,NA,NA,NA,NA,NA,NA,NA,NA,NA,NA,NA,NA,NA,NA,NA
13,,True,additive,8,2,4,16,0.2,20,0.8133333325386047,0.16218088567256927,0.001,16,0,5,NA,NA,NA,NA,NA,NA,NA,NA,NA,NA,NA,NA,NA,NA,NA
14,,True,additive,8,2,4,16,0.2,20,0.8661905527114868,0.12422384321689606,0.001,16,0,5,NA,NA,NA,NA,NA,NA,NA,NA,NA,NA,NA,NA,NA,NA,NA
15,,True,additive,8,2,4,16,0.2,20,0.8733333349227905,0.12421127408742905,0.001,16,0,5,NA,NA,NA,NA,NA,NA,NA,NA,NA,NA,NA,NA,NA,NA,NA
0,,True,additive,8,2,4,16,0.2,20,0.3933333456516266,0.6724240183830261,0.001,16,1,5,NA,NA,NA,NA,NA,NA,NA,NA,NA,NA,NA,NA,NA,NA,NA
1,,True,additive,8,2,4,16,0.2,20,0.3328571319580078,0.6090918779373169,0.001,16,1,5,NA,NA,NA,NA,NA,NA,NA,NA,NA,NA,NA,NA,NA,NA,NA
2,,True,additive,8,2,4,16,0.2,20,0.4049999713897705,0.5816196203231812,0.001,16,1,5,NA,NA,NA,NA,NA,NA,NA,NA,NA,NA,NA,NA,NA,NA,NA
3,,True,additive,8,2,4,16,0.2,20,0.6716667413711548,0.5183178186416626,0.001,16,1,5,NA,NA,NA,NA,NA,NA,NA,NA,NA,NA,NA,NA,NA,NA,NA
4,,True,additive,8,2,4,16,0.2,20,0.6645237803459167,0.4820365905761719,0.001,16,1,5,NA,NA,NA,NA,NA,NA,NA,NA,NA,NA,NA,NA,NA,NA,NA
5,,True,additive,8,2,4,16,0.2,20,0.6519047617912292,0.4488565921783447,0.001,16,1,5,NA,NA,NA,NA,NA,NA,NA,NA,NA,NA,NA,NA,NA,NA,NA
6,,True,additive,8,2,4,16,0.2,20,0.697857141494751,0.4322446286678314,0.001,16,1,5,NA,NA,NA,NA,NA,NA,NA,NA,NA,NA,NA,NA,NA,NA,NA
7,,True,additive,8,2,4,16,0.2,20,0.7595237493515015,0.38163822889328003,0.001,16,1,5,NA,NA,NA,NA,NA,NA,NA,NA,NA,NA,NA,NA,NA,NA,NA
8,,True,additive,8,2,4,16,0.2,20,0.73119056224823,0.36099499464035034,0.001,16,1,5,NA,NA,NA,NA,NA,NA,NA,NA,NA,NA,NA,NA,NA,NA,NA
9,,True,additive,8,2,4,16,0.2,20,0.746666669845581,0.3103540539741516,0.001,16,1,5,NA,NA,NA,NA,NA,NA,NA,NA,NA,NA,NA,NA,NA,NA,NA
10,,True,additive,8,2,4,16,0.2,20,0.7150000333786011,0.3043457269668579,0.001,16,1,5,NA,NA,NA,NA,NA,NA,NA,NA,NA,NA,NA,NA,NA,NA,NA
0,,True,additive,8,2,4,16,0.2,20,0.1733333170413971,0.7004988789558411,0.001,16,2,5,NA,NA,NA,NA,NA,NA,NA,NA,NA,NA,NA,NA,NA,NA,NA
1,,True,additive,8,2,4,16,0.2,20,0.5400000214576721,0.616280734539032,0.001,16,2,5,NA,NA,NA,NA,NA,NA,NA,NA,NA,NA,NA,NA,NA,NA,NA
2,,True,additive,8,2,4,16,0.2,20,0.6166666746139526,0.5590615272521973,0.001,16,2,5,NA,NA,NA,NA,NA,NA,NA,NA,NA,NA,NA,NA,NA,NA,NA
3,,True,additive,8,2,4,16,0.2,20,0.5899999737739563,0.5340335369110107,0.001,16,2,5,NA,NA,NA,NA,NA,NA,NA,NA,NA,NA,NA,NA,NA,NA,NA
4,,True,additive,8,2,4,16,0.2,20,0.5878571271896362,0.49845272302627563,0.001,16,2,5,NA,NA,NA,NA,NA,NA,NA,NA,NA,NA,NA,NA,NA,NA,NA
5,,True,additive,8,2,4,16,0.2,20,0.5078571438789368,0.4543086588382721,0.001,16,2,5,NA,NA,NA,NA,NA,NA,NA,NA,NA,NA,NA,NA,NA,NA,NA
0,,True,additive,8,2,4,16,0.2,20,0.09833332151174545,0.7021278738975525,0.001,16,3,5,NA,NA,NA,NA,NA,NA,NA,NA,NA,NA,NA,NA,NA,NA,NA
1,,True,additive,8,2,4,16,0.2,20,0.4466666281223297,0.605951726436615,0.001,16,3,5,NA,NA,NA,NA,NA,NA,NA,NA,NA,NA,NA,NA,NA,NA,NA
2,,True,additive,8,2,4,16,0.2,20,0.41499996185302734,0.5469318628311157,0.001,16,3,5,NA,NA,NA,NA,NA,NA,NA,NA,NA,NA,NA,NA,NA,NA,NA
3,,True,additive,8,2,4,16,0.2,20,0.47833332419395447,0.5056828856468201,0.001,16,3,5,NA,NA,NA,NA,NA,NA,NA,NA,NA,NA,NA,NA,NA,NA,NA
4,,True,additive,8,2,4,16,0.2,20,0.5483332872390747,0.49101364612579346,0.001,16,3,5,NA,NA,NA,NA,NA,NA,NA,NA,NA,NA,NA,NA,NA,NA,NA
5,,True,additive,8,2,4,16,0.2,20,0.5245238542556763,0.4790203869342804,0.001,16,3,5,NA,NA,NA,NA,NA,NA,NA,NA,NA,NA,NA,NA,NA,NA,NA
6,,True,additive,8,2,4,16,0.2,20,0.65666663646698,0.41578277945518494,0.001,16,3,5,NA,NA,NA,NA,NA,NA,NA,NA,NA,NA,NA,NA,NA,NA,NA
7,,True,additive,8,2,4,16,0.2,20,0.6899999380111694,0.380577027797699,0.001,16,3,5,NA,NA,NA,NA,NA,NA,NA,NA,NA,NA,NA,NA,NA,NA,NA
8,,True,additive,8,2,4,16,0.2,20,0.7049999833106995,0.3751855492591858,0.001,16,3,5,NA,NA,NA,NA,NA,NA,NA,NA,NA,NA,NA,NA,NA,NA,NA
9,,True,additive,8,2,4,16,0.2,20,0.6445237994194031,0.359953373670578,0.001,16,3,5,NA,NA,NA,NA,NA,NA,NA,NA,NA,NA,NA,NA,NA,NA,NA
10,,True,additive,8,2,4,16,0.2,20,0.6711905002593994,0.3515518009662628,0.001,16,3,5,NA,NA,NA,NA,NA,NA,NA,NA,NA,NA,NA,NA,NA,NA,NA
11,,True,additive,8,2,4,16,0.2,20,0.8383333086967468,0.31677961349487305,0.001,16,3,5,NA,NA,NA,NA,NA,NA,NA,NA,NA,NA,NA,NA,NA,NA,NA
12,,True,additive,8,2,4,16,0.2,20,0.6811904907226562,0.31457704305648804,0.001,16,3,5,NA,NA,NA,NA,NA,NA,NA,NA,NA,NA,NA,NA,NA,NA,NA
13,,True,additive,8,2,4,16,0.2,20,0.8116666674613953,0.2791481912136078,0.001,16,3,5,NA,NA,NA,NA,NA,NA,NA,NA,NA,NA,NA,NA,NA,NA,NA
14,,True,additive,8,2,4,16,0.2,20,0.6566666960716248,0.2616487741470337,0.001,16,3,5,NA,NA,NA,NA,NA,NA,NA,NA,NA,NA,NA,NA,NA,NA,NA
