epoch,att_act,att_hist,att_type,att_units,att_window,batch_size,dense_units,dropout,epochs,keras_f1_score,loss,lr,lstm_units,ofold,task,val_att_act,val_att_hist,val_att_type,val_att_units,val_att_window,val_batch_size,val_dense_units,val_dropout,val_epochs,val_keras_f1_score,val_loss,val_lr,val_lstm_units,val_ofold,val_task
0,,True,additive,8,2,4,16,0.2,20,0.2187969833612442,0.7681409120559692,0.001,16,0,1,NA,NA,NA,NA,NA,NA,NA,NA,NA,NA,NA,NA,NA,NA,NA
1,,True,additive,8,2,4,16,0.2,20,0.46491220593452454,0.6170886158943176,0.001,16,0,1,NA,NA,NA,NA,NA,NA,NA,NA,NA,NA,NA,NA,NA,NA,NA
2,,True,additive,8,2,4,16,0.2,20,0.6047618389129639,0.5370213985443115,0.001,16,0,1,NA,NA,NA,NA,NA,NA,NA,NA,NA,NA,NA,NA,NA,NA,NA
3,,True,additive,8,2,4,16,0.2,20,0.6350876688957214,0.49634718894958496,0.001,16,0,1,NA,NA,NA,NA,NA,NA,NA,NA,NA,NA,NA,NA,NA,NA,NA
4,,True,additive,8,2,4,16,0.2,20,0.67493736743927,0.43391895294189453,0.001,16,0,1,NA,NA,NA,NA,NA,NA,NA,NA,NA,NA,NA,NA,NA,NA,NA
5,,True,additive,8,2,4,16,0.2,20,0.7210526466369629,0.3957509994506836,0.001,16,0,1,NA,NA,NA,NA,NA,NA,NA,NA,NA,NA,NA,NA,NA,NA,NA
6,,True,additive,8,2,4,16,0.2,20,0.7789473533630371,0.3330298364162445,0.001,16,0,1,NA,NA,NA,NA,NA,NA,NA,NA,NA,NA,NA,NA,NA,NA,NA
7,,True,additive,8,2,4,16,0.2,20,0.7140350937843323,0.3129672408103943,0.001,16,0,1,NA,NA,NA,NA,NA,NA,NA,NA,NA,NA,NA,NA,NA,NA,NA
8,,True,additive,8,2,4,16,0.2,20,0.805263102054596,0.3120693266391754,0.001,16,0,1,NA,NA,NA,NA,NA,NA,NA,NA,NA,NA,NA,NA,NA,NA,NA
9,,True,additive,8,2,4,16,0.2,20,0.824561357498169,0.23916852474212646,0.001,16,0,1,NA,NA,NA,NA,NA,NA,NA,NA,NA,NA,NA,NA,NA,NA,NA
10,,True,additive,8,2,4,16,0.2,20,0.8385964632034302,0.22168022394180298,0.001,16,0,1,NA,NA,NA,NA,NA,NA,NA,NA,NA,NA,NA,NA,NA,NA,NA
11,,True,additive,8,2,4,16,0.2,20,0.7894736528396606,0.19880463182926178,0.001,16,0,1,NA,NA,NA,NA,NA,NA,NA,NA,NA,NA,NA,NA,NA,NA,NA
12,,True,additive,8,2,4,16,0.2,20,0.8035087585449219,0.23908714950084686,0.001,16,0,1,NA,NA,NA,NA,NA,NA,NA,NA,NA,NA,NA,NA,NA,NA,NA
13,,True,additive,8,2,4,16,0.2,20,0.7894737124443054,0.15563926100730896,0.001,16,0,1,NA,NA,NA,NA,NA,NA,NA,NA,NA,NA,NA,NA,NA,NA,NA
0,,True,additive,8,2,4,16,0.2,20,0.40075185894966125,0.6918159127235413,0.001,16,1,1,NA,NA,NA,NA,NA,NA,NA,NA,NA,NA,NA,NA,NA,NA,NA
1,,True,additive,8,2,4,16,0.2,20,0.5157895088195801,0.5803238153457642,0.001,16,1,1,NA,NA,NA,NA,NA,NA,NA,NA,NA,NA,NA,NA,NA,NA,NA
2,,True,additive,8,2,4,16,0.2,20,0.654386043548584,0.529666543006897,0.001,16,1,1,NA,NA,NA,NA,NA,NA,NA,NA,NA,NA,NA,NA,NA,NA,NA
3,,True,additive,8,2,4,16,0.2,20,0.7082706689834595,0.4594725966453552,0.001,16,1,1,NA,NA,NA,NA,NA,NA,NA,NA,NA,NA,NA,NA,NA,NA,NA
4,,True,additive,8,2,4,16,0.2,20,0.7263157963752747,0.39985665678977966,0.001,16,1,1,NA,NA,NA,NA,NA,NA,NA,NA,NA,NA,NA,NA,NA,NA,NA
5,,True,additive,8,2,4,16,0.2,20,0.6789473295211792,0.3491060435771942,0.001,16,1,1,NA,NA,NA,NA,NA,NA,NA,NA,NA,NA,NA,NA,NA,NA,NA
6,,True,additive,8,2,4,16,0.2,20,0.7315789461135864,0.3164095878601074,0.001,16,1,1,NA,NA,NA,NA,NA,NA,NA,NA,NA,NA,NA,NA,NA,NA,NA
7,,True,additive,8,2,4,16,0.2,20,0.7859649062156677,0.2452540546655655,0.001,16,1,1,NA,NA,NA,NA,NA,NA,NA,NA,NA,NA,NA,NA,NA,NA,NA
8,,True,additive,8,2,4,16,0.2,20,0.7819548845291138,0.22911402583122253,0.001,16,1,1,NA,NA,NA,NA,NA,NA,NA,NA,NA,NA,NA,NA,NA,NA,NA
9,,True,additive,8,2,4,16,0.2,20,0.7508772015571594,0.2129078358411789,0.001,16,1,1,NA,NA,NA,NA,NA,NA,NA,NA,NA,NA,NA,NA,NA,NA,NA
10,,True,additive,8,2,4,16,0.2,20,0.8035087585449219,0.18952806293964386,0.001,16,1,1,NA,NA,NA,NA,NA,NA,NA,NA,NA,NA,NA,NA,NA,NA,NA
11,,True,additive,8,2,4,16,0.2,20,0.821052610874176,0.1403036117553711,0.001,16,1,1,NA,NA,NA,NA,NA,NA,NA,NA,NA,NA,NA,NA,NA,NA,NA
12,,True,additive,8,2,4,16,0.2,20,0.8416040539741516,0.16165225207805634,0.001,16,1,1,NA,NA,NA,NA,NA,NA,NA,NA,NA,NA,NA,NA,NA,NA,NA
13,,True,additive,8,2,4,16,0.2,20,0.8521302938461304,0.1232956200838089,0.001,16,1,1,NA,NA,NA,NA,NA,NA,NA,NA,NA,NA,NA,NA,NA,NA,NA
14,,True,additive,8,2,4,16,0.2,20,0.7087718844413757,0.11934341490268707,0.001,16,1,1,NA,NA,NA,NA,NA,NA,NA,NA,NA,NA,NA,NA,NA,NA,NA
15,,True,additive,8,2,4,16,0.2,20,0.9192981719970703,0.08679322898387909,0.001,16,1,1,NA,NA,NA,NA,NA,NA,NA,NA,NA,NA,NA,NA,NA,NA,NA
16,,True,additive,8,2,4,16,0.2,20,0.8245614171028137,0.11221491545438766,0.001,16,1,1,NA,NA,NA,NA,NA,NA,NA,NA,NA,NA,NA,NA,NA,NA,NA
17,,True,additive,8,2,4,16,0.2,20,0.884210467338562,0.07359737902879715,0.001,16,1,1,NA,NA,NA,NA,NA,NA,NA,NA,NA,NA,NA,NA,NA,NA,NA
18,,True,additive,8,2,4,16,0.2,20,0.884210467338562,0.08038406074047089,0.001,16,1,1,NA,NA,NA,NA,NA,NA,NA,NA,NA,NA,NA,NA,NA,NA,NA
0,,True,additive,8,2,4,16,0.2,20,0.24561402201652527,0.694915235042572,0.001,16,2,1,NA,NA,NA,NA,NA,NA,NA,NA,NA,NA,NA,NA,NA,NA,NA
1,,True,additive,8,2,4,16,0.2,20,0.5714285373687744,0.5926945805549622,0.001,16,2,1,NA,NA,NA,NA,NA,NA,NA,NA,NA,NA,NA,NA,NA,NA,NA
2,,True,additive,8,2,4,16,0.2,20,0.6416040062904358,0.48629307746887207,0.001,16,2,1,NA,NA,NA,NA,NA,NA,NA,NA,NA,NA,NA,NA,NA,NA,NA
3,,True,additive,8,2,4,16,0.2,20,0.8122807741165161,0.39795157313346863,0.001,16,2,1,NA,NA,NA,NA,NA,NA,NA,NA,NA,NA,NA,NA,NA,NA,NA
4,,True,additive,8,2,4,16,0.2,20,0.780701756477356,0.3459225594997406,0.001,16,2,1,NA,NA,NA,NA,NA,NA,NA,NA,NA,NA,NA,NA,NA,NA,NA
5,,True,additive,8,2,4,16,0.2,20,0.8087719082832336,0.2799808084964752,0.001,16,2,1,NA,NA,NA,NA,NA,NA,NA,NA,NA,NA,NA,NA,NA,NA,NA
6,,True,additive,8,2,4,16,0.2,20,0.8666666746139526,0.20867636799812317,0.001,16,2,1,NA,NA,NA,NA,NA,NA,NA,NA,NA,NA,NA,NA,NA,NA,NA
7,,True,additive,8,2,4,16,0.2,20,0.8521302938461304,0.16184718906879425,0.001,16,2,1,NA,NA,NA,NA,NA,NA,NA,NA,NA,NA,NA,NA,NA,NA,NA
8,,True,additive,8,2,4,16,0.2,20,0.8421052694320679,0.1339232325553894,0.001,16,2,1,NA,NA,NA,NA,NA,NA,NA,NA,NA,NA,NA,NA,NA,NA,NA
9,,True,additive,8,2,4,16,0.2,20,0.7719298005104065,0.11846817284822464,0.001,16,2,1,NA,NA,NA,NA,NA,NA,NA,NA,NA,NA,NA,NA,NA,NA,NA
0,,True,additive,8,2,4,16,0.2,20,0.40175434947013855,0.6493105888366699,0.001,16,3,1,NA,NA,NA,NA,NA,NA,NA,NA,NA,NA,NA,NA,NA,NA,NA
1,,True,additive,8,2,4,16,0.2,20,0.719298243522644,0.5479981899261475,0.001,16,3,1,NA,NA,NA,NA,NA,NA,NA,NA,NA,NA,NA,NA,NA,NA,NA
2,,True,additive,8,2,4,16,0.2,20,0.659649133682251,0.48549118638038635,0.001,16,3,1,NA,NA,NA,NA,NA,NA,NA,NA,NA,NA,NA,NA,NA,NA,NA
3,,True,additive,8,2,4,16,0.2,20,0.7802005410194397,0.4366018772125244,0.001,16,3,1,NA,NA,NA,NA,NA,NA,NA,NA,NA,NA,NA,NA,NA,NA,NA
4,,True,additive,8,2,4,16,0.2,20,0.698245644569397,0.3854077458381653,0.001,16,3,1,NA,NA,NA,NA,NA,NA,NA,NA,NA,NA,NA,NA,NA,NA,NA
5,,True,additive,8,2,4,16,0.2,20,0.6872180700302124,0.38694193959236145,0.001,16,3,1,NA,NA,NA,NA,NA,NA,NA,NA,NA,NA,NA,NA,NA,NA,NA
6,,True,additive,8,2,4,16,0.2,20,0.7614034414291382,0.31156599521636963,0.001,16,3,1,NA,NA,NA,NA,NA,NA,NA,NA,NA,NA,NA,NA,NA,NA,NA
0,,True,additive,8,2,4,16,0.2,20,0.333333283662796,0.7205580472946167,0.001,16,0,2,NA,NA,NA,NA,NA,NA,NA,NA,NA,NA,NA,NA,NA,NA,NA
1,,True,additive,8,2,4,16,0.2,20,0.42166668176651,0.6004640460014343,0.001,16,0,2,NA,NA,NA,NA,NA,NA,NA,NA,NA,NA,NA,NA,NA,NA,NA
2,,True,additive,8,2,4,16,0.2,20,0.4161904454231262,0.5784525871276855,0.001,16,0,2,NA,NA,NA,NA,NA,NA,NA,NA,NA,NA,NA,NA,NA,NA,NA
3,,True,additive,8,2,4,16,0.2,20,0.5795238018035889,0.5003952980041504,0.001,16,0,2,NA,NA,NA,NA,NA,NA,NA,NA,NA,NA,NA,NA,NA,NA,NA
4,,True,additive,8,2,4,16,0.2,20,0.6395238637924194,0.4486672282218933,0.001,16,0,2,NA,NA,NA,NA,NA,NA,NA,NA,NA,NA,NA,NA,NA,NA,NA
5,,True,additive,8,2,4,16,0.2,20,0.6866666078567505,0.3898538053035736,0.001,16,0,2,NA,NA,NA,NA,NA,NA,NA,NA,NA,NA,NA,NA,NA,NA,NA
6,,True,additive,8,2,4,16,0.2,20,0.8761904835700989,0.3145100176334381,0.001,16,0,2,NA,NA,NA,NA,NA,NA,NA,NA,NA,NA,NA,NA,NA,NA,NA
7,,True,additive,8,2,4,16,0.2,20,0.7466667294502258,0.26841041445732117,0.001,16,0,2,NA,NA,NA,NA,NA,NA,NA,NA,NA,NA,NA,NA,NA,NA,NA
8,,True,additive,8,2,4,16,0.2,20,0.7828571200370789,0.24270741641521454,0.001,16,0,2,NA,NA,NA,NA,NA,NA,NA,NA,NA,NA,NA,NA,NA,NA,NA
9,,True,additive,8,2,4,16,0.2,20,0.9299999475479126,0.21023692190647125,0.001,16,0,2,NA,NA,NA,NA,NA,NA,NA,NA,NA,NA,NA,NA,NA,NA,NA
10,,True,additive,8,2,4,16,0.2,20,0.8133333325386047,0.18859003484249115,0.001,16,0,2,NA,NA,NA,NA,NA,NA,NA,NA,NA,NA,NA,NA,NA,NA,NA
11,,True,additive,8,2,4,16,0.2,20,0.7899999618530273,0.1558533012866974,0.001,16,0,2,NA,NA,NA,NA,NA,NA,NA,NA,NA,NA,NA,NA,NA,NA,NA
12,,True,additive,8,2,4,16,0.2,20,0.8999999165534973,0.15209051966667175,0.001,16,0,2,NA,NA,NA,NA,NA,NA,NA,NA,NA,NA,NA,NA,NA,NA,NA
0,,True,additive,8,2,4,16,0.2,20,0.3149999976158142,0.7026606798171997,0.001,16,1,2,NA,NA,NA,NA,NA,NA,NA,NA,NA,NA,NA,NA,NA,NA,NA
1,,True,additive,8,2,4,16,0.2,20,0.5349999666213989,0.6035032272338867,0.001,16,1,2,NA,NA,NA,NA,NA,NA,NA,NA,NA,NA,NA,NA,NA,NA,NA
2,,True,additive,8,2,4,16,0.2,20,0.45666661858558655,0.5732888579368591,0.001,16,1,2,NA,NA,NA,NA,NA,NA,NA,NA,NA,NA,NA,NA,NA,NA,NA
3,,True,additive,8,2,4,16,0.2,20,0.5683332681655884,0.5060706734657288,0.001,16,1,2,NA,NA,NA,NA,NA,NA,NA,NA,NA,NA,NA,NA,NA,NA,NA
4,,True,additive,8,2,4,16,0.2,20,0.7378571033477783,0.44913971424102783,0.001,16,1,2,NA,NA,NA,NA,NA,NA,NA,NA,NA,NA,NA,NA,NA,NA,NA
5,,True,additive,8,2,4,16,0.2,20,0.5295237898826599,0.446248859167099,0.001,16,1,2,NA,NA,NA,NA,NA,NA,NA,NA,NA,NA,NA,NA,NA,NA,NA
6,,True,additive,8,2,4,16,0.2,20,0.6783334016799927,0.3752747178077698,0.001,16,1,2,NA,NA,NA,NA,NA,NA,NA,NA,NA,NA,NA,NA,NA,NA,NA
7,,True,additive,8,2,4,16,0.2,20,0.8149999380111694,0.3422132134437561,0.001,16,1,2,NA,NA,NA,NA,NA,NA,NA,NA,NA,NA,NA,NA,NA,NA,NA
8,,True,additive,8,2,4,16,0.2,20,0.746666669845581,0.30052778124809265,0.001,16,1,2,NA,NA,NA,NA,NA,NA,NA,NA,NA,NA,NA,NA,NA,NA,NA
9,,True,additive,8,2,4,16,0.2,20,0.7428571581840515,0.24687698483467102,0.001,16,1,2,NA,NA,NA,NA,NA,NA,NA,NA,NA,NA,NA,NA,NA,NA,NA
10,,True,additive,8,2,4,16,0.2,20,0.7983333468437195,0.23001033067703247,0.001,16,1,2,NA,NA,NA,NA,NA,NA,NA,NA,NA,NA,NA,NA,NA,NA,NA
0,,True,additive,8,2,4,16,0.2,20,0.2149999588727951,0.6728144884109497,0.001,16,2,2,NA,NA,NA,NA,NA,NA,NA,NA,NA,NA,NA,NA,NA,NA,NA
1,,True,additive,8,2,4,16,0.2,20,0.4716666340827942,0.6157205700874329,0.001,16,2,2,NA,NA,NA,NA,NA,NA,NA,NA,NA,NA,NA,NA,NA,NA,NA
2,,True,additive,8,2,4,16,0.2,20,0.43833333253860474,0.5450778603553772,0.001,16,2,2,NA,NA,NA,NA,NA,NA,NA,NA,NA,NA,NA,NA,NA,NA,NA
3,,True,additive,8,2,4,16,0.2,20,0.6895238161087036,0.5424648523330688,0.001,16,2,2,NA,NA,NA,NA,NA,NA,NA,NA,NA,NA,NA,NA,NA,NA,NA
4,,True,additive,8,2,4,16,0.2,20,0.5533333420753479,0.4869113266468048,0.001,16,2,2,NA,NA,NA,NA,NA,NA,NA,NA,NA,NA,NA,NA,NA,NA,NA
5,,True,additive,8,2,4,16,0.2,20,0.6650000214576721,0.4288505017757416,0.001,16,2,2,NA,NA,NA,NA,NA,NA,NA,NA,NA,NA,NA,NA,NA,NA,NA
6,,True,additive,8,2,4,16,0.2,20,0.6700000166893005,0.4120468199253082,0.001,16,2,2,NA,NA,NA,NA,NA,NA,NA,NA,NA,NA,NA,NA,NA,NA,NA
0,,True,additive,8,2,4,16,0.2,20,0.4311904311180115,0.7021759748458862,0.001,16,3,2,NA,NA,NA,NA,NA,NA,NA,NA,NA,NA,NA,NA,NA,NA,NA
1,,True,additive,8,2,4,16,0.2,20,0.3399999737739563,0.6662861704826355,0.001,16,3,2,NA,NA,NA,NA,NA,NA,NA,NA,NA,NA,NA,NA,NA,NA,NA
2,,True,additive,8,2,4,16,0.2,20,0.3411904573440552,0.6369354128837585,0.001,16,3,2,NA,NA,NA,NA,NA,NA,NA,NA,NA,NA,NA,NA,NA,NA,NA
3,,True,additive,8,2,4,16,0.2,20,0.5628571510314941,0.6021360158920288,0.001,16,3,2,NA,NA,NA,NA,NA,NA,NA,NA,NA,NA,NA,NA,NA,NA,NA
4,,True,additive,8,2,4,16,0.2,20,0.46904754638671875,0.5648244023323059,0.001,16,3,2,NA,NA,NA,NA,NA,NA,NA,NA,NA,NA,NA,NA,NA,NA,NA
5,,True,additive,8,2,4,16,0.2,20,0.7133333086967468,0.4877047836780548,0.001,16,3,2,NA,NA,NA,NA,NA,NA,NA,NA,NA,NA,NA,NA,NA,NA,NA
6,,True,additive,8,2,4,16,0.2,20,0.7478570938110352,0.4418784976005554,0.001,16,3,2,NA,NA,NA,NA,NA,NA,NA,NA,NA,NA,NA,NA,NA,NA,NA
7,,True,additive,8,2,4,16,0.2,20,0.7050000429153442,0.41001924872398376,0.001,16,3,2,NA,NA,NA,NA,NA,NA,NA,NA,NA,NA,NA,NA,NA,NA,NA
8,,True,additive,8,2,4,16,0.2,20,0.67166668176651,0.43022897839546204,0.001,16,3,2,NA,NA,NA,NA,NA,NA,NA,NA,NA,NA,NA,NA,NA,NA,NA
9,,True,additive,8,2,4,16,0.2,20,0.8095237612724304,0.37663647532463074,0.001,16,3,2,NA,NA,NA,NA,NA,NA,NA,NA,NA,NA,NA,NA,NA,NA,NA
10,,True,additive,8,2,4,16,0.2,20,0.5678571462631226,0.3739049732685089,0.001,16,3,2,NA,NA,NA,NA,NA,NA,NA,NA,NA,NA,NA,NA,NA,NA,NA
11,,True,additive,8,2,4,16,0.2,20,0.8190476298332214,0.357352614402771,0.001,16,3,2,NA,NA,NA,NA,NA,NA,NA,NA,NA,NA,NA,NA,NA,NA,NA
12,,True,additive,8,2,4,16,0.2,20,0.8961904644966125,0.2798939347267151,0.001,16,3,2,NA,NA,NA,NA,NA,NA,NA,NA,NA,NA,NA,NA,NA,NA,NA
13,,True,additive,8,2,4,16,0.2,20,0.846666693687439,0.20957344770431519,0.001,16,3,2,NA,NA,NA,NA,NA,NA,NA,NA,NA,NA,NA,NA,NA,NA,NA
14,,True,additive,8,2,4,16,0.2,20,0.9019047617912292,0.20809794962406158,0.001,16,3,2,NA,NA,NA,NA,NA,NA,NA,NA,NA,NA,NA,NA,NA,NA,NA
15,,True,additive,8,2,4,16,0.2,20,0.8666666746139526,0.18146227300167084,0.001,16,3,2,NA,NA,NA,NA,NA,NA,NA,NA,NA,NA,NA,NA,NA,NA,NA
16,,True,additive,8,2,4,16,0.2,20,0.8828571438789368,0.1471002846956253,0.001,16,3,2,NA,NA,NA,NA,NA,NA,NA,NA,NA,NA,NA,NA,NA,NA,NA
17,,True,additive,8,2,4,16,0.2,20,0.8095237612724304,0.17134283483028412,0.001,16,3,2,NA,NA,NA,NA,NA,NA,NA,NA,NA,NA,NA,NA,NA,NA,NA
0,,True,additive,8,2,4,16,0.2,20,0.3749373257160187,0.6495592594146729,0.001,16,0,3,NA,NA,NA,NA,NA,NA,NA,NA,NA,NA,NA,NA,NA,NA,NA
1,,True,additive,8,2,4,16,0.2,20,0.7403509020805359,0.514636218547821,0.001,16,0,3,NA,NA,NA,NA,NA,NA,NA,NA,NA,NA,NA,NA,NA,NA,NA
2,,True,additive,8,2,4,16,0.2,20,0.6719298362731934,0.4717797338962555,0.001,16,0,3,NA,NA,NA,NA,NA,NA,NA,NA,NA,NA,NA,NA,NA,NA,NA
3,,True,additive,8,2,4,16,0.2,20,0.6959899663925171,0.42794644832611084,0.001,16,0,3,NA,NA,NA,NA,NA,NA,NA,NA,NA,NA,NA,NA,NA,NA,NA
4,,True,additive,8,2,4,16,0.2,20,0.7122807502746582,0.47812798619270325,0.001,16,0,3,NA,NA,NA,NA,NA,NA,NA,NA,NA,NA,NA,NA,NA,NA,NA
0,,True,additive,8,2,4,16,0.2,20,0.43107765913009644,0.6813518404960632,0.001,16,1,3,NA,NA,NA,NA,NA,NA,NA,NA,NA,NA,NA,NA,NA,NA,NA
1,,True,additive,8,2,4,16,0.2,20,0.6350877285003662,0.5580184459686279,0.001,16,1,3,NA,NA,NA,NA,NA,NA,NA,NA,NA,NA,NA,NA,NA,NA,NA
2,,True,additive,8,2,4,16,0.2,20,0.5947368144989014,0.48757919669151306,0.001,16,1,3,NA,NA,NA,NA,NA,NA,NA,NA,NA,NA,NA,NA,NA,NA,NA
3,,True,additive,8,2,4,16,0.2,20,0.680701732635498,0.4426324665546417,0.001,16,1,3,NA,NA,NA,NA,NA,NA,NA,NA,NA,NA,NA,NA,NA,NA,NA
4,,True,additive,8,2,4,16,0.2,20,0.7200501561164856,0.3807443082332611,0.001,16,1,3,NA,NA,NA,NA,NA,NA,NA,NA,NA,NA,NA,NA,NA,NA,NA
5,,True,additive,8,2,4,16,0.2,20,0.761403501033783,0.3707028329372406,0.001,16,1,3,NA,NA,NA,NA,NA,NA,NA,NA,NA,NA,NA,NA,NA,NA,NA
6,,True,additive,8,2,4,16,0.2,20,0.7789473533630371,0.30235517024993896,0.001,16,1,3,NA,NA,NA,NA,NA,NA,NA,NA,NA,NA,NA,NA,NA,NA,NA
7,,True,additive,8,2,4,16,0.2,20,0.7859649062156677,0.2727735638618469,0.001,16,1,3,NA,NA,NA,NA,NA,NA,NA,NA,NA,NA,NA,NA,NA,NA,NA
8,,True,additive,8,2,4,16,0.2,20,0.7438596487045288,0.22274167835712433,0.001,16,1,3,NA,NA,NA,NA,NA,NA,NA,NA,NA,NA,NA,NA,NA,NA,NA
9,,True,additive,8,2,4,16,0.2,20,0.877193033695221,0.20583310723304749,0.001,16,1,3,NA,NA,NA,NA,NA,NA,NA,NA,NA,NA,NA,NA,NA,NA,NA
10,,True,additive,8,2,4,16,0.2,20,0.7964912056922913,0.1736222803592682,0.001,16,1,3,NA,NA,NA,NA,NA,NA,NA,NA,NA,NA,NA,NA,NA,NA,NA
11,,True,additive,8,2,4,16,0.2,20,0.8561403155326843,0.1407511681318283,0.001,16,1,3,NA,NA,NA,NA,NA,NA,NA,NA,NA,NA,NA,NA,NA,NA,NA
12,,True,additive,8,2,4,16,0.2,20,0.8421052098274231,0.13040700554847717,0.001,16,1,3,NA,NA,NA,NA,NA,NA,NA,NA,NA,NA,NA,NA,NA,NA,NA
0,,True,additive,8,2,4,16,0.2,20,0.33166664838790894,0.6615567207336426,0.001,16,2,3,NA,NA,NA,NA,NA,NA,NA,NA,NA,NA,NA,NA,NA,NA,NA
1,,True,additive,8,2,4,16,0.2,20,0.5716665983200073,0.5244739651679993,0.001,16,2,3,NA,NA,NA,NA,NA,NA,NA,NA,NA,NA,NA,NA,NA,NA,NA
2,,True,additive,8,2,4,16,0.2,20,0.67166668176651,0.4972344934940338,0.001,16,2,3,NA,NA,NA,NA,NA,NA,NA,NA,NA,NA,NA,NA,NA,NA,NA
3,,True,additive,8,2,4,16,0.2,20,0.6716666221618652,0.38877755403518677,0.001,16,2,3,NA,NA,NA,NA,NA,NA,NA,NA,NA,NA,NA,NA,NA,NA,NA
4,,True,additive,8,2,4,16,0.2,20,0.6428571343421936,0.2853988707065582,0.001,16,2,3,NA,NA,NA,NA,NA,NA,NA,NA,NA,NA,NA,NA,NA,NA,NA
5,,True,additive,8,2,4,16,0.2,20,0.7211904525756836,0.2632812559604645,0.001,16,2,3,NA,NA,NA,NA,NA,NA,NA,NA,NA,NA,NA,NA,NA,NA,NA
6,,True,additive,8,2,4,16,0.2,20,0.8161904215812683,0.2085537314414978,0.001,16,2,3,NA,NA,NA,NA,NA,NA,NA,NA,NA,NA,NA,NA,NA,NA,NA
7,,True,additive,8,2,4,16,0.2,20,0.8166666030883789,0.22096967697143555,0.001,16,2,3,NA,NA,NA,NA,NA,NA,NA,NA,NA,NA,NA,NA,NA,NA,NA
8,,True,additive,8,2,4,16,0.2,20,0.7900000214576721,0.13136500120162964,0.001,16,2,3,NA,NA,NA,NA,NA,NA,NA,NA,NA,NA,NA,NA,NA,NA,NA
9,,True,additive,8,2,4,16,0.2,20,0.8999999761581421,0.1229725033044815,0.001,16,2,3,NA,NA,NA,NA,NA,NA,NA,NA,NA,NA,NA,NA,NA,NA,NA
10,,True,additive,8,2,4,16,0.2,20,0.8333333730697632,0.10916779190301895,0.001,16,2,3,NA,NA,NA,NA,NA,NA,NA,NA,NA,NA,NA,NA,NA,NA,NA
11,,True,additive,8,2,4,16,0.2,20,0.8500000238418579,0.09879165887832642,0.001,16,2,3,NA,NA,NA,NA,NA,NA,NA,NA,NA,NA,NA,NA,NA,NA,NA
12,,True,additive,8,2,4,16,0.2,20,0.8399999737739563,0.09152354300022125,0.001,16,2,3,NA,NA,NA,NA,NA,NA,NA,NA,NA,NA,NA,NA,NA,NA,NA
0,,True,additive,8,2,4,16,0.2,20,0.4583333134651184,0.6544716358184814,0.001,16,3,3,NA,NA,NA,NA,NA,NA,NA,NA,NA,NA,NA,NA,NA,NA,NA
1,,True,additive,8,2,4,16,0.2,20,0.5816666483879089,0.5217239856719971,0.001,16,3,3,NA,NA,NA,NA,NA,NA,NA,NA,NA,NA,NA,NA,NA,NA,NA
2,,True,additive,8,2,4,16,0.2,20,0.7311905026435852,0.4299008846282959,0.001,16,3,3,NA,NA,NA,NA,NA,NA,NA,NA,NA,NA,NA,NA,NA,NA,NA
3,,True,additive,8,2,4,16,0.2,20,0.6083332896232605,0.38382863998413086,0.001,16,3,3,NA,NA,NA,NA,NA,NA,NA,NA,NA,NA,NA,NA,NA,NA,NA
4,,True,additive,8,2,4,16,0.2,20,0.7745238542556763,0.3387225866317749,0.001,16,3,3,NA,NA,NA,NA,NA,NA,NA,NA,NA,NA,NA,NA,NA,NA,NA
5,,True,additive,8,2,4,16,0.2,20,0.7416666746139526,0.24761950969696045,0.001,16,3,3,NA,NA,NA,NA,NA,NA,NA,NA,NA,NA,NA,NA,NA,NA,NA
6,,True,additive,8,2,4,16,0.2,20,0.8733332753181458,0.23923327028751373,0.001,16,3,3,NA,NA,NA,NA,NA,NA,NA,NA,NA,NA,NA,NA,NA,NA,NA
7,,True,additive,8,2,4,16,0.2,20,0.8166667222976685,0.19389067590236664,0.001,16,3,3,NA,NA,NA,NA,NA,NA,NA,NA,NA,NA,NA,NA,NA,NA,NA
8,,True,additive,8,2,4,16,0.2,20,0.90666663646698,0.17009060084819794,0.001,16,3,3,NA,NA,NA,NA,NA,NA,NA,NA,NA,NA,NA,NA,NA,NA,NA
9,,True,additive,8,2,4,16,0.2,20,0.9233332872390747,0.13814391195774078,0.001,16,3,3,NA,NA,NA,NA,NA,NA,NA,NA,NA,NA,NA,NA,NA,NA,NA
10,,True,additive,8,2,4,16,0.2,20,0.7900000214576721,0.1214740052819252,0.001,16,3,3,NA,NA,NA,NA,NA,NA,NA,NA,NA,NA,NA,NA,NA,NA,NA
11,,True,additive,8,2,4,16,0.2,20,0.8833333253860474,0.12161584198474884,0.001,16,3,3,NA,NA,NA,NA,NA,NA,NA,NA,NA,NA,NA,NA,NA,NA,NA
12,,True,additive,8,2,4,16,0.2,20,0.7733333110809326,0.132022887468338,0.001,16,3,3,NA,NA,NA,NA,NA,NA,NA,NA,NA,NA,NA,NA,NA,NA,NA
0,,True,additive,8,2,4,16,0.2,20,0.4816666543483734,0.6559793949127197,0.001,16,0,4,NA,NA,NA,NA,NA,NA,NA,NA,NA,NA,NA,NA,NA,NA,NA
1,,True,additive,8,2,4,16,0.2,20,0.4783332943916321,0.5465482473373413,0.001,16,0,4,NA,NA,NA,NA,NA,NA,NA,NA,NA,NA,NA,NA,NA,NA,NA
2,,True,additive,8,2,4,16,0.2,20,0.6483333110809326,0.43137046694755554,0.001,16,0,4,NA,NA,NA,NA,NA,NA,NA,NA,NA,NA,NA,NA,NA,NA,NA
3,,True,additive,8,2,4,16,0.2,20,0.5973809957504272,0.39202627539634705,0.001,16,0,4,NA,NA,NA,NA,NA,NA,NA,NA,NA,NA,NA,NA,NA,NA,NA
4,,True,additive,8,2,4,16,0.2,20,0.6716666221618652,0.32888463139533997,0.001,16,0,4,NA,NA,NA,NA,NA,NA,NA,NA,NA,NA,NA,NA,NA,NA,NA
5,,True,additive,8,2,4,16,0.2,20,0.7352380752563477,0.29455676674842834,0.001,16,0,4,NA,NA,NA,NA,NA,NA,NA,NA,NA,NA,NA,NA,NA,NA,NA
6,,True,additive,8,2,4,16,0.2,20,0.78166663646698,0.2133931964635849,0.001,16,0,4,NA,NA,NA,NA,NA,NA,NA,NA,NA,NA,NA,NA,NA,NA,NA
7,,True,additive,8,2,4,16,0.2,20,0.7761904001235962,0.17095588147640228,0.001,16,0,4,NA,NA,NA,NA,NA,NA,NA,NA,NA,NA,NA,NA,NA,NA,NA
8,,True,additive,8,2,4,16,0.2,20,0.8733332753181458,0.13199660181999207,0.001,16,0,4,NA,NA,NA,NA,NA,NA,NA,NA,NA,NA,NA,NA,NA,NA,NA
9,,True,additive,8,2,4,16,0.2,20,0.8928571939468384,0.11709225922822952,0.001,16,0,4,NA,NA,NA,NA,NA,NA,NA,NA,NA,NA,NA,NA,NA,NA,NA
10,,True,additive,8,2,4,16,0.2,20,0.8399999737739563,0.08572810143232346,0.001,16,0,4,NA,NA,NA,NA,NA,NA,NA,NA,NA,NA,NA,NA,NA,NA,NA
11,,True,additive,8,2,4,16,0.2,20,0.8500000238418579,0.08046434819698334,0.001,16,0,4,NA,NA,NA,NA,NA,NA,NA,NA,NA,NA,NA,NA,NA,NA,NA
12,,True,additive,8,2,4,16,0.2,20,0.949999988079071,0.06632938981056213,0.001,16,0,4,NA,NA,NA,NA,NA,NA,NA,NA,NA,NA,NA,NA,NA,NA,NA
13,,True,additive,8,2,4,16,0.2,20,0.8500000238418579,0.05202646553516388,0.001,16,0,4,NA,NA,NA,NA,NA,NA,NA,NA,NA,NA,NA,NA,NA,NA,NA
14,,True,additive,8,2,4,16,0.2,20,0.8999999761581421,0.05437147617340088,0.001,16,0,4,NA,NA,NA,NA,NA,NA,NA,NA,NA,NA,NA,NA,NA,NA,NA
15,,True,additive,8,2,4,16,0.2,20,0.8899999856948853,0.05014609917998314,0.001,16,0,4,NA,NA,NA,NA,NA,NA,NA,NA,NA,NA,NA,NA,NA,NA,NA
0,,True,additive,8,2,4,16,0.2,20,0.20666663348674774,0.6970700621604919,0.001,16,1,4,NA,NA,NA,NA,NA,NA,NA,NA,NA,NA,NA,NA,NA,NA,NA
1,,True,additive,8,2,4,16,0.2,20,0.47333329916000366,0.5978183746337891,0.001,16,1,4,NA,NA,NA,NA,NA,NA,NA,NA,NA,NA,NA,NA,NA,NA,NA
2,,True,additive,8,2,4,16,0.2,20,0.5349999666213989,0.5346723198890686,0.001,16,1,4,NA,NA,NA,NA,NA,NA,NA,NA,NA,NA,NA,NA,NA,NA,NA
3,,True,additive,8,2,4,16,0.2,20,0.6816666722297668,0.44481173157691956,0.001,16,1,4,NA,NA,NA,NA,NA,NA,NA,NA,NA,NA,NA,NA,NA,NA,NA
4,,True,additive,8,2,4,16,0.2,20,0.6461905241012573,0.3844735622406006,0.001,16,1,4,NA,NA,NA,NA,NA,NA,NA,NA,NA,NA,NA,NA,NA,NA,NA
5,,True,additive,8,2,4,16,0.2,20,0.6399999856948853,0.34803465008735657,0.001,16,1,4,NA,NA,NA,NA,NA,NA,NA,NA,NA,NA,NA,NA,NA,NA,NA
6,,True,additive,8,2,4,16,0.2,20,0.7233332991600037,0.29154765605926514,0.001,16,1,4,NA,NA,NA,NA,NA,NA,NA,NA,NA,NA,NA,NA,NA,NA,NA
7,,True,additive,8,2,4,16,0.2,20,0.8461904525756836,0.2609289884567261,0.001,16,1,4,NA,NA,NA,NA,NA,NA,NA,NA,NA,NA,NA,NA,NA,NA,NA
8,,True,additive,8,2,4,16,0.2,20,0.7745238542556763,0.23842571675777435,0.001,16,1,4,NA,NA,NA,NA,NA,NA,NA,NA,NA,NA,NA,NA,NA,NA,NA
9,,True,additive,8,2,4,16,0.2,20,0.7749999761581421,0.18877825140953064,0.001,16,1,4,NA,NA,NA,NA,NA,NA,NA,NA,NA,NA,NA,NA,NA,NA,NA
10,,True,additive,8,2,4,16,0.2,20,0.8333333134651184,0.1322515606880188,0.001,16,1,4,NA,NA,NA,NA,NA,NA,NA,NA,NA,NA,NA,NA,NA,NA,NA
0,,True,additive,8,2,4,16,0.2,20,0.3699999451637268,0.6523584723472595,0.001,16,2,4,NA,NA,NA,NA,NA,NA,NA,NA,NA,NA,NA,NA,NA,NA,NA
1,,True,additive,8,2,4,16,0.2,20,0.5849999785423279,0.5947297215461731,0.001,16,2,4,NA,NA,NA,NA,NA,NA,NA,NA,NA,NA,NA,NA,NA,NA,NA
2,,True,additive,8,2,4,16,0.2,20,0.6100000143051147,0.4819336533546448,0.001,16,2,4,NA,NA,NA,NA,NA,NA,NA,NA,NA,NA,NA,NA,NA,NA,NA
3,,True,additive,8,2,4,16,0.2,20,0.6666666865348816,0.3862006366252899,0.001,16,2,4,NA,NA,NA,NA,NA,NA,NA,NA,NA,NA,NA,NA,NA,NA,NA
4,,True,additive,8,2,4,16,0.2,20,0.6895238161087036,0.36267054080963135,0.001,16,2,4,NA,NA,NA,NA,NA,NA,NA,NA,NA,NA,NA,NA,NA,NA,NA
5,,True,additive,8,2,4,16,0.2,20,0.6995238065719604,0.3398364186286926,0.001,16,2,4,NA,NA,NA,NA,NA,NA,NA,NA,NA,NA,NA,NA,NA,NA,NA
6,,True,additive,8,2,4,16,0.2,20,0.7628570795059204,0.30981019139289856,0.001,16,2,4,NA,NA,NA,NA,NA,NA,NA,NA,NA,NA,NA,NA,NA,NA,NA
7,,True,additive,8,2,4,16,0.2,20,0.7299999594688416,0.2527242600917816,0.001,16,2,4,NA,NA,NA,NA,NA,NA,NA,NA,NA,NA,NA,NA,NA,NA,NA
8,,True,additive,8,2,4,16,0.2,20,0.7000000476837158,0.21468117833137512,0.001,16,2,4,NA,NA,NA,NA,NA,NA,NA,NA,NA,NA,NA,NA,NA,NA,NA
9,,True,additive,8,2,4,16,0.2,20,0.841666579246521,0.21342049539089203,0.001,16,2,4,NA,NA,NA,NA,NA,NA,NA,NA,NA,NA,NA,NA,NA,NA,NA
10,,True,additive,8,2,4,16,0.2,20,0.7833333611488342,0.18866220116615295,0.001,16,2,4,NA,NA,NA,NA,NA,NA,NA,NA,NA,NA,NA,NA,NA,NA,NA
11,,True,additive,8,2,4,16,0.2,20,0.8428570628166199,0.17636097967624664,0.001,16,2,4,NA,NA,NA,NA,NA,NA,NA,NA,NA,NA,NA,NA,NA,NA,NA
12,,True,additive,8,2,4,16,0.2,20,0.8066665530204773,0.18938766419887543,0.001,16,2,4,NA,NA,NA,NA,NA,NA,NA,NA,NA,NA,NA,NA,NA,NA,NA
13,,True,additive,8,2,4,16,0.2,20,0.7595237493515015,0.18588881194591522,0.001,16,2,4,NA,NA,NA,NA,NA,NA,NA,NA,NA,NA,NA,NA,NA,NA,NA
14,,True,additive,8,2,4,16,0.2,20,0.8399999737739563,0.11053796112537384,0.001,16,2,4,NA,NA,NA,NA,NA,NA,NA,NA,NA,NA,NA,NA,NA,NA,NA
0,,True,additive,8,2,4,16,0.2,20,0.07499998807907104,0.685759961605072,0.001,16,3,4,NA,NA,NA,NA,NA,NA,NA,NA,NA,NA,NA,NA,NA,NA,NA
1,,True,additive,8,2,4,16,0.2,20,0.44952377676963806,0.5882886052131653,0.001,16,3,4,NA,NA,NA,NA,NA,NA,NA,NA,NA,NA,NA,NA,NA,NA,NA
2,,True,additive,8,2,4,16,0.2,20,0.4933333396911621,0.5315148234367371,0.001,16,3,4,NA,NA,NA,NA,NA,NA,NA,NA,NA,NA,NA,NA,NA,NA,NA
3,,True,additive,8,2,4,16,0.2,20,0.5649999380111694,0.4397687315940857,0.001,16,3,4,NA,NA,NA,NA,NA,NA,NA,NA,NA,NA,NA,NA,NA,NA,NA
4,,True,additive,8,2,4,16,0.2,20,0.504523754119873,0.42584261298179626,0.001,16,3,4,NA,NA,NA,NA,NA,NA,NA,NA,NA,NA,NA,NA,NA,NA,NA
5,,True,additive,8,2,4,16,0.2,20,0.6916667222976685,0.40870797634124756,0.001,16,3,4,NA,NA,NA,NA,NA,NA,NA,NA,NA,NA,NA,NA,NA,NA,NA
6,,True,additive,8,2,4,16,0.2,20,0.7249999642372131,0.33714941143989563,0.001,16,3,4,NA,NA,NA,NA,NA,NA,NA,NA,NA,NA,NA,NA,NA,NA,NA
7,,True,additive,8,2,4,16,0.2,20,0.7383333444595337,0.2737557590007782,0.001,16,3,4,NA,NA,NA,NA,NA,NA,NA,NA,NA,NA,NA,NA,NA,NA,NA
8,,True,additive,8,2,4,16,0.2,20,0.753333330154419,0.24837173521518707,0.001,16,3,4,NA,NA,NA,NA,NA,NA,NA,NA,NA,NA,NA,NA,NA,NA,NA
9,,True,additive,8,2,4,16,0.2,20,0.7866666316986084,0.227071613073349,0.001,16,3,4,NA,NA,NA,NA,NA,NA,NA,NA,NA,NA,NA,NA,NA,NA,NA
10,,True,additive,8,2,4,16,0.2,20,0.7661904692649841,0.1991923600435257,0.001,16,3,4,NA,NA,NA,NA,NA,NA,NA,NA,NA,NA,NA,NA,NA,NA,NA
11,,True,additive,8,2,4,16,0.2,20,0.8583332896232605,0.15832357108592987,0.001,16,3,4,NA,NA,NA,NA,NA,NA,NA,NA,NA,NA,NA,NA,NA,NA,NA
12,,True,additive,8,2,4,16,0.2,20,0.8928571939468384,0.12936310470104218,0.001,16,3,4,NA,NA,NA,NA,NA,NA,NA,NA,NA,NA,NA,NA,NA,NA,NA
13,,True,additive,8,2,4,16,0.2,20,0.8399999737739563,0.1269700527191162,0.001,16,3,4,NA,NA,NA,NA,NA,NA,NA,NA,NA,NA,NA,NA,NA,NA,NA
14,,True,additive,8,2,4,16,0.2,20,0.8428571820259094,0.10113862156867981,0.001,16,3,4,NA,NA,NA,NA,NA,NA,NA,NA,NA,NA,NA,NA,NA,NA,NA
15,,True,additive,8,2,4,16,0.2,20,0.75,0.09302427619695663,0.001,16,3,4,NA,NA,NA,NA,NA,NA,NA,NA,NA,NA,NA,NA,NA,NA,NA
0,,True,additive,8,2,4,16,0.2,20,0.4249999523162842,0.6141919493675232,0.001,16,0,5,NA,NA,NA,NA,NA,NA,NA,NA,NA,NA,NA,NA,NA,NA,NA
1,,True,additive,8,2,4,16,0.2,20,0.5245237946510315,0.5662229657173157,0.001,16,0,5,NA,NA,NA,NA,NA,NA,NA,NA,NA,NA,NA,NA,NA,NA,NA
2,,True,additive,8,2,4,16,0.2,20,0.6466667056083679,0.5162850618362427,0.001,16,0,5,NA,NA,NA,NA,NA,NA,NA,NA,NA,NA,NA,NA,NA,NA,NA
3,,True,additive,8,2,4,16,0.2,20,0.596666693687439,0.49242687225341797,0.001,16,0,5,NA,NA,NA,NA,NA,NA,NA,NA,NA,NA,NA,NA,NA,NA,NA
4,,True,additive,8,2,4,16,0.2,20,0.6466666460037231,0.4575611352920532,0.001,16,0,5,NA,NA,NA,NA,NA,NA,NA,NA,NA,NA,NA,NA,NA,NA,NA
5,,True,additive,8,2,4,16,0.2,20,0.6407142877578735,0.4378288686275482,0.001,16,0,5,NA,NA,NA,NA,NA,NA,NA,NA,NA,NA,NA,NA,NA,NA,NA
0,,True,additive,8,2,4,16,0.2,20,0.18333332240581512,0.7096444368362427,0.001,16,1,5,NA,NA,NA,NA,NA,NA,NA,NA,NA,NA,NA,NA,NA,NA,NA
1,,True,additive,8,2,4,16,0.2,20,0.3533332943916321,0.6078912019729614,0.001,16,1,5,NA,NA,NA,NA,NA,NA,NA,NA,NA,NA,NA,NA,NA,NA,NA
2,,True,additive,8,2,4,16,0.2,20,0.4516666531562805,0.5602643489837646,0.001,16,1,5,NA,NA,NA,NA,NA,NA,NA,NA,NA,NA,NA,NA,NA,NA,NA
3,,True,additive,8,2,4,16,0.2,20,0.7566666603088379,0.5205286145210266,0.001,16,1,5,NA,NA,NA,NA,NA,NA,NA,NA,NA,NA,NA,NA,NA,NA,NA
4,,True,additive,8,2,4,16,0.2,20,0.6178570985794067,0.4685262143611908,0.001,16,1,5,NA,NA,NA,NA,NA,NA,NA,NA,NA,NA,NA,NA,NA,NA,NA
5,,True,additive,8,2,4,16,0.2,20,0.5645238161087036,0.4276123642921448,0.001,16,1,5,NA,NA,NA,NA,NA,NA,NA,NA,NA,NA,NA,NA,NA,NA,NA
6,,True,additive,8,2,4,16,0.2,20,0.6383333802223206,0.3757590055465698,0.001,16,1,5,NA,NA,NA,NA,NA,NA,NA,NA,NA,NA,NA,NA,NA,NA,NA
0,,True,additive,8,2,4,16,0.2,20,0.37166664004325867,0.6773977279663086,0.001,16,2,5,NA,NA,NA,NA,NA,NA,NA,NA,NA,NA,NA,NA,NA,NA,NA
1,,True,additive,8,2,4,16,0.2,20,0.5061904191970825,0.6332590579986572,0.001,16,2,5,NA,NA,NA,NA,NA,NA,NA,NA,NA,NA,NA,NA,NA,NA,NA
2,,True,additive,8,2,4,16,0.2,20,0.6449999809265137,0.5433371663093567,0.001,16,2,5,NA,NA,NA,NA,NA,NA,NA,NA,NA,NA,NA,NA,NA,NA,NA
3,,True,additive,8,2,4,16,0.2,20,0.588333249092102,0.4772506356239319,0.001,16,2,5,NA,NA,NA,NA,NA,NA,NA,NA,NA,NA,NA,NA,NA,NA,NA
4,,True,additive,8,2,4,16,0.2,20,0.6173809766769409,0.4341026842594147,0.001,16,2,5,NA,NA,NA,NA,NA,NA,NA,NA,NA,NA,NA,NA,NA,NA,NA
5,,True,additive,8,2,4,16,0.2,20,0.5716666579246521,0.36868858337402344,0.001,16,2,5,NA,NA,NA,NA,NA,NA,NA,NA,NA,NA,NA,NA,NA,NA,NA
0,,True,additive,8,2,4,16,0.2,20,0.0,0.6803345084190369,0.001,16,3,5,NA,NA,NA,NA,NA,NA,NA,NA,NA,NA,NA,NA,NA,NA,NA
1,,True,additive,8,2,4,16,0.2,20,0.19333331286907196,0.5994885563850403,0.001,16,3,5,NA,NA,NA,NA,NA,NA,NA,NA,NA,NA,NA,NA,NA,NA,NA
2,,True,additive,8,2,4,16,0.2,20,0.43666666746139526,0.5408949255943298,0.001,16,3,5,NA,NA,NA,NA,NA,NA,NA,NA,NA,NA,NA,NA,NA,NA,NA
3,,True,additive,8,2,4,16,0.2,20,0.5095238089561462,0.5346651077270508,0.001,16,3,5,NA,NA,NA,NA,NA,NA,NA,NA,NA,NA,NA,NA,NA,NA,NA
4,,True,additive,8,2,4,16,0.2,20,0.6133333444595337,0.4489453136920929,0.001,16,3,5,NA,NA,NA,NA,NA,NA,NA,NA,NA,NA,NA,NA,NA,NA,NA
5,,True,additive,8,2,4,16,0.2,20,0.6645238399505615,0.3730763792991638,0.001,16,3,5,NA,NA,NA,NA,NA,NA,NA,NA,NA,NA,NA,NA,NA,NA,NA
6,,True,additive,8,2,4,16,0.2,20,0.7211904525756836,0.40235957503318787,0.001,16,3,5,NA,NA,NA,NA,NA,NA,NA,NA,NA,NA,NA,NA,NA,NA,NA
7,,True,additive,8,2,4,16,0.2,20,0.78166663646698,0.30782848596572876,0.001,16,3,5,NA,NA,NA,NA,NA,NA,NA,NA,NA,NA,NA,NA,NA,NA,NA
8,,True,additive,8,2,4,16,0.2,20,0.721666693687439,0.29454442858695984,0.001,16,3,5,NA,NA,NA,NA,NA,NA,NA,NA,NA,NA,NA,NA,NA,NA,NA
9,,True,additive,8,2,4,16,0.2,20,0.7299999594688416,0.2784964144229889,0.001,16,3,5,NA,NA,NA,NA,NA,NA,NA,NA,NA,NA,NA,NA,NA,NA,NA
10,,True,additive,8,2,4,16,0.2,20,0.7016667127609253,0.2580251097679138,0.001,16,3,5,NA,NA,NA,NA,NA,NA,NA,NA,NA,NA,NA,NA,NA,NA,NA
