epoch,att_act,att_hist,att_type,att_units,att_window,batch_size,dense_units,dropout,epochs,keras_f1_score,loss,lr,lstm_units,ofold,task,val_att_act,val_att_hist,val_att_type,val_att_units,val_att_window,val_batch_size,val_dense_units,val_dropout,val_epochs,val_keras_f1_score,val_loss,val_lr,val_lstm_units,val_ofold,val_task
0,,False,multiplicative,,4,4,32,0.2,20,0.12230575829744339,0.7796337008476257,0.001,64,0,1,NA,NA,NA,NA,NA,NA,NA,NA,NA,NA,NA,NA,NA,NA,NA
1,,False,multiplicative,,4,4,32,0.2,20,0.19298242032527924,0.6664486527442932,0.001,64,0,1,NA,NA,NA,NA,NA,NA,NA,NA,NA,NA,NA,NA,NA,NA,NA
2,,False,multiplicative,,4,4,32,0.2,20,0.236842080950737,0.6353573799133301,0.001,64,0,1,NA,NA,NA,NA,NA,NA,NA,NA,NA,NA,NA,NA,NA,NA,NA
3,,False,multiplicative,,4,4,32,0.2,20,0.28245609998703003,0.6026691198348999,0.001,64,0,1,NA,NA,NA,NA,NA,NA,NA,NA,NA,NA,NA,NA,NA,NA,NA
4,,False,multiplicative,,4,4,32,0.2,20,0.3105262815952301,0.5374553203582764,0.001,64,0,1,NA,NA,NA,NA,NA,NA,NA,NA,NA,NA,NA,NA,NA,NA,NA
5,,False,multiplicative,,4,4,32,0.2,20,0.3929823935031891,0.48565974831581116,0.001,64,0,1,NA,NA,NA,NA,NA,NA,NA,NA,NA,NA,NA,NA,NA,NA,NA
6,,False,multiplicative,,4,4,32,0.2,20,0.5631579160690308,0.4413013160228729,0.001,64,0,1,NA,NA,NA,NA,NA,NA,NA,NA,NA,NA,NA,NA,NA,NA,NA
7,,False,multiplicative,,4,4,32,0.2,20,0.4701753854751587,0.40954264998435974,0.001,64,0,1,NA,NA,NA,NA,NA,NA,NA,NA,NA,NA,NA,NA,NA,NA,NA
8,,False,multiplicative,,4,4,32,0.2,20,0.6152881979942322,0.3732175827026367,0.001,64,0,1,NA,NA,NA,NA,NA,NA,NA,NA,NA,NA,NA,NA,NA,NA,NA
9,,False,multiplicative,,4,4,32,0.2,20,0.6491227746009827,0.3163198232650757,0.001,64,0,1,NA,NA,NA,NA,NA,NA,NA,NA,NA,NA,NA,NA,NA,NA,NA
10,,False,multiplicative,,4,4,32,0.2,20,0.7508772015571594,0.26162809133529663,0.001,64,0,1,NA,NA,NA,NA,NA,NA,NA,NA,NA,NA,NA,NA,NA,NA,NA
11,,False,multiplicative,,4,4,32,0.2,20,0.756892204284668,0.2316446751356125,0.001,64,0,1,NA,NA,NA,NA,NA,NA,NA,NA,NA,NA,NA,NA,NA,NA,NA
12,,False,multiplicative,,4,4,32,0.2,20,0.7744361162185669,0.225460946559906,0.001,64,0,1,NA,NA,NA,NA,NA,NA,NA,NA,NA,NA,NA,NA,NA,NA,NA
13,,False,multiplicative,,4,4,32,0.2,20,0.7368420958518982,0.17052620649337769,0.001,64,0,1,NA,NA,NA,NA,NA,NA,NA,NA,NA,NA,NA,NA,NA,NA,NA
14,,False,multiplicative,,4,4,32,0.2,20,0.7644109725952148,0.14760059118270874,0.001,64,0,1,NA,NA,NA,NA,NA,NA,NA,NA,NA,NA,NA,NA,NA,NA,NA
15,,False,multiplicative,,4,4,32,0.2,20,0.9298245310783386,0.10758616030216217,0.001,64,0,1,NA,NA,NA,NA,NA,NA,NA,NA,NA,NA,NA,NA,NA,NA,NA
16,,False,multiplicative,,4,4,32,0.2,20,0.9122806191444397,0.09702664613723755,0.001,64,0,1,NA,NA,NA,NA,NA,NA,NA,NA,NA,NA,NA,NA,NA,NA,NA
17,,False,multiplicative,,4,4,32,0.2,20,0.8872179985046387,0.07381278276443481,0.001,64,0,1,NA,NA,NA,NA,NA,NA,NA,NA,NA,NA,NA,NA,NA,NA,NA
18,,False,multiplicative,,4,4,32,0.2,20,0.7894737124443054,0.05203660950064659,0.001,64,0,1,NA,NA,NA,NA,NA,NA,NA,NA,NA,NA,NA,NA,NA,NA,NA
0,,False,multiplicative,,4,4,32,0.2,20,0.24110274016857147,0.8161020874977112,0.001,64,1,1,NA,NA,NA,NA,NA,NA,NA,NA,NA,NA,NA,NA,NA,NA,NA
1,,False,multiplicative,,4,4,32,0.2,20,0.22807013988494873,0.6711302399635315,0.001,64,1,1,NA,NA,NA,NA,NA,NA,NA,NA,NA,NA,NA,NA,NA,NA,NA
2,,False,multiplicative,,4,4,32,0.2,20,0.25438591837882996,0.6346800327301025,0.001,64,1,1,NA,NA,NA,NA,NA,NA,NA,NA,NA,NA,NA,NA,NA,NA,NA
3,,False,multiplicative,,4,4,32,0.2,20,0.6819548606872559,0.5244399905204773,0.001,64,1,1,NA,NA,NA,NA,NA,NA,NA,NA,NA,NA,NA,NA,NA,NA,NA
4,,False,multiplicative,,4,4,32,0.2,20,0.5157894492149353,0.48052123188972473,0.001,64,1,1,NA,NA,NA,NA,NA,NA,NA,NA,NA,NA,NA,NA,NA,NA,NA
5,,False,multiplicative,,4,4,32,0.2,20,0.7087719440460205,0.32213690876960754,0.001,64,1,1,NA,NA,NA,NA,NA,NA,NA,NA,NA,NA,NA,NA,NA,NA,NA
6,,False,multiplicative,,4,4,32,0.2,20,0.7438596487045288,0.23344363272190094,0.001,64,1,1,NA,NA,NA,NA,NA,NA,NA,NA,NA,NA,NA,NA,NA,NA,NA
7,,False,multiplicative,,4,4,32,0.2,20,0.8491228222846985,0.1815173327922821,0.001,64,1,1,NA,NA,NA,NA,NA,NA,NA,NA,NA,NA,NA,NA,NA,NA,NA
8,,False,multiplicative,,4,4,32,0.2,20,0.8070175647735596,0.1395004391670227,0.001,64,1,1,NA,NA,NA,NA,NA,NA,NA,NA,NA,NA,NA,NA,NA,NA,NA
9,,False,multiplicative,,4,4,32,0.2,20,0.8421052694320679,0.07715248316526413,0.001,64,1,1,NA,NA,NA,NA,NA,NA,NA,NA,NA,NA,NA,NA,NA,NA,NA
10,,False,multiplicative,,4,4,32,0.2,20,0.8947368264198303,0.07841604948043823,0.001,64,1,1,NA,NA,NA,NA,NA,NA,NA,NA,NA,NA,NA,NA,NA,NA,NA
11,,False,multiplicative,,4,4,32,0.2,20,0.824561357498169,0.0676346942782402,0.001,64,1,1,NA,NA,NA,NA,NA,NA,NA,NA,NA,NA,NA,NA,NA,NA,NA
12,,False,multiplicative,,4,4,32,0.2,20,0.8947368264198303,0.05723559856414795,0.001,64,1,1,NA,NA,NA,NA,NA,NA,NA,NA,NA,NA,NA,NA,NA,NA,NA
13,,False,multiplicative,,4,4,32,0.2,20,0.8421052694320679,0.04501854255795479,0.001,64,1,1,NA,NA,NA,NA,NA,NA,NA,NA,NA,NA,NA,NA,NA,NA,NA
0,,False,multiplicative,,4,4,32,0.2,20,0.1122806966304779,0.7336586713790894,0.001,64,2,1,NA,NA,NA,NA,NA,NA,NA,NA,NA,NA,NA,NA,NA,NA,NA
1,,False,multiplicative,,4,4,32,0.2,20,0.2842104732990265,0.6700695157051086,0.001,64,2,1,NA,NA,NA,NA,NA,NA,NA,NA,NA,NA,NA,NA,NA,NA,NA
2,,False,multiplicative,,4,4,32,0.2,20,0.340350866317749,0.6173680424690247,0.001,64,2,1,NA,NA,NA,NA,NA,NA,NA,NA,NA,NA,NA,NA,NA,NA,NA
3,,False,multiplicative,,4,4,32,0.2,20,0.5298245549201965,0.539992094039917,0.001,64,2,1,NA,NA,NA,NA,NA,NA,NA,NA,NA,NA,NA,NA,NA,NA,NA
4,,False,multiplicative,,4,4,32,0.2,20,0.5070174932479858,0.4583491086959839,0.001,64,2,1,NA,NA,NA,NA,NA,NA,NA,NA,NA,NA,NA,NA,NA,NA,NA
5,,False,multiplicative,,4,4,32,0.2,20,0.7684210538864136,0.4005795419216156,0.001,64,2,1,NA,NA,NA,NA,NA,NA,NA,NA,NA,NA,NA,NA,NA,NA,NA
6,,False,multiplicative,,4,4,32,0.2,20,0.601754367351532,0.35366031527519226,0.001,64,2,1,NA,NA,NA,NA,NA,NA,NA,NA,NA,NA,NA,NA,NA,NA,NA
7,,False,multiplicative,,4,4,32,0.2,20,0.7649123668670654,0.25792843103408813,0.001,64,2,1,NA,NA,NA,NA,NA,NA,NA,NA,NA,NA,NA,NA,NA,NA,NA
8,,False,multiplicative,,4,4,32,0.2,20,0.7538847327232361,0.1826448291540146,0.001,64,2,1,NA,NA,NA,NA,NA,NA,NA,NA,NA,NA,NA,NA,NA,NA,NA
0,,False,multiplicative,,4,4,32,0.2,20,0.2140350639820099,0.7501673102378845,0.001,64,3,1,NA,NA,NA,NA,NA,NA,NA,NA,NA,NA,NA,NA,NA,NA,NA
1,,False,multiplicative,,4,4,32,0.2,20,0.4070174992084503,0.6282831430435181,0.001,64,3,1,NA,NA,NA,NA,NA,NA,NA,NA,NA,NA,NA,NA,NA,NA,NA
2,,False,multiplicative,,4,4,32,0.2,20,0.4263157546520233,0.5586938261985779,0.001,64,3,1,NA,NA,NA,NA,NA,NA,NA,NA,NA,NA,NA,NA,NA,NA,NA
3,,False,multiplicative,,4,4,32,0.2,20,0.5771929621696472,0.549164354801178,0.001,64,3,1,NA,NA,NA,NA,NA,NA,NA,NA,NA,NA,NA,NA,NA,NA,NA
4,,False,multiplicative,,4,4,32,0.2,20,0.5070174932479858,0.45770883560180664,0.001,64,3,1,NA,NA,NA,NA,NA,NA,NA,NA,NA,NA,NA,NA,NA,NA,NA
5,,False,multiplicative,,4,4,32,0.2,20,0.6456140875816345,0.38868528604507446,0.001,64,3,1,NA,NA,NA,NA,NA,NA,NA,NA,NA,NA,NA,NA,NA,NA,NA
6,,False,multiplicative,,4,4,32,0.2,20,0.6293233036994934,0.33075496554374695,0.001,64,3,1,NA,NA,NA,NA,NA,NA,NA,NA,NA,NA,NA,NA,NA,NA,NA
7,,False,multiplicative,,4,4,32,0.2,20,0.6192981600761414,0.2830750644207001,0.001,64,3,1,NA,NA,NA,NA,NA,NA,NA,NA,NA,NA,NA,NA,NA,NA,NA
8,,False,multiplicative,,4,4,32,0.2,20,0.7884711027145386,0.23007896542549133,0.001,64,3,1,NA,NA,NA,NA,NA,NA,NA,NA,NA,NA,NA,NA,NA,NA,NA
9,,False,multiplicative,,4,4,32,0.2,20,0.8035088181495667,0.21830587089061737,0.001,64,3,1,NA,NA,NA,NA,NA,NA,NA,NA,NA,NA,NA,NA,NA,NA,NA
10,,False,multiplicative,,4,4,32,0.2,20,0.8223057985305786,0.2093304693698883,0.001,64,3,1,NA,NA,NA,NA,NA,NA,NA,NA,NA,NA,NA,NA,NA,NA,NA
11,,False,multiplicative,,4,4,32,0.2,20,0.8561403155326843,0.1716425120830536,0.001,64,3,1,NA,NA,NA,NA,NA,NA,NA,NA,NA,NA,NA,NA,NA,NA,NA
12,,False,multiplicative,,4,4,32,0.2,20,0.7994987368583679,0.1430501490831375,0.001,64,3,1,NA,NA,NA,NA,NA,NA,NA,NA,NA,NA,NA,NA,NA,NA,NA
13,,False,multiplicative,,4,4,32,0.2,20,0.845613956451416,0.1613512933254242,0.001,64,3,1,NA,NA,NA,NA,NA,NA,NA,NA,NA,NA,NA,NA,NA,NA,NA
14,,False,multiplicative,,4,4,32,0.2,20,0.7456139922142029,0.1523781269788742,0.001,64,3,1,NA,NA,NA,NA,NA,NA,NA,NA,NA,NA,NA,NA,NA,NA,NA
0,,False,multiplicative,,4,4,32,0.2,20,0.258333295583725,0.7462198138237,0.001,64,0,2,NA,NA,NA,NA,NA,NA,NA,NA,NA,NA,NA,NA,NA,NA,NA
1,,False,multiplicative,,4,4,32,0.2,20,0.21166662871837616,0.6955867409706116,0.001,64,0,2,NA,NA,NA,NA,NA,NA,NA,NA,NA,NA,NA,NA,NA,NA,NA
2,,False,multiplicative,,4,4,32,0.2,20,0.39666664600372314,0.6586304903030396,0.001,64,0,2,NA,NA,NA,NA,NA,NA,NA,NA,NA,NA,NA,NA,NA,NA,NA
3,,False,multiplicative,,4,4,32,0.2,20,0.2999999523162842,0.621842086315155,0.001,64,0,2,NA,NA,NA,NA,NA,NA,NA,NA,NA,NA,NA,NA,NA,NA,NA
4,,False,multiplicative,,4,4,32,0.2,20,0.5233333110809326,0.5541238188743591,0.001,64,0,2,NA,NA,NA,NA,NA,NA,NA,NA,NA,NA,NA,NA,NA,NA,NA
5,,False,multiplicative,,4,4,32,0.2,20,0.5349999666213989,0.48748812079429626,0.001,64,0,2,NA,NA,NA,NA,NA,NA,NA,NA,NA,NA,NA,NA,NA,NA,NA
6,,False,multiplicative,,4,4,32,0.2,20,0.6245237588882446,0.41052305698394775,0.001,64,0,2,NA,NA,NA,NA,NA,NA,NA,NA,NA,NA,NA,NA,NA,NA,NA
7,,False,multiplicative,,4,4,32,0.2,20,0.6200000047683716,0.3587612807750702,0.001,64,0,2,NA,NA,NA,NA,NA,NA,NA,NA,NA,NA,NA,NA,NA,NA,NA
8,,False,multiplicative,,4,4,32,0.2,20,0.5416666269302368,0.3233354091644287,0.001,64,0,2,NA,NA,NA,NA,NA,NA,NA,NA,NA,NA,NA,NA,NA,NA,NA
9,,False,multiplicative,,4,4,32,0.2,20,0.8033332824707031,0.3058023154735565,0.001,64,0,2,NA,NA,NA,NA,NA,NA,NA,NA,NA,NA,NA,NA,NA,NA,NA
10,,False,multiplicative,,4,4,32,0.2,20,0.7900000214576721,0.23328164219856262,0.001,64,0,2,NA,NA,NA,NA,NA,NA,NA,NA,NA,NA,NA,NA,NA,NA,NA
11,,False,multiplicative,,4,4,32,0.2,20,0.721666693687439,0.22935077548027039,0.001,64,0,2,NA,NA,NA,NA,NA,NA,NA,NA,NA,NA,NA,NA,NA,NA,NA
12,,False,multiplicative,,4,4,32,0.2,20,0.8995237350463867,0.17745721340179443,0.001,64,0,2,NA,NA,NA,NA,NA,NA,NA,NA,NA,NA,NA,NA,NA,NA,NA
13,,False,multiplicative,,4,4,32,0.2,20,0.7833333611488342,0.17295968532562256,0.001,64,0,2,NA,NA,NA,NA,NA,NA,NA,NA,NA,NA,NA,NA,NA,NA,NA
14,,False,multiplicative,,4,4,32,0.2,20,0.9233333468437195,0.15190169215202332,0.001,64,0,2,NA,NA,NA,NA,NA,NA,NA,NA,NA,NA,NA,NA,NA,NA,NA
15,,False,multiplicative,,4,4,32,0.2,20,0.8399999737739563,0.14314182102680206,0.001,64,0,2,NA,NA,NA,NA,NA,NA,NA,NA,NA,NA,NA,NA,NA,NA,NA
16,,False,multiplicative,,4,4,32,0.2,20,0.9733332395553589,0.11257589608430862,0.001,64,0,2,NA,NA,NA,NA,NA,NA,NA,NA,NA,NA,NA,NA,NA,NA,NA
17,,False,multiplicative,,4,4,32,0.2,20,0.8333333730697632,0.103706955909729,0.001,64,0,2,NA,NA,NA,NA,NA,NA,NA,NA,NA,NA,NA,NA,NA,NA,NA
18,,False,multiplicative,,4,4,32,0.2,20,0.8566667437553406,0.10463857650756836,0.001,64,0,2,NA,NA,NA,NA,NA,NA,NA,NA,NA,NA,NA,NA,NA,NA,NA
19,,False,multiplicative,,4,4,32,0.2,20,0.8299999237060547,0.11830995976924896,0.001,64,0,2,NA,NA,NA,NA,NA,NA,NA,NA,NA,NA,NA,NA,NA,NA,NA
0,,False,multiplicative,,4,4,32,0.2,20,0.34166663885116577,0.7645376920700073,0.001,64,1,2,NA,NA,NA,NA,NA,NA,NA,NA,NA,NA,NA,NA,NA,NA,NA
1,,False,multiplicative,,4,4,32,0.2,20,0.3633333146572113,0.624918520450592,0.001,64,1,2,NA,NA,NA,NA,NA,NA,NA,NA,NA,NA,NA,NA,NA,NA,NA
2,,False,multiplicative,,4,4,32,0.2,20,0.34166663885116577,0.6439028382301331,0.001,64,1,2,NA,NA,NA,NA,NA,NA,NA,NA,NA,NA,NA,NA,NA,NA,NA
3,,False,multiplicative,,4,4,32,0.2,20,0.53166663646698,0.5628315210342407,0.001,64,1,2,NA,NA,NA,NA,NA,NA,NA,NA,NA,NA,NA,NA,NA,NA,NA
4,,False,multiplicative,,4,4,32,0.2,20,0.5183333158493042,0.5550516247749329,0.001,64,1,2,NA,NA,NA,NA,NA,NA,NA,NA,NA,NA,NA,NA,NA,NA,NA
5,,False,multiplicative,,4,4,32,0.2,20,0.38404759764671326,0.5204662680625916,0.001,64,1,2,NA,NA,NA,NA,NA,NA,NA,NA,NA,NA,NA,NA,NA,NA,NA
6,,False,multiplicative,,4,4,32,0.2,20,0.5311904549598694,0.434908390045166,0.001,64,1,2,NA,NA,NA,NA,NA,NA,NA,NA,NA,NA,NA,NA,NA,NA,NA
0,,False,multiplicative,,4,4,32,0.2,20,0.3233332931995392,0.7547276616096497,0.001,64,2,2,NA,NA,NA,NA,NA,NA,NA,NA,NA,NA,NA,NA,NA,NA,NA
1,,False,multiplicative,,4,4,32,0.2,20,0.49285706877708435,0.6301599740982056,0.001,64,2,2,NA,NA,NA,NA,NA,NA,NA,NA,NA,NA,NA,NA,NA,NA,NA
2,,False,multiplicative,,4,4,32,0.2,20,0.37999996542930603,0.5876481533050537,0.001,64,2,2,NA,NA,NA,NA,NA,NA,NA,NA,NA,NA,NA,NA,NA,NA,NA
3,,False,multiplicative,,4,4,32,0.2,20,0.5911905169487,0.569462776184082,0.001,64,2,2,NA,NA,NA,NA,NA,NA,NA,NA,NA,NA,NA,NA,NA,NA,NA
4,,False,multiplicative,,4,4,32,0.2,20,0.4733332693576813,0.5480852723121643,0.001,64,2,2,NA,NA,NA,NA,NA,NA,NA,NA,NA,NA,NA,NA,NA,NA,NA
5,,False,multiplicative,,4,4,32,0.2,20,0.666190505027771,0.46585744619369507,0.001,64,2,2,NA,NA,NA,NA,NA,NA,NA,NA,NA,NA,NA,NA,NA,NA,NA
6,,False,multiplicative,,4,4,32,0.2,20,0.699999988079071,0.42364203929901123,0.001,64,2,2,NA,NA,NA,NA,NA,NA,NA,NA,NA,NA,NA,NA,NA,NA,NA
7,,False,multiplicative,,4,4,32,0.2,20,0.8361905217170715,0.339500367641449,0.001,64,2,2,NA,NA,NA,NA,NA,NA,NA,NA,NA,NA,NA,NA,NA,NA,NA
8,,False,multiplicative,,4,4,32,0.2,20,0.7161905169487,0.3152567446231842,0.001,64,2,2,NA,NA,NA,NA,NA,NA,NA,NA,NA,NA,NA,NA,NA,NA,NA
9,,False,multiplicative,,4,4,32,0.2,20,0.661666750907898,0.32028594613075256,0.001,64,2,2,NA,NA,NA,NA,NA,NA,NA,NA,NA,NA,NA,NA,NA,NA,NA
10,,False,multiplicative,,4,4,32,0.2,20,0.6616666316986084,0.26226285099983215,0.001,64,2,2,NA,NA,NA,NA,NA,NA,NA,NA,NA,NA,NA,NA,NA,NA,NA
0,,False,multiplicative,,4,4,32,0.2,20,0.4249999523162842,0.714226245880127,0.001,64,3,2,NA,NA,NA,NA,NA,NA,NA,NA,NA,NA,NA,NA,NA,NA,NA
1,,False,multiplicative,,4,4,32,0.2,20,0.304999977350235,0.7015819549560547,0.001,64,3,2,NA,NA,NA,NA,NA,NA,NA,NA,NA,NA,NA,NA,NA,NA,NA
2,,False,multiplicative,,4,4,32,0.2,20,0.41999998688697815,0.6199573874473572,0.001,64,3,2,NA,NA,NA,NA,NA,NA,NA,NA,NA,NA,NA,NA,NA,NA,NA
3,,False,multiplicative,,4,4,32,0.2,20,0.5733333826065063,0.5866103172302246,0.001,64,3,2,NA,NA,NA,NA,NA,NA,NA,NA,NA,NA,NA,NA,NA,NA,NA
4,,False,multiplicative,,4,4,32,0.2,20,0.5795238018035889,0.492744117975235,0.001,64,3,2,NA,NA,NA,NA,NA,NA,NA,NA,NA,NA,NA,NA,NA,NA,NA
5,,False,multiplicative,,4,4,32,0.2,20,0.6550000309944153,0.4100271761417389,0.001,64,3,2,NA,NA,NA,NA,NA,NA,NA,NA,NA,NA,NA,NA,NA,NA,NA
6,,False,multiplicative,,4,4,32,0.2,20,0.8911904096603394,0.31248798966407776,0.001,64,3,2,NA,NA,NA,NA,NA,NA,NA,NA,NA,NA,NA,NA,NA,NA,NA
7,,False,multiplicative,,4,4,32,0.2,20,0.7711905241012573,0.32627275586128235,0.001,64,3,2,NA,NA,NA,NA,NA,NA,NA,NA,NA,NA,NA,NA,NA,NA,NA
8,,False,multiplicative,,4,4,32,0.2,20,0.7849999666213989,0.3617076277732849,0.001,64,3,2,NA,NA,NA,NA,NA,NA,NA,NA,NA,NA,NA,NA,NA,NA,NA
9,,False,multiplicative,,4,4,32,0.2,20,0.6495238542556763,0.3185618817806244,0.001,64,3,2,NA,NA,NA,NA,NA,NA,NA,NA,NA,NA,NA,NA,NA,NA,NA
0,,False,multiplicative,,4,4,32,0.2,20,0.41528820991516113,0.70646071434021,0.001,64,0,3,NA,NA,NA,NA,NA,NA,NA,NA,NA,NA,NA,NA,NA,NA,NA
1,,False,multiplicative,,4,4,32,0.2,20,0.5854637026786804,0.6004207730293274,0.001,64,0,3,NA,NA,NA,NA,NA,NA,NA,NA,NA,NA,NA,NA,NA,NA,NA
2,,False,multiplicative,,4,4,32,0.2,20,0.5508772134780884,0.524932324886322,0.001,64,0,3,NA,NA,NA,NA,NA,NA,NA,NA,NA,NA,NA,NA,NA,NA,NA
3,,False,multiplicative,,4,4,32,0.2,20,0.7228070497512817,0.4749023914337158,0.001,64,0,3,NA,NA,NA,NA,NA,NA,NA,NA,NA,NA,NA,NA,NA,NA,NA
4,,False,multiplicative,,4,4,32,0.2,20,0.6701754331588745,0.47793152928352356,0.001,64,0,3,NA,NA,NA,NA,NA,NA,NA,NA,NA,NA,NA,NA,NA,NA,NA
5,,False,multiplicative,,4,4,32,0.2,20,0.761403501033783,0.4601898193359375,0.001,64,0,3,NA,NA,NA,NA,NA,NA,NA,NA,NA,NA,NA,NA,NA,NA,NA
6,,False,multiplicative,,4,4,32,0.2,20,0.7421053051948547,0.3740781545639038,0.001,64,0,3,NA,NA,NA,NA,NA,NA,NA,NA,NA,NA,NA,NA,NA,NA,NA
7,,False,multiplicative,,4,4,32,0.2,20,0.7508772015571594,0.3096390962600708,0.001,64,0,3,NA,NA,NA,NA,NA,NA,NA,NA,NA,NA,NA,NA,NA,NA,NA
8,,False,multiplicative,,4,4,32,0.2,20,0.8210526704788208,0.2653297483921051,0.001,64,0,3,NA,NA,NA,NA,NA,NA,NA,NA,NA,NA,NA,NA,NA,NA,NA
9,,False,multiplicative,,4,4,32,0.2,20,0.8350876569747925,0.23978787660598755,0.001,64,0,3,NA,NA,NA,NA,NA,NA,NA,NA,NA,NA,NA,NA,NA,NA,NA
10,,False,multiplicative,,4,4,32,0.2,20,0.7533833980560303,0.23786908388137817,0.001,64,0,3,NA,NA,NA,NA,NA,NA,NA,NA,NA,NA,NA,NA,NA,NA,NA
11,,False,multiplicative,,4,4,32,0.2,20,0.9012531638145447,0.17881961166858673,0.001,64,0,3,NA,NA,NA,NA,NA,NA,NA,NA,NA,NA,NA,NA,NA,NA,NA
12,,False,multiplicative,,4,4,32,0.2,20,0.9175438284873962,0.17111103236675262,0.001,64,0,3,NA,NA,NA,NA,NA,NA,NA,NA,NA,NA,NA,NA,NA,NA,NA
13,,False,multiplicative,,4,4,32,0.2,20,0.9223056435585022,0.1410711109638214,0.001,64,0,3,NA,NA,NA,NA,NA,NA,NA,NA,NA,NA,NA,NA,NA,NA,NA
14,,False,multiplicative,,4,4,32,0.2,20,0.9017542600631714,0.12162705510854721,0.001,64,0,3,NA,NA,NA,NA,NA,NA,NA,NA,NA,NA,NA,NA,NA,NA,NA
15,,False,multiplicative,,4,4,32,0.2,20,0.9298245310783386,0.08847100287675858,0.001,64,0,3,NA,NA,NA,NA,NA,NA,NA,NA,NA,NA,NA,NA,NA,NA,NA
16,,False,multiplicative,,4,4,32,0.2,20,0.884210467338562,0.06661506742238998,0.001,64,0,3,NA,NA,NA,NA,NA,NA,NA,NA,NA,NA,NA,NA,NA,NA,NA
17,,False,multiplicative,,4,4,32,0.2,20,0.824561357498169,0.0636301338672638,0.001,64,0,3,NA,NA,NA,NA,NA,NA,NA,NA,NA,NA,NA,NA,NA,NA,NA
18,,False,multiplicative,,4,4,32,0.2,20,0.9368420839309692,0.048659052699804306,0.001,64,0,3,NA,NA,NA,NA,NA,NA,NA,NA,NA,NA,NA,NA,NA,NA,NA
19,,False,multiplicative,,4,4,32,0.2,20,1.0,0.04882054403424263,0.001,64,0,3,NA,NA,NA,NA,NA,NA,NA,NA,NA,NA,NA,NA,NA,NA,NA
0,,False,multiplicative,,4,4,32,0.2,20,0.301754355430603,0.7132886648178101,0.001,64,1,3,NA,NA,NA,NA,NA,NA,NA,NA,NA,NA,NA,NA,NA,NA,NA
1,,False,multiplicative,,4,4,32,0.2,20,0.5087718963623047,0.6414638757705688,0.001,64,1,3,NA,NA,NA,NA,NA,NA,NA,NA,NA,NA,NA,NA,NA,NA,NA
2,,False,multiplicative,,4,4,32,0.2,20,0.6340852379798889,0.5906246304512024,0.001,64,1,3,NA,NA,NA,NA,NA,NA,NA,NA,NA,NA,NA,NA,NA,NA,NA
3,,False,multiplicative,,4,4,32,0.2,20,0.4859648644924164,0.5809478759765625,0.001,64,1,3,NA,NA,NA,NA,NA,NA,NA,NA,NA,NA,NA,NA,NA,NA,NA
4,,False,multiplicative,,4,4,32,0.2,20,0.6726816296577454,0.4937686026096344,0.001,64,1,3,NA,NA,NA,NA,NA,NA,NA,NA,NA,NA,NA,NA,NA,NA,NA
5,,False,multiplicative,,4,4,32,0.2,20,0.7403509020805359,0.49251776933670044,0.001,64,1,3,NA,NA,NA,NA,NA,NA,NA,NA,NA,NA,NA,NA,NA,NA,NA
6,,False,multiplicative,,4,4,32,0.2,20,0.7310777306556702,0.45021864771842957,0.001,64,1,3,NA,NA,NA,NA,NA,NA,NA,NA,NA,NA,NA,NA,NA,NA,NA
7,,False,multiplicative,,4,4,32,0.2,20,0.7771929502487183,0.3992728888988495,0.001,64,1,3,NA,NA,NA,NA,NA,NA,NA,NA,NA,NA,NA,NA,NA,NA,NA
8,,False,multiplicative,,4,4,32,0.2,20,0.7228070497512817,0.40201395750045776,0.001,64,1,3,NA,NA,NA,NA,NA,NA,NA,NA,NA,NA,NA,NA,NA,NA,NA
9,,False,multiplicative,,4,4,32,0.2,20,0.8228070139884949,0.3613131046295166,0.001,64,1,3,NA,NA,NA,NA,NA,NA,NA,NA,NA,NA,NA,NA,NA,NA,NA
10,,False,multiplicative,,4,4,32,0.2,20,0.6977443695068359,0.3224875032901764,0.001,64,1,3,NA,NA,NA,NA,NA,NA,NA,NA,NA,NA,NA,NA,NA,NA,NA
11,,False,multiplicative,,4,4,32,0.2,20,0.7989974617958069,0.28091490268707275,0.001,64,1,3,NA,NA,NA,NA,NA,NA,NA,NA,NA,NA,NA,NA,NA,NA,NA
12,,False,multiplicative,,4,4,32,0.2,20,0.8122807145118713,0.26269349455833435,0.001,64,1,3,NA,NA,NA,NA,NA,NA,NA,NA,NA,NA,NA,NA,NA,NA,NA
0,,False,multiplicative,,4,4,32,0.2,20,0.3916666805744171,0.6935930252075195,0.001,64,2,3,NA,NA,NA,NA,NA,NA,NA,NA,NA,NA,NA,NA,NA,NA,NA
1,,False,multiplicative,,4,4,32,0.2,20,0.5716666579246521,0.5484064221382141,0.001,64,2,3,NA,NA,NA,NA,NA,NA,NA,NA,NA,NA,NA,NA,NA,NA,NA
2,,False,multiplicative,,4,4,32,0.2,20,0.6795238256454468,0.46203410625457764,0.001,64,2,3,NA,NA,NA,NA,NA,NA,NA,NA,NA,NA,NA,NA,NA,NA,NA
3,,False,multiplicative,,4,4,32,0.2,20,0.682857096195221,0.38884851336479187,0.001,64,2,3,NA,NA,NA,NA,NA,NA,NA,NA,NA,NA,NA,NA,NA,NA,NA
4,,False,multiplicative,,4,4,32,0.2,20,0.5257142782211304,0.39678916335105896,0.001,64,2,3,NA,NA,NA,NA,NA,NA,NA,NA,NA,NA,NA,NA,NA,NA,NA
5,,False,multiplicative,,4,4,32,0.2,20,0.7400000691413879,0.3305568993091583,0.001,64,2,3,NA,NA,NA,NA,NA,NA,NA,NA,NA,NA,NA,NA,NA,NA,NA
6,,False,multiplicative,,4,4,32,0.2,20,0.7900000214576721,0.2765904366970062,0.001,64,2,3,NA,NA,NA,NA,NA,NA,NA,NA,NA,NA,NA,NA,NA,NA,NA
7,,False,multiplicative,,4,4,32,0.2,20,0.8333333134651184,0.18735496699810028,0.001,64,2,3,NA,NA,NA,NA,NA,NA,NA,NA,NA,NA,NA,NA,NA,NA,NA
8,,False,multiplicative,,4,4,32,0.2,20,0.7328571081161499,0.2010267972946167,0.001,64,2,3,NA,NA,NA,NA,NA,NA,NA,NA,NA,NA,NA,NA,NA,NA,NA
9,,False,multiplicative,,4,4,32,0.2,20,0.8333333134651184,0.16116400063037872,0.001,64,2,3,NA,NA,NA,NA,NA,NA,NA,NA,NA,NA,NA,NA,NA,NA,NA
10,,False,multiplicative,,4,4,32,0.2,20,0.8161904215812683,0.13129332661628723,0.001,64,2,3,NA,NA,NA,NA,NA,NA,NA,NA,NA,NA,NA,NA,NA,NA,NA
0,,False,multiplicative,,4,4,32,0.2,20,0.43833333253860474,0.6963977813720703,0.001,64,3,3,NA,NA,NA,NA,NA,NA,NA,NA,NA,NA,NA,NA,NA,NA,NA
1,,False,multiplicative,,4,4,32,0.2,20,0.40166664123535156,0.5629804730415344,0.001,64,3,3,NA,NA,NA,NA,NA,NA,NA,NA,NA,NA,NA,NA,NA,NA,NA
2,,False,multiplicative,,4,4,32,0.2,20,0.7128571271896362,0.4894736111164093,0.001,64,3,3,NA,NA,NA,NA,NA,NA,NA,NA,NA,NA,NA,NA,NA,NA,NA
3,,False,multiplicative,,4,4,32,0.2,20,0.7216666340827942,0.4062763750553131,0.001,64,3,3,NA,NA,NA,NA,NA,NA,NA,NA,NA,NA,NA,NA,NA,NA,NA
4,,False,multiplicative,,4,4,32,0.2,20,0.7578571438789368,0.3675861954689026,0.001,64,3,3,NA,NA,NA,NA,NA,NA,NA,NA,NA,NA,NA,NA,NA,NA,NA
5,,False,multiplicative,,4,4,32,0.2,20,0.7328571081161499,0.23452982306480408,0.001,64,3,3,NA,NA,NA,NA,NA,NA,NA,NA,NA,NA,NA,NA,NA,NA,NA
6,,False,multiplicative,,4,4,32,0.2,20,0.8399998545646667,0.17767643928527832,0.001,64,3,3,NA,NA,NA,NA,NA,NA,NA,NA,NA,NA,NA,NA,NA,NA,NA
7,,False,multiplicative,,4,4,32,0.2,20,0.8500000238418579,0.14759133756160736,0.001,64,3,3,NA,NA,NA,NA,NA,NA,NA,NA,NA,NA,NA,NA,NA,NA,NA
8,,False,multiplicative,,4,4,32,0.2,20,0.8999999761581421,0.11967631429433823,0.001,64,3,3,NA,NA,NA,NA,NA,NA,NA,NA,NA,NA,NA,NA,NA,NA,NA
9,,False,multiplicative,,4,4,32,0.2,20,0.9233332872390747,0.10721012204885483,0.001,64,3,3,NA,NA,NA,NA,NA,NA,NA,NA,NA,NA,NA,NA,NA,NA,NA
10,,False,multiplicative,,4,4,32,0.2,20,0.8233333826065063,0.09597087651491165,0.001,64,3,3,NA,NA,NA,NA,NA,NA,NA,NA,NA,NA,NA,NA,NA,NA,NA
11,,False,multiplicative,,4,4,32,0.2,20,0.8833333253860474,0.10572655498981476,0.001,64,3,3,NA,NA,NA,NA,NA,NA,NA,NA,NA,NA,NA,NA,NA,NA,NA
12,,False,multiplicative,,4,4,32,0.2,20,0.8399999737739563,0.10114747285842896,0.001,64,3,3,NA,NA,NA,NA,NA,NA,NA,NA,NA,NA,NA,NA,NA,NA,NA
0,,False,multiplicative,,4,4,32,0.2,20,0.2749999761581421,0.7067574858665466,0.001,64,0,4,NA,NA,NA,NA,NA,NA,NA,NA,NA,NA,NA,NA,NA,NA,NA
1,,False,multiplicative,,4,4,32,0.2,20,0.4366666376590729,0.5626876354217529,0.001,64,0,4,NA,NA,NA,NA,NA,NA,NA,NA,NA,NA,NA,NA,NA,NA,NA
2,,False,multiplicative,,4,4,32,0.2,20,0.47499996423721313,0.5108718276023865,0.001,64,0,4,NA,NA,NA,NA,NA,NA,NA,NA,NA,NA,NA,NA,NA,NA,NA
3,,False,multiplicative,,4,4,32,0.2,20,0.6078571081161499,0.37512069940567017,0.001,64,0,4,NA,NA,NA,NA,NA,NA,NA,NA,NA,NA,NA,NA,NA,NA,NA
4,,False,multiplicative,,4,4,32,0.2,20,0.65666663646698,0.30224430561065674,0.001,64,0,4,NA,NA,NA,NA,NA,NA,NA,NA,NA,NA,NA,NA,NA,NA,NA
5,,False,multiplicative,,4,4,32,0.2,20,0.7328571081161499,0.2407047003507614,0.001,64,0,4,NA,NA,NA,NA,NA,NA,NA,NA,NA,NA,NA,NA,NA,NA,NA
6,,False,multiplicative,,4,4,32,0.2,20,0.7733333110809326,0.14567723870277405,0.001,64,0,4,NA,NA,NA,NA,NA,NA,NA,NA,NA,NA,NA,NA,NA,NA,NA
7,,False,multiplicative,,4,4,32,0.2,20,0.8228570818901062,0.15054312348365784,0.001,64,0,4,NA,NA,NA,NA,NA,NA,NA,NA,NA,NA,NA,NA,NA,NA,NA
8,,False,multiplicative,,4,4,32,0.2,20,0.8833333253860474,0.09619838744401932,0.001,64,0,4,NA,NA,NA,NA,NA,NA,NA,NA,NA,NA,NA,NA,NA,NA,NA
9,,False,multiplicative,,4,4,32,0.2,20,0.9095237851142883,0.07377538830041885,0.001,64,0,4,NA,NA,NA,NA,NA,NA,NA,NA,NA,NA,NA,NA,NA,NA,NA
10,,False,multiplicative,,4,4,32,0.2,20,0.8500000238418579,0.058747392147779465,0.001,64,0,4,NA,NA,NA,NA,NA,NA,NA,NA,NA,NA,NA,NA,NA,NA,NA
11,,False,multiplicative,,4,4,32,0.2,20,0.8928570747375488,0.056852128356695175,0.001,64,0,4,NA,NA,NA,NA,NA,NA,NA,NA,NA,NA,NA,NA,NA,NA,NA
12,,False,multiplicative,,4,4,32,0.2,20,0.949999988079071,0.0385933555662632,0.001,64,0,4,NA,NA,NA,NA,NA,NA,NA,NA,NA,NA,NA,NA,NA,NA,NA
13,,False,multiplicative,,4,4,32,0.2,20,0.8500000238418579,0.028889445587992668,0.001,64,0,4,NA,NA,NA,NA,NA,NA,NA,NA,NA,NA,NA,NA,NA,NA,NA
14,,False,multiplicative,,4,4,32,0.2,20,0.8999999761581421,0.025544771924614906,0.001,64,0,4,NA,NA,NA,NA,NA,NA,NA,NA,NA,NA,NA,NA,NA,NA,NA
15,,False,multiplicative,,4,4,32,0.2,20,0.8999999761581421,0.023848537355661392,0.001,64,0,4,NA,NA,NA,NA,NA,NA,NA,NA,NA,NA,NA,NA,NA,NA,NA
0,,False,multiplicative,,4,4,32,0.2,20,0.30119046568870544,0.7193894982337952,0.001,64,1,4,NA,NA,NA,NA,NA,NA,NA,NA,NA,NA,NA,NA,NA,NA,NA
1,,False,multiplicative,,4,4,32,0.2,20,0.28999996185302734,0.6324472427368164,0.001,64,1,4,NA,NA,NA,NA,NA,NA,NA,NA,NA,NA,NA,NA,NA,NA,NA
2,,False,multiplicative,,4,4,32,0.2,20,0.4949999749660492,0.5945760011672974,0.001,64,1,4,NA,NA,NA,NA,NA,NA,NA,NA,NA,NA,NA,NA,NA,NA,NA
3,,False,multiplicative,,4,4,32,0.2,20,0.5,0.4980199337005615,0.001,64,1,4,NA,NA,NA,NA,NA,NA,NA,NA,NA,NA,NA,NA,NA,NA,NA
4,,False,multiplicative,,4,4,32,0.2,20,0.5711904764175415,0.4092911183834076,0.001,64,1,4,NA,NA,NA,NA,NA,NA,NA,NA,NA,NA,NA,NA,NA,NA,NA
5,,False,multiplicative,,4,4,32,0.2,20,0.6149999499320984,0.3283732831478119,0.001,64,1,4,NA,NA,NA,NA,NA,NA,NA,NA,NA,NA,NA,NA,NA,NA,NA
6,,False,multiplicative,,4,4,32,0.2,20,0.6916666626930237,0.2912929356098175,0.001,64,1,4,NA,NA,NA,NA,NA,NA,NA,NA,NA,NA,NA,NA,NA,NA,NA
7,,False,multiplicative,,4,4,32,0.2,20,0.7745238542556763,0.2528318464756012,0.001,64,1,4,NA,NA,NA,NA,NA,NA,NA,NA,NA,NA,NA,NA,NA,NA,NA
8,,False,multiplicative,,4,4,32,0.2,20,0.746666669845581,0.23090659081935883,0.001,64,1,4,NA,NA,NA,NA,NA,NA,NA,NA,NA,NA,NA,NA,NA,NA,NA
9,,False,multiplicative,,4,4,32,0.2,20,0.7833333611488342,0.17855215072631836,0.001,64,1,4,NA,NA,NA,NA,NA,NA,NA,NA,NA,NA,NA,NA,NA,NA,NA
10,,False,multiplicative,,4,4,32,0.2,20,0.7983333468437195,0.15005652606487274,0.001,64,1,4,NA,NA,NA,NA,NA,NA,NA,NA,NA,NA,NA,NA,NA,NA,NA
11,,False,multiplicative,,4,4,32,0.2,20,0.9233333468437195,0.12669412791728973,0.001,64,1,4,NA,NA,NA,NA,NA,NA,NA,NA,NA,NA,NA,NA,NA,NA,NA
12,,False,multiplicative,,4,4,32,0.2,20,0.9066665768623352,0.14074605703353882,0.001,64,1,4,NA,NA,NA,NA,NA,NA,NA,NA,NA,NA,NA,NA,NA,NA,NA
13,,False,multiplicative,,4,4,32,0.2,20,0.8011904954910278,0.1529741883277893,0.001,64,1,4,NA,NA,NA,NA,NA,NA,NA,NA,NA,NA,NA,NA,NA,NA,NA
14,,False,multiplicative,,4,4,32,0.2,20,0.8066666722297668,0.10345213860273361,0.001,64,1,4,NA,NA,NA,NA,NA,NA,NA,NA,NA,NA,NA,NA,NA,NA,NA
0,,False,multiplicative,,4,4,32,0.2,20,0.18833331763744354,0.6725287437438965,0.001,64,2,4,NA,NA,NA,NA,NA,NA,NA,NA,NA,NA,NA,NA,NA,NA,NA
1,,False,multiplicative,,4,4,32,0.2,20,0.5616666674613953,0.5647034049034119,0.001,64,2,4,NA,NA,NA,NA,NA,NA,NA,NA,NA,NA,NA,NA,NA,NA,NA
2,,False,multiplicative,,4,4,32,0.2,20,0.5166666507720947,0.4443477392196655,0.001,64,2,4,NA,NA,NA,NA,NA,NA,NA,NA,NA,NA,NA,NA,NA,NA,NA
3,,False,multiplicative,,4,4,32,0.2,20,0.6466666460037231,0.3584316670894623,0.001,64,2,4,NA,NA,NA,NA,NA,NA,NA,NA,NA,NA,NA,NA,NA,NA,NA
4,,False,multiplicative,,4,4,32,0.2,20,0.666190505027771,0.28366735577583313,0.001,64,2,4,NA,NA,NA,NA,NA,NA,NA,NA,NA,NA,NA,NA,NA,NA,NA
5,,False,multiplicative,,4,4,32,0.2,20,0.7828571796417236,0.21222496032714844,0.001,64,2,4,NA,NA,NA,NA,NA,NA,NA,NA,NA,NA,NA,NA,NA,NA,NA
6,,False,multiplicative,,4,4,32,0.2,20,0.8428570628166199,0.16594141721725464,0.001,64,2,4,NA,NA,NA,NA,NA,NA,NA,NA,NA,NA,NA,NA,NA,NA,NA
7,,False,multiplicative,,4,4,32,0.2,20,0.8500000238418579,0.09530564397573471,0.001,64,2,4,NA,NA,NA,NA,NA,NA,NA,NA,NA,NA,NA,NA,NA,NA,NA
8,,False,multiplicative,,4,4,32,0.2,20,0.7733333706855774,0.09724140912294388,0.001,64,2,4,NA,NA,NA,NA,NA,NA,NA,NA,NA,NA,NA,NA,NA,NA,NA
9,,False,multiplicative,,4,4,32,0.2,20,0.8833333849906921,0.0809435024857521,0.001,64,2,4,NA,NA,NA,NA,NA,NA,NA,NA,NA,NA,NA,NA,NA,NA,NA
10,,False,multiplicative,,4,4,32,0.2,20,0.800000011920929,0.0963115394115448,0.001,64,2,4,NA,NA,NA,NA,NA,NA,NA,NA,NA,NA,NA,NA,NA,NA,NA
11,,False,multiplicative,,4,4,32,0.2,20,0.8833333253860474,0.07818789035081863,0.001,64,2,4,NA,NA,NA,NA,NA,NA,NA,NA,NA,NA,NA,NA,NA,NA,NA
12,,False,multiplicative,,4,4,32,0.2,20,0.8399999737739563,0.0781022384762764,0.001,64,2,4,NA,NA,NA,NA,NA,NA,NA,NA,NA,NA,NA,NA,NA,NA,NA
0,,False,multiplicative,,4,4,32,0.2,20,0.3149999678134918,0.7404120564460754,0.001,64,3,4,NA,NA,NA,NA,NA,NA,NA,NA,NA,NA,NA,NA,NA,NA,NA
1,,False,multiplicative,,4,4,32,0.2,20,0.5066666603088379,0.6047776341438293,0.001,64,3,4,NA,NA,NA,NA,NA,NA,NA,NA,NA,NA,NA,NA,NA,NA,NA
2,,False,multiplicative,,4,4,32,0.2,20,0.4366666376590729,0.5836102366447449,0.001,64,3,4,NA,NA,NA,NA,NA,NA,NA,NA,NA,NA,NA,NA,NA,NA,NA
3,,False,multiplicative,,4,4,32,0.2,20,0.5049999952316284,0.4925651550292969,0.001,64,3,4,NA,NA,NA,NA,NA,NA,NA,NA,NA,NA,NA,NA,NA,NA,NA
4,,False,multiplicative,,4,4,32,0.2,20,0.6528571844100952,0.43574851751327515,0.001,64,3,4,NA,NA,NA,NA,NA,NA,NA,NA,NA,NA,NA,NA,NA,NA,NA
5,,False,multiplicative,,4,4,32,0.2,20,0.7428570985794067,0.3920319378376007,0.001,64,3,4,NA,NA,NA,NA,NA,NA,NA,NA,NA,NA,NA,NA,NA,NA,NA
6,,False,multiplicative,,4,4,32,0.2,20,0.6845237612724304,0.3621121942996979,0.001,64,3,4,NA,NA,NA,NA,NA,NA,NA,NA,NA,NA,NA,NA,NA,NA,NA
7,,False,multiplicative,,4,4,32,0.2,20,0.7299999594688416,0.28431734442710876,0.001,64,3,4,NA,NA,NA,NA,NA,NA,NA,NA,NA,NA,NA,NA,NA,NA,NA
8,,False,multiplicative,,4,4,32,0.2,20,0.7566666603088379,0.24302734434604645,0.001,64,3,4,NA,NA,NA,NA,NA,NA,NA,NA,NA,NA,NA,NA,NA,NA,NA
9,,False,multiplicative,,4,4,32,0.2,20,0.7633333206176758,0.21035796403884888,0.001,64,3,4,NA,NA,NA,NA,NA,NA,NA,NA,NA,NA,NA,NA,NA,NA,NA
10,,False,multiplicative,,4,4,32,0.2,20,0.7233332991600037,0.17784945666790009,0.001,64,3,4,NA,NA,NA,NA,NA,NA,NA,NA,NA,NA,NA,NA,NA,NA,NA
11,,False,multiplicative,,4,4,32,0.2,20,0.9299999475479126,0.12693940103054047,0.001,64,3,4,NA,NA,NA,NA,NA,NA,NA,NA,NA,NA,NA,NA,NA,NA,NA
12,,False,multiplicative,,4,4,32,0.2,20,0.8333333134651184,0.1126791387796402,0.001,64,3,4,NA,NA,NA,NA,NA,NA,NA,NA,NA,NA,NA,NA,NA,NA,NA
13,,False,multiplicative,,4,4,32,0.2,20,0.8833333253860474,0.09084764868021011,0.001,64,3,4,NA,NA,NA,NA,NA,NA,NA,NA,NA,NA,NA,NA,NA,NA,NA
14,,False,multiplicative,,4,4,32,0.2,20,0.8333333134651184,0.09934822469949722,0.001,64,3,4,NA,NA,NA,NA,NA,NA,NA,NA,NA,NA,NA,NA,NA,NA,NA
0,,False,multiplicative,,4,4,32,0.2,20,0.33666664361953735,0.7199873924255371,0.001,64,0,5,NA,NA,NA,NA,NA,NA,NA,NA,NA,NA,NA,NA,NA,NA,NA
1,,False,multiplicative,,4,4,32,0.2,20,0.5328571200370789,0.5988501906394958,0.001,64,0,5,NA,NA,NA,NA,NA,NA,NA,NA,NA,NA,NA,NA,NA,NA,NA
2,,False,multiplicative,,4,4,32,0.2,20,0.6633333563804626,0.5572433471679688,0.001,64,0,5,NA,NA,NA,NA,NA,NA,NA,NA,NA,NA,NA,NA,NA,NA,NA
3,,False,multiplicative,,4,4,32,0.2,20,0.5795238018035889,0.4681200683116913,0.001,64,0,5,NA,NA,NA,NA,NA,NA,NA,NA,NA,NA,NA,NA,NA,NA,NA
4,,False,multiplicative,,4,4,32,0.2,20,0.5578571557998657,0.4364207983016968,0.001,64,0,5,NA,NA,NA,NA,NA,NA,NA,NA,NA,NA,NA,NA,NA,NA,NA
5,,False,multiplicative,,4,4,32,0.2,20,0.6466666460037231,0.37914472818374634,0.001,64,0,5,NA,NA,NA,NA,NA,NA,NA,NA,NA,NA,NA,NA,NA,NA,NA
0,,False,multiplicative,,4,4,32,0.2,20,0.3328571021556854,0.716664731502533,0.001,64,1,5,NA,NA,NA,NA,NA,NA,NA,NA,NA,NA,NA,NA,NA,NA,NA
1,,False,multiplicative,,4,4,32,0.2,20,0.3333333134651184,0.6852097511291504,0.001,64,1,5,NA,NA,NA,NA,NA,NA,NA,NA,NA,NA,NA,NA,NA,NA,NA
2,,False,multiplicative,,4,4,32,0.2,20,0.30000001192092896,0.6349214911460876,0.001,64,1,5,NA,NA,NA,NA,NA,NA,NA,NA,NA,NA,NA,NA,NA,NA,NA
3,,False,multiplicative,,4,4,32,0.2,20,0.5149999856948853,0.5730981230735779,0.001,64,1,5,NA,NA,NA,NA,NA,NA,NA,NA,NA,NA,NA,NA,NA,NA,NA
4,,False,multiplicative,,4,4,32,0.2,20,0.572857141494751,0.577022135257721,0.001,64,1,5,NA,NA,NA,NA,NA,NA,NA,NA,NA,NA,NA,NA,NA,NA,NA
5,,False,multiplicative,,4,4,32,0.2,20,0.54666668176651,0.5096688270568848,0.001,64,1,5,NA,NA,NA,NA,NA,NA,NA,NA,NA,NA,NA,NA,NA,NA,NA
6,,False,multiplicative,,4,4,32,0.2,20,0.6050000190734863,0.4947390854358673,0.001,64,1,5,NA,NA,NA,NA,NA,NA,NA,NA,NA,NA,NA,NA,NA,NA,NA
7,,False,multiplicative,,4,4,32,0.2,20,0.6245238184928894,0.49275434017181396,0.001,64,1,5,NA,NA,NA,NA,NA,NA,NA,NA,NA,NA,NA,NA,NA,NA,NA
8,,False,multiplicative,,4,4,32,0.2,20,0.550000011920929,0.43442302942276,0.001,64,1,5,NA,NA,NA,NA,NA,NA,NA,NA,NA,NA,NA,NA,NA,NA,NA
9,,False,multiplicative,,4,4,32,0.2,20,0.621666669845581,0.38768094778060913,0.001,64,1,5,NA,NA,NA,NA,NA,NA,NA,NA,NA,NA,NA,NA,NA,NA,NA
10,,False,multiplicative,,4,4,32,0.2,20,0.7050000429153442,0.3369372487068176,0.001,64,1,5,NA,NA,NA,NA,NA,NA,NA,NA,NA,NA,NA,NA,NA,NA,NA
11,,False,multiplicative,,4,4,32,0.2,20,0.7395237684249878,0.3326922059059143,0.001,64,1,5,NA,NA,NA,NA,NA,NA,NA,NA,NA,NA,NA,NA,NA,NA,NA
12,,False,multiplicative,,4,4,32,0.2,20,0.7495238184928894,0.3381926417350769,0.001,64,1,5,NA,NA,NA,NA,NA,NA,NA,NA,NA,NA,NA,NA,NA,NA,NA
13,,False,multiplicative,,4,4,32,0.2,20,0.6800000071525574,0.3089525103569031,0.001,64,1,5,NA,NA,NA,NA,NA,NA,NA,NA,NA,NA,NA,NA,NA,NA,NA
14,,False,multiplicative,,4,4,32,0.2,20,0.741190493106842,0.2368422895669937,0.001,64,1,5,NA,NA,NA,NA,NA,NA,NA,NA,NA,NA,NA,NA,NA,NA,NA
15,,False,multiplicative,,4,4,32,0.2,20,0.7961905002593994,0.25525999069213867,0.001,64,1,5,NA,NA,NA,NA,NA,NA,NA,NA,NA,NA,NA,NA,NA,NA,NA
16,,False,multiplicative,,4,4,32,0.2,20,0.6466666460037231,0.2874790132045746,0.001,64,1,5,NA,NA,NA,NA,NA,NA,NA,NA,NA,NA,NA,NA,NA,NA,NA
17,,False,multiplicative,,4,4,32,0.2,20,0.8300000429153442,0.22011442482471466,0.001,64,1,5,NA,NA,NA,NA,NA,NA,NA,NA,NA,NA,NA,NA,NA,NA,NA
18,,False,multiplicative,,4,4,32,0.2,20,0.7599999904632568,0.24573718011379242,0.001,64,1,5,NA,NA,NA,NA,NA,NA,NA,NA,NA,NA,NA,NA,NA,NA,NA
19,,False,multiplicative,,4,4,32,0.2,20,0.6995238065719604,0.19540467858314514,0.001,64,1,5,NA,NA,NA,NA,NA,NA,NA,NA,NA,NA,NA,NA,NA,NA,NA
0,,False,multiplicative,,4,4,32,0.2,20,0.3628571331501007,0.7352657318115234,0.001,64,2,5,NA,NA,NA,NA,NA,NA,NA,NA,NA,NA,NA,NA,NA,NA,NA
1,,False,multiplicative,,4,4,32,0.2,20,0.5295237898826599,0.6496551632881165,0.001,64,2,5,NA,NA,NA,NA,NA,NA,NA,NA,NA,NA,NA,NA,NA,NA,NA
2,,False,multiplicative,,4,4,32,0.2,20,0.5916666388511658,0.5792974233627319,0.001,64,2,5,NA,NA,NA,NA,NA,NA,NA,NA,NA,NA,NA,NA,NA,NA,NA
3,,False,multiplicative,,4,4,32,0.2,20,0.5566666722297668,0.5565351843833923,0.001,64,2,5,NA,NA,NA,NA,NA,NA,NA,NA,NA,NA,NA,NA,NA,NA,NA
4,,False,multiplicative,,4,4,32,0.2,20,0.4411904215812683,0.5295177698135376,0.001,64,2,5,NA,NA,NA,NA,NA,NA,NA,NA,NA,NA,NA,NA,NA,NA,NA
5,,False,multiplicative,,4,4,32,0.2,20,0.5749999284744263,0.5004609823226929,0.001,64,2,5,NA,NA,NA,NA,NA,NA,NA,NA,NA,NA,NA,NA,NA,NA,NA
0,,False,multiplicative,,4,4,32,0.2,20,0.24166664481163025,0.6939411759376526,0.001,64,3,5,NA,NA,NA,NA,NA,NA,NA,NA,NA,NA,NA,NA,NA,NA,NA
1,,False,multiplicative,,4,4,32,0.2,20,0.5566666722297668,0.665313720703125,0.001,64,3,5,NA,NA,NA,NA,NA,NA,NA,NA,NA,NA,NA,NA,NA,NA,NA
2,,False,multiplicative,,4,4,32,0.2,20,0.5249999761581421,0.5995460152626038,0.001,64,3,5,NA,NA,NA,NA,NA,NA,NA,NA,NA,NA,NA,NA,NA,NA,NA
3,,False,multiplicative,,4,4,32,0.2,20,0.5657142996788025,0.5239421725273132,0.001,64,3,5,NA,NA,NA,NA,NA,NA,NA,NA,NA,NA,NA,NA,NA,NA,NA
4,,False,multiplicative,,4,4,32,0.2,20,0.5449999570846558,0.47568923234939575,0.001,64,3,5,NA,NA,NA,NA,NA,NA,NA,NA,NA,NA,NA,NA,NA,NA,NA
5,,False,multiplicative,,4,4,32,0.2,20,0.5907143354415894,0.45449402928352356,0.001,64,3,5,NA,NA,NA,NA,NA,NA,NA,NA,NA,NA,NA,NA,NA,NA,NA
6,,False,multiplicative,,4,4,32,0.2,20,0.6461904644966125,0.41139793395996094,0.001,64,3,5,NA,NA,NA,NA,NA,NA,NA,NA,NA,NA,NA,NA,NA,NA,NA
7,,False,multiplicative,,4,4,32,0.2,20,0.6899999380111694,0.37879759073257446,0.001,64,3,5,NA,NA,NA,NA,NA,NA,NA,NA,NA,NA,NA,NA,NA,NA,NA
8,,False,multiplicative,,4,4,32,0.2,20,0.6616666913032532,0.31769704818725586,0.001,64,3,5,NA,NA,NA,NA,NA,NA,NA,NA,NA,NA,NA,NA,NA,NA,NA
9,,False,multiplicative,,4,4,32,0.2,20,0.6561904549598694,0.28701475262641907,0.001,64,3,5,NA,NA,NA,NA,NA,NA,NA,NA,NA,NA,NA,NA,NA,NA,NA
10,,False,multiplicative,,4,4,32,0.2,20,0.7016667127609253,0.27734172344207764,0.001,64,3,5,NA,NA,NA,NA,NA,NA,NA,NA,NA,NA,NA,NA,NA,NA,NA
11,,False,multiplicative,,4,4,32,0.2,20,0.7883333563804626,0.25801998376846313,0.001,64,3,5,NA,NA,NA,NA,NA,NA,NA,NA,NA,NA,NA,NA,NA,NA,NA
12,,False,multiplicative,,4,4,32,0.2,20,0.6357142329216003,0.3471069037914276,0.001,64,3,5,NA,NA,NA,NA,NA,NA,NA,NA,NA,NA,NA,NA,NA,NA,NA
13,,False,multiplicative,,4,4,32,0.2,20,0.7066665887832642,0.3179329037666321,0.001,64,3,5,NA,NA,NA,NA,NA,NA,NA,NA,NA,NA,NA,NA,NA,NA,NA
14,,False,multiplicative,,4,4,32,0.2,20,0.6228572130203247,0.2866520881652832,0.001,64,3,5,NA,NA,NA,NA,NA,NA,NA,NA,NA,NA,NA,NA,NA,NA,NA
