epoch,att_act,att_hist,att_type,att_units,att_window,batch_size,dense_units,dropout,epochs,keras_f1_score,loss,lr,lstm_units,ofold,task,val_att_act,val_att_hist,val_att_type,val_att_units,val_att_window,val_batch_size,val_dense_units,val_dropout,val_epochs,val_keras_f1_score,val_loss,val_lr,val_lstm_units,val_ofold,val_task
0,,False,multiplicative,,4,4,32,0.2,20,0.24160397052764893,0.808082103729248,0.001,64,0,1,NA,NA,NA,NA,NA,NA,NA,NA,NA,NA,NA,NA,NA,NA,NA
1,,False,multiplicative,,4,4,32,0.2,20,0.15789471566677094,0.7283381819725037,0.001,64,0,1,NA,NA,NA,NA,NA,NA,NA,NA,NA,NA,NA,NA,NA,NA,NA
2,,False,multiplicative,,4,4,32,0.2,20,0.46967417001724243,0.6518773436546326,0.001,64,0,1,NA,NA,NA,NA,NA,NA,NA,NA,NA,NA,NA,NA,NA,NA,NA
3,,False,multiplicative,,4,4,32,0.2,20,0.25789469480514526,0.609740674495697,0.001,64,0,1,NA,NA,NA,NA,NA,NA,NA,NA,NA,NA,NA,NA,NA,NA,NA
4,,False,multiplicative,,4,4,32,0.2,20,0.35087716579437256,0.5611493587493896,0.001,64,0,1,NA,NA,NA,NA,NA,NA,NA,NA,NA,NA,NA,NA,NA,NA,NA
5,,False,multiplicative,,4,4,32,0.2,20,0.5912280678749084,0.5011563897132874,0.001,64,0,1,NA,NA,NA,NA,NA,NA,NA,NA,NA,NA,NA,NA,NA,NA,NA
6,,False,multiplicative,,4,4,32,0.2,20,0.659649133682251,0.45214417576789856,0.001,64,0,1,NA,NA,NA,NA,NA,NA,NA,NA,NA,NA,NA,NA,NA,NA,NA
7,,False,multiplicative,,4,4,32,0.2,20,0.6714285612106323,0.3941614329814911,0.001,64,0,1,NA,NA,NA,NA,NA,NA,NA,NA,NA,NA,NA,NA,NA,NA,NA
8,,False,multiplicative,,4,4,32,0.2,20,0.7140350341796875,0.3797512948513031,0.001,64,0,1,NA,NA,NA,NA,NA,NA,NA,NA,NA,NA,NA,NA,NA,NA,NA
9,,False,multiplicative,,4,4,32,0.2,20,0.8837092518806458,0.30629217624664307,0.001,64,0,1,NA,NA,NA,NA,NA,NA,NA,NA,NA,NA,NA,NA,NA,NA,NA
10,,False,multiplicative,,4,4,32,0.2,20,0.6824561357498169,0.2627325654029846,0.001,64,0,1,NA,NA,NA,NA,NA,NA,NA,NA,NA,NA,NA,NA,NA,NA,NA
11,,False,multiplicative,,4,4,32,0.2,20,0.7538846731185913,0.21962928771972656,0.001,64,0,1,NA,NA,NA,NA,NA,NA,NA,NA,NA,NA,NA,NA,NA,NA,NA
12,,False,multiplicative,,4,4,32,0.2,20,0.7819549441337585,0.1826966255903244,0.001,64,0,1,NA,NA,NA,NA,NA,NA,NA,NA,NA,NA,NA,NA,NA,NA,NA
0,,False,multiplicative,,4,4,32,0.2,20,0.34285712242126465,0.7649552822113037,0.001,64,1,1,NA,NA,NA,NA,NA,NA,NA,NA,NA,NA,NA,NA,NA,NA,NA
1,,False,multiplicative,,4,4,32,0.2,20,0.16491225361824036,0.6565082669258118,0.001,64,1,1,NA,NA,NA,NA,NA,NA,NA,NA,NA,NA,NA,NA,NA,NA,NA
2,,False,multiplicative,,4,4,32,0.2,20,0.3894736170768738,0.6136692762374878,0.001,64,1,1,NA,NA,NA,NA,NA,NA,NA,NA,NA,NA,NA,NA,NA,NA,NA
3,,False,multiplicative,,4,4,32,0.2,20,0.39824557304382324,0.5497109889984131,0.001,64,1,1,NA,NA,NA,NA,NA,NA,NA,NA,NA,NA,NA,NA,NA,NA,NA
4,,False,multiplicative,,4,4,32,0.2,20,0.49824559688568115,0.49066227674484253,0.001,64,1,1,NA,NA,NA,NA,NA,NA,NA,NA,NA,NA,NA,NA,NA,NA,NA
5,,False,multiplicative,,4,4,32,0.2,20,0.468421071767807,0.3866726756095886,0.001,64,1,1,NA,NA,NA,NA,NA,NA,NA,NA,NA,NA,NA,NA,NA,NA,NA
6,,False,multiplicative,,4,4,32,0.2,20,0.5684210062026978,0.3280576169490814,0.001,64,1,1,NA,NA,NA,NA,NA,NA,NA,NA,NA,NA,NA,NA,NA,NA,NA
7,,False,multiplicative,,4,4,32,0.2,20,0.6140350699424744,0.3001251816749573,0.001,64,1,1,NA,NA,NA,NA,NA,NA,NA,NA,NA,NA,NA,NA,NA,NA,NA
8,,False,multiplicative,,4,4,32,0.2,20,0.5263158082962036,0.27133774757385254,0.001,64,1,1,NA,NA,NA,NA,NA,NA,NA,NA,NA,NA,NA,NA,NA,NA,NA
9,,False,multiplicative,,4,4,32,0.2,20,0.6122807264328003,0.2378559410572052,0.001,64,1,1,NA,NA,NA,NA,NA,NA,NA,NA,NA,NA,NA,NA,NA,NA,NA
10,,False,multiplicative,,4,4,32,0.2,20,0.6561403274536133,0.21874240040779114,0.001,64,1,1,NA,NA,NA,NA,NA,NA,NA,NA,NA,NA,NA,NA,NA,NA,NA
11,,False,multiplicative,,4,4,32,0.2,20,0.5754385590553284,0.211078941822052,0.001,64,1,1,NA,NA,NA,NA,NA,NA,NA,NA,NA,NA,NA,NA,NA,NA,NA
12,,False,multiplicative,,4,4,32,0.2,20,0.7701753973960876,0.19339831173419952,0.001,64,1,1,NA,NA,NA,NA,NA,NA,NA,NA,NA,NA,NA,NA,NA,NA,NA
13,,False,multiplicative,,4,4,32,0.2,20,0.7100250124931335,0.17277659475803375,0.001,64,1,1,NA,NA,NA,NA,NA,NA,NA,NA,NA,NA,NA,NA,NA,NA,NA
14,,False,multiplicative,,4,4,32,0.2,20,0.6438596844673157,0.16308557987213135,0.001,64,1,1,NA,NA,NA,NA,NA,NA,NA,NA,NA,NA,NA,NA,NA,NA,NA
15,,False,multiplicative,,4,4,32,0.2,20,0.9087719321250916,0.15374374389648438,0.001,64,1,1,NA,NA,NA,NA,NA,NA,NA,NA,NA,NA,NA,NA,NA,NA,NA
16,,False,multiplicative,,4,4,32,0.2,20,0.7333332896232605,0.15123488008975983,0.001,64,1,1,NA,NA,NA,NA,NA,NA,NA,NA,NA,NA,NA,NA,NA,NA,NA
17,,False,multiplicative,,4,4,32,0.2,20,0.7789473533630371,0.14289551973342896,0.001,64,1,1,NA,NA,NA,NA,NA,NA,NA,NA,NA,NA,NA,NA,NA,NA,NA
18,,False,multiplicative,,4,4,32,0.2,20,0.8684210777282715,0.14440689980983734,0.001,64,1,1,NA,NA,NA,NA,NA,NA,NA,NA,NA,NA,NA,NA,NA,NA,NA
0,,False,multiplicative,,4,4,32,0.2,20,0.13508769869804382,0.7694770097732544,0.001,64,2,1,NA,NA,NA,NA,NA,NA,NA,NA,NA,NA,NA,NA,NA,NA,NA
1,,False,multiplicative,,4,4,32,0.2,20,0.4385964870452881,0.6680395007133484,0.001,64,2,1,NA,NA,NA,NA,NA,NA,NA,NA,NA,NA,NA,NA,NA,NA,NA
2,,False,multiplicative,,4,4,32,0.2,20,0.435087651014328,0.5996060371398926,0.001,64,2,1,NA,NA,NA,NA,NA,NA,NA,NA,NA,NA,NA,NA,NA,NA,NA
3,,False,multiplicative,,4,4,32,0.2,20,0.5754386186599731,0.4880908727645874,0.001,64,2,1,NA,NA,NA,NA,NA,NA,NA,NA,NA,NA,NA,NA,NA,NA,NA
4,,False,multiplicative,,4,4,32,0.2,20,0.5473684072494507,0.4783207178115845,0.001,64,2,1,NA,NA,NA,NA,NA,NA,NA,NA,NA,NA,NA,NA,NA,NA,NA
5,,False,multiplicative,,4,4,32,0.2,20,0.7187970280647278,0.3752512037754059,0.001,64,2,1,NA,NA,NA,NA,NA,NA,NA,NA,NA,NA,NA,NA,NA,NA,NA
6,,False,multiplicative,,4,4,32,0.2,20,0.7596490979194641,0.2812543213367462,0.001,64,2,1,NA,NA,NA,NA,NA,NA,NA,NA,NA,NA,NA,NA,NA,NA,NA
7,,False,multiplicative,,4,4,32,0.2,20,0.8561403155326843,0.17552870512008667,0.001,64,2,1,NA,NA,NA,NA,NA,NA,NA,NA,NA,NA,NA,NA,NA,NA,NA
8,,False,multiplicative,,4,4,32,0.2,20,0.7889723777770996,0.1646425724029541,0.001,64,2,1,NA,NA,NA,NA,NA,NA,NA,NA,NA,NA,NA,NA,NA,NA,NA
9,,False,multiplicative,,4,4,32,0.2,20,0.761403501033783,0.11431793123483658,0.001,64,2,1,NA,NA,NA,NA,NA,NA,NA,NA,NA,NA,NA,NA,NA,NA,NA
10,,False,multiplicative,,4,4,32,0.2,20,1.0,0.06809588521718979,0.001,64,2,1,NA,NA,NA,NA,NA,NA,NA,NA,NA,NA,NA,NA,NA,NA,NA
11,,False,multiplicative,,4,4,32,0.2,20,0.9473684430122375,0.047062020748853683,0.001,64,2,1,NA,NA,NA,NA,NA,NA,NA,NA,NA,NA,NA,NA,NA,NA,NA
12,,False,multiplicative,,4,4,32,0.2,20,0.7894736528396606,0.03325860574841499,0.001,64,2,1,NA,NA,NA,NA,NA,NA,NA,NA,NA,NA,NA,NA,NA,NA,NA
13,,False,multiplicative,,4,4,32,0.2,20,0.9473684430122375,0.03165532276034355,0.001,64,2,1,NA,NA,NA,NA,NA,NA,NA,NA,NA,NA,NA,NA,NA,NA,NA
0,,False,multiplicative,,4,4,32,0.2,20,0.1087719276547432,0.6990973949432373,0.001,64,3,1,NA,NA,NA,NA,NA,NA,NA,NA,NA,NA,NA,NA,NA,NA,NA
1,,False,multiplicative,,4,4,32,0.2,20,0.2994987368583679,0.6957051157951355,0.001,64,3,1,NA,NA,NA,NA,NA,NA,NA,NA,NA,NA,NA,NA,NA,NA,NA
2,,False,multiplicative,,4,4,32,0.2,20,0.44385960698127747,0.5948148369789124,0.001,64,3,1,NA,NA,NA,NA,NA,NA,NA,NA,NA,NA,NA,NA,NA,NA,NA
3,,False,multiplicative,,4,4,32,0.2,20,0.47669169306755066,0.5607671141624451,0.001,64,3,1,NA,NA,NA,NA,NA,NA,NA,NA,NA,NA,NA,NA,NA,NA,NA
4,,False,multiplicative,,4,4,32,0.2,20,0.4982455372810364,0.4922431409358978,0.001,64,3,1,NA,NA,NA,NA,NA,NA,NA,NA,NA,NA,NA,NA,NA,NA,NA
5,,False,multiplicative,,4,4,32,0.2,20,0.5017544031143188,0.4393170177936554,0.001,64,3,1,NA,NA,NA,NA,NA,NA,NA,NA,NA,NA,NA,NA,NA,NA,NA
6,,False,multiplicative,,4,4,32,0.2,20,0.6210525631904602,0.36577627062797546,0.001,64,3,1,NA,NA,NA,NA,NA,NA,NA,NA,NA,NA,NA,NA,NA,NA,NA
7,,False,multiplicative,,4,4,32,0.2,20,0.6561402678489685,0.34192603826522827,0.001,64,3,1,NA,NA,NA,NA,NA,NA,NA,NA,NA,NA,NA,NA,NA,NA,NA
8,,False,multiplicative,,4,4,32,0.2,20,0.680200457572937,0.3064059913158417,0.001,64,3,1,NA,NA,NA,NA,NA,NA,NA,NA,NA,NA,NA,NA,NA,NA,NA
9,,False,multiplicative,,4,4,32,0.2,20,0.7854636907577515,0.2707799971103668,0.001,64,3,1,NA,NA,NA,NA,NA,NA,NA,NA,NA,NA,NA,NA,NA,NA,NA
10,,False,multiplicative,,4,4,32,0.2,20,0.6731829643249512,0.244157612323761,0.001,64,3,1,NA,NA,NA,NA,NA,NA,NA,NA,NA,NA,NA,NA,NA,NA,NA
11,,False,multiplicative,,4,4,32,0.2,20,0.7964912056922913,0.20283286273479462,0.001,64,3,1,NA,NA,NA,NA,NA,NA,NA,NA,NA,NA,NA,NA,NA,NA,NA
12,,False,multiplicative,,4,4,32,0.2,20,0.8872179985046387,0.17335325479507446,0.001,64,3,1,NA,NA,NA,NA,NA,NA,NA,NA,NA,NA,NA,NA,NA,NA,NA
13,,False,multiplicative,,4,4,32,0.2,20,0.8315789699554443,0.1563601791858673,0.001,64,3,1,NA,NA,NA,NA,NA,NA,NA,NA,NA,NA,NA,NA,NA,NA,NA
14,,False,multiplicative,,4,4,32,0.2,20,0.761403501033783,0.13792510330677032,0.001,64,3,1,NA,NA,NA,NA,NA,NA,NA,NA,NA,NA,NA,NA,NA,NA,NA
15,,False,multiplicative,,4,4,32,0.2,20,0.8696740865707397,0.11880581080913544,0.001,64,3,1,NA,NA,NA,NA,NA,NA,NA,NA,NA,NA,NA,NA,NA,NA,NA
0,,False,multiplicative,,4,4,32,0.2,20,0.3266666531562805,0.7743555903434753,0.001,64,0,2,NA,NA,NA,NA,NA,NA,NA,NA,NA,NA,NA,NA,NA,NA,NA
1,,False,multiplicative,,4,4,32,0.2,20,0.26666662096977234,0.6740399599075317,0.001,64,0,2,NA,NA,NA,NA,NA,NA,NA,NA,NA,NA,NA,NA,NA,NA,NA
2,,False,multiplicative,,4,4,32,0.2,20,0.2983333170413971,0.6800563335418701,0.001,64,0,2,NA,NA,NA,NA,NA,NA,NA,NA,NA,NA,NA,NA,NA,NA,NA
3,,False,multiplicative,,4,4,32,0.2,20,0.4249999523162842,0.6379852294921875,0.001,64,0,2,NA,NA,NA,NA,NA,NA,NA,NA,NA,NA,NA,NA,NA,NA,NA
4,,False,multiplicative,,4,4,32,0.2,20,0.5083332657814026,0.5898329615592957,0.001,64,0,2,NA,NA,NA,NA,NA,NA,NA,NA,NA,NA,NA,NA,NA,NA,NA
5,,False,multiplicative,,4,4,32,0.2,20,0.5549999475479126,0.532526433467865,0.001,64,0,2,NA,NA,NA,NA,NA,NA,NA,NA,NA,NA,NA,NA,NA,NA,NA
6,,False,multiplicative,,4,4,32,0.2,20,0.5161904096603394,0.46915239095687866,0.001,64,0,2,NA,NA,NA,NA,NA,NA,NA,NA,NA,NA,NA,NA,NA,NA,NA
7,,False,multiplicative,,4,4,32,0.2,20,0.5099999904632568,0.4394466280937195,0.001,64,0,2,NA,NA,NA,NA,NA,NA,NA,NA,NA,NA,NA,NA,NA,NA,NA
8,,False,multiplicative,,4,4,32,0.2,20,0.5723809003829956,0.4056681990623474,0.001,64,0,2,NA,NA,NA,NA,NA,NA,NA,NA,NA,NA,NA,NA,NA,NA,NA
9,,False,multiplicative,,4,4,32,0.2,20,0.6650000214576721,0.33862876892089844,0.001,64,0,2,NA,NA,NA,NA,NA,NA,NA,NA,NA,NA,NA,NA,NA,NA,NA
10,,False,multiplicative,,4,4,32,0.2,20,0.7161904573440552,0.2943919897079468,0.001,64,0,2,NA,NA,NA,NA,NA,NA,NA,NA,NA,NA,NA,NA,NA,NA,NA
11,,False,multiplicative,,4,4,32,0.2,20,0.6066666841506958,0.2867416441440582,0.001,64,0,2,NA,NA,NA,NA,NA,NA,NA,NA,NA,NA,NA,NA,NA,NA,NA
12,,False,multiplicative,,4,4,32,0.2,20,0.7900000214576721,0.22141297161579132,0.001,64,0,2,NA,NA,NA,NA,NA,NA,NA,NA,NA,NA,NA,NA,NA,NA,NA
13,,False,multiplicative,,4,4,32,0.2,20,0.6800000071525574,0.21866215765476227,0.001,64,0,2,NA,NA,NA,NA,NA,NA,NA,NA,NA,NA,NA,NA,NA,NA,NA
14,,False,multiplicative,,4,4,32,0.2,20,0.8661904335021973,0.18382130563259125,0.001,64,0,2,NA,NA,NA,NA,NA,NA,NA,NA,NA,NA,NA,NA,NA,NA,NA
15,,False,multiplicative,,4,4,32,0.2,20,0.8033332824707031,0.1890300065279007,0.001,64,0,2,NA,NA,NA,NA,NA,NA,NA,NA,NA,NA,NA,NA,NA,NA,NA
16,,False,multiplicative,,4,4,32,0.2,20,0.9328571557998657,0.14557448029518127,0.001,64,0,2,NA,NA,NA,NA,NA,NA,NA,NA,NA,NA,NA,NA,NA,NA,NA
17,,False,multiplicative,,4,4,32,0.2,20,0.7733333110809326,0.12882018089294434,0.001,64,0,2,NA,NA,NA,NA,NA,NA,NA,NA,NA,NA,NA,NA,NA,NA,NA
18,,False,multiplicative,,4,4,32,0.2,20,0.8733333349227905,0.11941112577915192,0.001,64,0,2,NA,NA,NA,NA,NA,NA,NA,NA,NA,NA,NA,NA,NA,NA,NA
19,,False,multiplicative,,4,4,32,0.2,20,0.7399999499320984,0.11534439027309418,0.001,64,0,2,NA,NA,NA,NA,NA,NA,NA,NA,NA,NA,NA,NA,NA,NA,NA
0,,False,multiplicative,,4,4,32,0.2,20,0.3399999737739563,0.7850573658943176,0.001,64,1,2,NA,NA,NA,NA,NA,NA,NA,NA,NA,NA,NA,NA,NA,NA,NA
1,,False,multiplicative,,4,4,32,0.2,20,0.47999995946884155,0.6414093375205994,0.001,64,1,2,NA,NA,NA,NA,NA,NA,NA,NA,NA,NA,NA,NA,NA,NA,NA
2,,False,multiplicative,,4,4,32,0.2,20,0.5066666603088379,0.584644079208374,0.001,64,1,2,NA,NA,NA,NA,NA,NA,NA,NA,NA,NA,NA,NA,NA,NA,NA
3,,False,multiplicative,,4,4,32,0.2,20,0.5395237803459167,0.5623908638954163,0.001,64,1,2,NA,NA,NA,NA,NA,NA,NA,NA,NA,NA,NA,NA,NA,NA,NA
4,,False,multiplicative,,4,4,32,0.2,20,0.6295238137245178,0.4983162581920624,0.001,64,1,2,NA,NA,NA,NA,NA,NA,NA,NA,NA,NA,NA,NA,NA,NA,NA
5,,False,multiplicative,,4,4,32,0.2,20,0.5007142424583435,0.4517316520214081,0.001,64,1,2,NA,NA,NA,NA,NA,NA,NA,NA,NA,NA,NA,NA,NA,NA,NA
6,,False,multiplicative,,4,4,32,0.2,20,0.6490475535392761,0.39541852474212646,0.001,64,1,2,NA,NA,NA,NA,NA,NA,NA,NA,NA,NA,NA,NA,NA,NA,NA
7,,False,multiplicative,,4,4,32,0.2,20,0.7016667127609253,0.35764408111572266,0.001,64,1,2,NA,NA,NA,NA,NA,NA,NA,NA,NA,NA,NA,NA,NA,NA,NA
8,,False,multiplicative,,4,4,32,0.2,20,0.7211904525756836,0.31862470507621765,0.001,64,1,2,NA,NA,NA,NA,NA,NA,NA,NA,NA,NA,NA,NA,NA,NA,NA
9,,False,multiplicative,,4,4,32,0.2,20,0.7161904573440552,0.2642330527305603,0.001,64,1,2,NA,NA,NA,NA,NA,NA,NA,NA,NA,NA,NA,NA,NA,NA,NA
10,,False,multiplicative,,4,4,32,0.2,20,0.6883333325386047,0.23152777552604675,0.001,64,1,2,NA,NA,NA,NA,NA,NA,NA,NA,NA,NA,NA,NA,NA,NA,NA
11,,False,multiplicative,,4,4,32,0.2,20,0.7866666913032532,0.2276693433523178,0.001,64,1,2,NA,NA,NA,NA,NA,NA,NA,NA,NA,NA,NA,NA,NA,NA,NA
12,,False,multiplicative,,4,4,32,0.2,20,0.8773809671401978,0.21226491034030914,0.001,64,1,2,NA,NA,NA,NA,NA,NA,NA,NA,NA,NA,NA,NA,NA,NA,NA
13,,False,multiplicative,,4,4,32,0.2,20,0.7733333110809326,0.21286289393901825,0.001,64,1,2,NA,NA,NA,NA,NA,NA,NA,NA,NA,NA,NA,NA,NA,NA,NA
14,,False,multiplicative,,4,4,32,0.2,20,0.8295237421989441,0.18196192383766174,0.001,64,1,2,NA,NA,NA,NA,NA,NA,NA,NA,NA,NA,NA,NA,NA,NA,NA
15,,False,multiplicative,,4,4,32,0.2,20,0.836190402507782,0.18343526124954224,0.001,64,1,2,NA,NA,NA,NA,NA,NA,NA,NA,NA,NA,NA,NA,NA,NA,NA
0,,False,multiplicative,,4,4,32,0.2,20,0.37333330512046814,0.7639303207397461,0.001,64,2,2,NA,NA,NA,NA,NA,NA,NA,NA,NA,NA,NA,NA,NA,NA,NA
1,,False,multiplicative,,4,4,32,0.2,20,0.507857084274292,0.6461976170539856,0.001,64,2,2,NA,NA,NA,NA,NA,NA,NA,NA,NA,NA,NA,NA,NA,NA,NA
2,,False,multiplicative,,4,4,32,0.2,20,0.38499996066093445,0.629603385925293,0.001,64,2,2,NA,NA,NA,NA,NA,NA,NA,NA,NA,NA,NA,NA,NA,NA,NA
3,,False,multiplicative,,4,4,32,0.2,20,0.6166666746139526,0.5911354422569275,0.001,64,2,2,NA,NA,NA,NA,NA,NA,NA,NA,NA,NA,NA,NA,NA,NA,NA
4,,False,multiplicative,,4,4,32,0.2,20,0.5550000071525574,0.5630043745040894,0.001,64,2,2,NA,NA,NA,NA,NA,NA,NA,NA,NA,NA,NA,NA,NA,NA,NA
5,,False,multiplicative,,4,4,32,0.2,20,0.6411904692649841,0.4873785376548767,0.001,64,2,2,NA,NA,NA,NA,NA,NA,NA,NA,NA,NA,NA,NA,NA,NA,NA
6,,False,multiplicative,,4,4,32,0.2,20,0.6850000023841858,0.4850284457206726,0.001,64,2,2,NA,NA,NA,NA,NA,NA,NA,NA,NA,NA,NA,NA,NA,NA,NA
7,,False,multiplicative,,4,4,32,0.2,20,0.786190390586853,0.40967023372650146,0.001,64,2,2,NA,NA,NA,NA,NA,NA,NA,NA,NA,NA,NA,NA,NA,NA,NA
8,,False,multiplicative,,4,4,32,0.2,20,0.7161904573440552,0.37510770559310913,0.001,64,2,2,NA,NA,NA,NA,NA,NA,NA,NA,NA,NA,NA,NA,NA,NA,NA
9,,False,multiplicative,,4,4,32,0.2,20,0.6366666555404663,0.36271607875823975,0.001,64,2,2,NA,NA,NA,NA,NA,NA,NA,NA,NA,NA,NA,NA,NA,NA,NA
10,,False,multiplicative,,4,4,32,0.2,20,0.6861904859542847,0.2795480191707611,0.001,64,2,2,NA,NA,NA,NA,NA,NA,NA,NA,NA,NA,NA,NA,NA,NA,NA
0,,False,multiplicative,,4,4,32,0.2,20,0.4166666567325592,0.7101944088935852,0.001,64,3,2,NA,NA,NA,NA,NA,NA,NA,NA,NA,NA,NA,NA,NA,NA,NA
1,,False,multiplicative,,4,4,32,0.2,20,0.27666664123535156,0.7180620431900024,0.001,64,3,2,NA,NA,NA,NA,NA,NA,NA,NA,NA,NA,NA,NA,NA,NA,NA
2,,False,multiplicative,,4,4,32,0.2,20,0.2933332920074463,0.6532997488975525,0.001,64,3,2,NA,NA,NA,NA,NA,NA,NA,NA,NA,NA,NA,NA,NA,NA,NA
3,,False,multiplicative,,4,4,32,0.2,20,0.5616666674613953,0.5980517268180847,0.001,64,3,2,NA,NA,NA,NA,NA,NA,NA,NA,NA,NA,NA,NA,NA,NA,NA
4,,False,multiplicative,,4,4,32,0.2,20,0.4511904716491699,0.5502418875694275,0.001,64,3,2,NA,NA,NA,NA,NA,NA,NA,NA,NA,NA,NA,NA,NA,NA,NA
5,,False,multiplicative,,4,4,32,0.2,20,0.5928571224212646,0.48337677121162415,0.001,64,3,2,NA,NA,NA,NA,NA,NA,NA,NA,NA,NA,NA,NA,NA,NA,NA
6,,False,multiplicative,,4,4,32,0.2,20,0.7583333253860474,0.37106168270111084,0.001,64,3,2,NA,NA,NA,NA,NA,NA,NA,NA,NA,NA,NA,NA,NA,NA,NA
7,,False,multiplicative,,4,4,32,0.2,20,0.7495238184928894,0.3325809836387634,0.001,64,3,2,NA,NA,NA,NA,NA,NA,NA,NA,NA,NA,NA,NA,NA,NA,NA
8,,False,multiplicative,,4,4,32,0.2,20,0.7416666746139526,0.37189221382141113,0.001,64,3,2,NA,NA,NA,NA,NA,NA,NA,NA,NA,NA,NA,NA,NA,NA,NA
9,,False,multiplicative,,4,4,32,0.2,20,0.7316666841506958,0.3312709629535675,0.001,64,3,2,NA,NA,NA,NA,NA,NA,NA,NA,NA,NA,NA,NA,NA,NA,NA
0,,False,multiplicative,,4,4,32,0.2,20,0.4205513894557953,0.7014528512954712,0.001,64,0,3,NA,NA,NA,NA,NA,NA,NA,NA,NA,NA,NA,NA,NA,NA,NA
1,,False,multiplicative,,4,4,32,0.2,20,0.6100250482559204,0.5832818150520325,0.001,64,0,3,NA,NA,NA,NA,NA,NA,NA,NA,NA,NA,NA,NA,NA,NA,NA
2,,False,multiplicative,,4,4,32,0.2,20,0.6245614290237427,0.5161601901054382,0.001,64,0,3,NA,NA,NA,NA,NA,NA,NA,NA,NA,NA,NA,NA,NA,NA,NA
3,,False,multiplicative,,4,4,32,0.2,20,0.6350876688957214,0.450309693813324,0.001,64,0,3,NA,NA,NA,NA,NA,NA,NA,NA,NA,NA,NA,NA,NA,NA,NA
4,,False,multiplicative,,4,4,32,0.2,20,0.7070175409317017,0.43378838896751404,0.001,64,0,3,NA,NA,NA,NA,NA,NA,NA,NA,NA,NA,NA,NA,NA,NA,NA
5,,False,multiplicative,,4,4,32,0.2,20,0.775438666343689,0.39933860301971436,0.001,64,0,3,NA,NA,NA,NA,NA,NA,NA,NA,NA,NA,NA,NA,NA,NA,NA
6,,False,multiplicative,,4,4,32,0.2,20,0.7684210538864136,0.2827259600162506,0.001,64,0,3,NA,NA,NA,NA,NA,NA,NA,NA,NA,NA,NA,NA,NA,NA,NA
7,,False,multiplicative,,4,4,32,0.2,20,0.7644110321998596,0.2856407165527344,0.001,64,0,3,NA,NA,NA,NA,NA,NA,NA,NA,NA,NA,NA,NA,NA,NA,NA
8,,False,multiplicative,,4,4,32,0.2,20,0.8912280201911926,0.1778644323348999,0.001,64,0,3,NA,NA,NA,NA,NA,NA,NA,NA,NA,NA,NA,NA,NA,NA,NA
9,,False,multiplicative,,4,4,32,0.2,20,0.8661653399467468,0.16471309959888458,0.001,64,0,3,NA,NA,NA,NA,NA,NA,NA,NA,NA,NA,NA,NA,NA,NA,NA
10,,False,multiplicative,,4,4,32,0.2,20,0.8696742057800293,0.12440228462219238,0.001,64,0,3,NA,NA,NA,NA,NA,NA,NA,NA,NA,NA,NA,NA,NA,NA,NA
11,,False,multiplicative,,4,4,32,0.2,20,0.9368420839309692,0.11327292025089264,0.001,64,0,3,NA,NA,NA,NA,NA,NA,NA,NA,NA,NA,NA,NA,NA,NA,NA
12,,False,multiplicative,,4,4,32,0.2,20,0.9894736409187317,0.09562364965677261,0.001,64,0,3,NA,NA,NA,NA,NA,NA,NA,NA,NA,NA,NA,NA,NA,NA,NA
13,,False,multiplicative,,4,4,32,0.2,20,0.9298245310783386,0.0864906832575798,0.001,64,0,3,NA,NA,NA,NA,NA,NA,NA,NA,NA,NA,NA,NA,NA,NA,NA
14,,False,multiplicative,,4,4,32,0.2,20,0.9368420839309692,0.06865701824426651,0.001,64,0,3,NA,NA,NA,NA,NA,NA,NA,NA,NA,NA,NA,NA,NA,NA,NA
15,,False,multiplicative,,4,4,32,0.2,20,0.9473684430122375,0.07194339483976364,0.001,64,0,3,NA,NA,NA,NA,NA,NA,NA,NA,NA,NA,NA,NA,NA,NA,NA
0,,False,multiplicative,,4,4,32,0.2,20,0.21929821372032166,0.768010139465332,0.001,64,1,3,NA,NA,NA,NA,NA,NA,NA,NA,NA,NA,NA,NA,NA,NA,NA
1,,False,multiplicative,,4,4,32,0.2,20,0.5807017683982849,0.6223139762878418,0.001,64,1,3,NA,NA,NA,NA,NA,NA,NA,NA,NA,NA,NA,NA,NA,NA,NA
2,,False,multiplicative,,4,4,32,0.2,20,0.6240601539611816,0.5963818430900574,0.001,64,1,3,NA,NA,NA,NA,NA,NA,NA,NA,NA,NA,NA,NA,NA,NA,NA
3,,False,multiplicative,,4,4,32,0.2,20,0.6105262637138367,0.6081065535545349,0.001,64,1,3,NA,NA,NA,NA,NA,NA,NA,NA,NA,NA,NA,NA,NA,NA,NA
4,,False,multiplicative,,4,4,32,0.2,20,0.6784460544586182,0.5104202032089233,0.001,64,1,3,NA,NA,NA,NA,NA,NA,NA,NA,NA,NA,NA,NA,NA,NA,NA
5,,False,multiplicative,,4,4,32,0.2,20,0.7052631974220276,0.44914379715919495,0.001,64,1,3,NA,NA,NA,NA,NA,NA,NA,NA,NA,NA,NA,NA,NA,NA,NA
6,,False,multiplicative,,4,4,32,0.2,20,0.7052631974220276,0.37236490845680237,0.001,64,1,3,NA,NA,NA,NA,NA,NA,NA,NA,NA,NA,NA,NA,NA,NA,NA
7,,False,multiplicative,,4,4,32,0.2,20,0.840350866317749,0.32135772705078125,0.001,64,1,3,NA,NA,NA,NA,NA,NA,NA,NA,NA,NA,NA,NA,NA,NA,NA
8,,False,multiplicative,,4,4,32,0.2,20,0.7333333492279053,0.2835347652435303,0.001,64,1,3,NA,NA,NA,NA,NA,NA,NA,NA,NA,NA,NA,NA,NA,NA,NA
9,,False,multiplicative,,4,4,32,0.2,20,0.8573934435844421,0.2656714916229248,0.001,64,1,3,NA,NA,NA,NA,NA,NA,NA,NA,NA,NA,NA,NA,NA,NA,NA
10,,False,multiplicative,,4,4,32,0.2,20,0.8065162897109985,0.22033119201660156,0.001,64,1,3,NA,NA,NA,NA,NA,NA,NA,NA,NA,NA,NA,NA,NA,NA,NA
11,,False,multiplicative,,4,4,32,0.2,20,0.7889723777770996,0.20557202398777008,0.001,64,1,3,NA,NA,NA,NA,NA,NA,NA,NA,NA,NA,NA,NA,NA,NA,NA
12,,False,multiplicative,,4,4,32,0.2,20,0.884210467338562,0.18931050598621368,0.001,64,1,3,NA,NA,NA,NA,NA,NA,NA,NA,NA,NA,NA,NA,NA,NA,NA
13,,False,multiplicative,,4,4,32,0.2,20,0.8486215472221375,0.16477632522583008,0.001,64,1,3,NA,NA,NA,NA,NA,NA,NA,NA,NA,NA,NA,NA,NA,NA,NA
14,,False,multiplicative,,4,4,32,0.2,20,0.8035087585449219,0.1792714148759842,0.001,64,1,3,NA,NA,NA,NA,NA,NA,NA,NA,NA,NA,NA,NA,NA,NA,NA
15,,False,multiplicative,,4,4,32,0.2,20,0.9649122357368469,0.14632853865623474,0.001,64,1,3,NA,NA,NA,NA,NA,NA,NA,NA,NA,NA,NA,NA,NA,NA,NA
16,,False,multiplicative,,4,4,32,0.2,20,0.838596522808075,0.1541866511106491,0.001,64,1,3,NA,NA,NA,NA,NA,NA,NA,NA,NA,NA,NA,NA,NA,NA,NA
17,,False,multiplicative,,4,4,32,0.2,20,0.7719298601150513,0.1503458321094513,0.001,64,1,3,NA,NA,NA,NA,NA,NA,NA,NA,NA,NA,NA,NA,NA,NA,NA
18,,False,multiplicative,,4,4,32,0.2,20,0.8696740865707397,0.11377304792404175,0.001,64,1,3,NA,NA,NA,NA,NA,NA,NA,NA,NA,NA,NA,NA,NA,NA,NA
0,,False,multiplicative,,4,4,32,0.2,20,0.3216666579246521,0.6928260326385498,0.001,64,2,3,NA,NA,NA,NA,NA,NA,NA,NA,NA,NA,NA,NA,NA,NA,NA
1,,False,multiplicative,,4,4,32,0.2,20,0.6766666173934937,0.5117946863174438,0.001,64,2,3,NA,NA,NA,NA,NA,NA,NA,NA,NA,NA,NA,NA,NA,NA,NA
2,,False,multiplicative,,4,4,32,0.2,20,0.6383333206176758,0.5012431740760803,0.001,64,2,3,NA,NA,NA,NA,NA,NA,NA,NA,NA,NA,NA,NA,NA,NA,NA
3,,False,multiplicative,,4,4,32,0.2,20,0.7400000095367432,0.41951611638069153,0.001,64,2,3,NA,NA,NA,NA,NA,NA,NA,NA,NA,NA,NA,NA,NA,NA,NA
4,,False,multiplicative,,4,4,32,0.2,20,0.6166666746139526,0.3823433518409729,0.001,64,2,3,NA,NA,NA,NA,NA,NA,NA,NA,NA,NA,NA,NA,NA,NA,NA
5,,False,multiplicative,,4,4,32,0.2,20,0.7133333683013916,0.3283786177635193,0.001,64,2,3,NA,NA,NA,NA,NA,NA,NA,NA,NA,NA,NA,NA,NA,NA,NA
6,,False,multiplicative,,4,4,32,0.2,20,0.7395237684249878,0.27283626794815063,0.001,64,2,3,NA,NA,NA,NA,NA,NA,NA,NA,NA,NA,NA,NA,NA,NA,NA
0,,False,multiplicative,,4,4,32,0.2,20,0.4999999403953552,0.7107009291648865,0.001,64,3,3,NA,NA,NA,NA,NA,NA,NA,NA,NA,NA,NA,NA,NA,NA,NA
1,,False,multiplicative,,4,4,32,0.2,20,0.5428570508956909,0.5737088918685913,0.001,64,3,3,NA,NA,NA,NA,NA,NA,NA,NA,NA,NA,NA,NA,NA,NA,NA
2,,False,multiplicative,,4,4,32,0.2,20,0.697857141494751,0.5340608358383179,0.001,64,3,3,NA,NA,NA,NA,NA,NA,NA,NA,NA,NA,NA,NA,NA,NA,NA
3,,False,multiplicative,,4,4,32,0.2,20,0.4816666543483734,0.443387508392334,0.001,64,3,3,NA,NA,NA,NA,NA,NA,NA,NA,NA,NA,NA,NA,NA,NA,NA
4,,False,multiplicative,,4,4,32,0.2,20,0.7745237946510315,0.3813927471637726,0.001,64,3,3,NA,NA,NA,NA,NA,NA,NA,NA,NA,NA,NA,NA,NA,NA,NA
5,,False,multiplicative,,4,4,32,0.2,20,0.7299999594688416,0.2773587107658386,0.001,64,3,3,NA,NA,NA,NA,NA,NA,NA,NA,NA,NA,NA,NA,NA,NA,NA
6,,False,multiplicative,,4,4,32,0.2,20,0.8066666722297668,0.22731594741344452,0.001,64,3,3,NA,NA,NA,NA,NA,NA,NA,NA,NA,NA,NA,NA,NA,NA,NA
7,,False,multiplicative,,4,4,32,0.2,20,0.8500000238418579,0.18168674409389496,0.001,64,3,3,NA,NA,NA,NA,NA,NA,NA,NA,NA,NA,NA,NA,NA,NA,NA
8,,False,multiplicative,,4,4,32,0.2,20,0.8999999761581421,0.12025362253189087,0.001,64,3,3,NA,NA,NA,NA,NA,NA,NA,NA,NA,NA,NA,NA,NA,NA,NA
9,,False,multiplicative,,4,4,32,0.2,20,0.90666663646698,0.11013346910476685,0.001,64,3,3,NA,NA,NA,NA,NA,NA,NA,NA,NA,NA,NA,NA,NA,NA,NA
10,,False,multiplicative,,4,4,32,0.2,20,0.8066666722297668,0.12095236033201218,0.001,64,3,3,NA,NA,NA,NA,NA,NA,NA,NA,NA,NA,NA,NA,NA,NA,NA
11,,False,multiplicative,,4,4,32,0.2,20,0.8833333253860474,0.1012200266122818,0.001,64,3,3,NA,NA,NA,NA,NA,NA,NA,NA,NA,NA,NA,NA,NA,NA,NA
12,,False,multiplicative,,4,4,32,0.2,20,0.8233333826065063,0.11869155615568161,0.001,64,3,3,NA,NA,NA,NA,NA,NA,NA,NA,NA,NA,NA,NA,NA,NA,NA
0,,False,multiplicative,,4,4,32,0.2,20,0.15333332121372223,0.7145771384239197,0.001,64,0,4,NA,NA,NA,NA,NA,NA,NA,NA,NA,NA,NA,NA,NA,NA,NA
1,,False,multiplicative,,4,4,32,0.2,20,0.40999993681907654,0.5495045781135559,0.001,64,0,4,NA,NA,NA,NA,NA,NA,NA,NA,NA,NA,NA,NA,NA,NA,NA
2,,False,multiplicative,,4,4,32,0.2,20,0.6299999952316284,0.41496559977531433,0.001,64,0,4,NA,NA,NA,NA,NA,NA,NA,NA,NA,NA,NA,NA,NA,NA,NA
3,,False,multiplicative,,4,4,32,0.2,20,0.5800000429153442,0.3626263737678528,0.001,64,0,4,NA,NA,NA,NA,NA,NA,NA,NA,NA,NA,NA,NA,NA,NA,NA
4,,False,multiplicative,,4,4,32,0.2,20,0.7483333349227905,0.264614462852478,0.001,64,0,4,NA,NA,NA,NA,NA,NA,NA,NA,NA,NA,NA,NA,NA,NA,NA
5,,False,multiplicative,,4,4,32,0.2,20,0.7257142663002014,0.16948671638965607,0.001,64,0,4,NA,NA,NA,NA,NA,NA,NA,NA,NA,NA,NA,NA,NA,NA,NA
6,,False,multiplicative,,4,4,32,0.2,20,0.7833333015441895,0.13256868720054626,0.001,64,0,4,NA,NA,NA,NA,NA,NA,NA,NA,NA,NA,NA,NA,NA,NA,NA
7,,False,multiplicative,,4,4,32,0.2,20,0.8399999737739563,0.10534944385290146,0.001,64,0,4,NA,NA,NA,NA,NA,NA,NA,NA,NA,NA,NA,NA,NA,NA,NA
8,,False,multiplicative,,4,4,32,0.2,20,0.8833333253860474,0.07765093445777893,0.001,64,0,4,NA,NA,NA,NA,NA,NA,NA,NA,NA,NA,NA,NA,NA,NA,NA
9,,False,multiplicative,,4,4,32,0.2,20,0.949999988079071,0.05111470818519592,0.001,64,0,4,NA,NA,NA,NA,NA,NA,NA,NA,NA,NA,NA,NA,NA,NA,NA
10,,False,multiplicative,,4,4,32,0.2,20,0.800000011920929,0.04786456376314163,0.001,64,0,4,NA,NA,NA,NA,NA,NA,NA,NA,NA,NA,NA,NA,NA,NA,NA
11,,False,multiplicative,,4,4,32,0.2,20,0.8500000238418579,0.04253116995096207,0.001,64,0,4,NA,NA,NA,NA,NA,NA,NA,NA,NA,NA,NA,NA,NA,NA,NA
12,,False,multiplicative,,4,4,32,0.2,20,0.9399999380111694,0.03810299187898636,0.001,64,0,4,NA,NA,NA,NA,NA,NA,NA,NA,NA,NA,NA,NA,NA,NA,NA
0,,False,multiplicative,,4,4,32,0.2,20,0.1966666430234909,0.7405902147293091,0.001,64,1,4,NA,NA,NA,NA,NA,NA,NA,NA,NA,NA,NA,NA,NA,NA,NA
1,,False,multiplicative,,4,4,32,0.2,20,0.3466666340827942,0.6778602600097656,0.001,64,1,4,NA,NA,NA,NA,NA,NA,NA,NA,NA,NA,NA,NA,NA,NA,NA
2,,False,multiplicative,,4,4,32,0.2,20,0.45499998331069946,0.607444703578949,0.001,64,1,4,NA,NA,NA,NA,NA,NA,NA,NA,NA,NA,NA,NA,NA,NA,NA
3,,False,multiplicative,,4,4,32,0.2,20,0.5666667222976685,0.5440583825111389,0.001,64,1,4,NA,NA,NA,NA,NA,NA,NA,NA,NA,NA,NA,NA,NA,NA,NA
4,,False,multiplicative,,4,4,32,0.2,20,0.5345238447189331,0.476840615272522,0.001,64,1,4,NA,NA,NA,NA,NA,NA,NA,NA,NA,NA,NA,NA,NA,NA,NA
5,,False,multiplicative,,4,4,32,0.2,20,0.628333330154419,0.4149780869483948,0.001,64,1,4,NA,NA,NA,NA,NA,NA,NA,NA,NA,NA,NA,NA,NA,NA,NA
6,,False,multiplicative,,4,4,32,0.2,20,0.7645238041877747,0.36491382122039795,0.001,64,1,4,NA,NA,NA,NA,NA,NA,NA,NA,NA,NA,NA,NA,NA,NA,NA
7,,False,multiplicative,,4,4,32,0.2,20,0.778333306312561,0.31335189938545227,0.001,64,1,4,NA,NA,NA,NA,NA,NA,NA,NA,NA,NA,NA,NA,NA,NA,NA
8,,False,multiplicative,,4,4,32,0.2,20,0.7483333945274353,0.27846983075141907,0.001,64,1,4,NA,NA,NA,NA,NA,NA,NA,NA,NA,NA,NA,NA,NA,NA,NA
9,,False,multiplicative,,4,4,32,0.2,20,0.75,0.20335553586483002,0.001,64,1,4,NA,NA,NA,NA,NA,NA,NA,NA,NA,NA,NA,NA,NA,NA,NA
10,,False,multiplicative,,4,4,32,0.2,20,0.8133333325386047,0.18494324386119843,0.001,64,1,4,NA,NA,NA,NA,NA,NA,NA,NA,NA,NA,NA,NA,NA,NA,NA
11,,False,multiplicative,,4,4,32,0.2,20,0.8633333444595337,0.17611469328403473,0.001,64,1,4,NA,NA,NA,NA,NA,NA,NA,NA,NA,NA,NA,NA,NA,NA,NA
12,,False,multiplicative,,4,4,32,0.2,20,0.9333332777023315,0.12612538039684296,0.001,64,1,4,NA,NA,NA,NA,NA,NA,NA,NA,NA,NA,NA,NA,NA,NA,NA
13,,False,multiplicative,,4,4,32,0.2,20,0.8399999737739563,0.10411615669727325,0.001,64,1,4,NA,NA,NA,NA,NA,NA,NA,NA,NA,NA,NA,NA,NA,NA,NA
14,,False,multiplicative,,4,4,32,0.2,20,0.8233333826065063,0.0852632001042366,0.001,64,1,4,NA,NA,NA,NA,NA,NA,NA,NA,NA,NA,NA,NA,NA,NA,NA
15,,False,multiplicative,,4,4,32,0.2,20,0.8399999737739563,0.08547813445329666,0.001,64,1,4,NA,NA,NA,NA,NA,NA,NA,NA,NA,NA,NA,NA,NA,NA,NA
0,,False,multiplicative,,4,4,32,0.2,20,0.24166664481163025,0.6398363709449768,0.001,64,2,4,NA,NA,NA,NA,NA,NA,NA,NA,NA,NA,NA,NA,NA,NA,NA
1,,False,multiplicative,,4,4,32,0.2,20,0.5949999690055847,0.5250301361083984,0.001,64,2,4,NA,NA,NA,NA,NA,NA,NA,NA,NA,NA,NA,NA,NA,NA,NA
2,,False,multiplicative,,4,4,32,0.2,20,0.48666661977767944,0.4525834619998932,0.001,64,2,4,NA,NA,NA,NA,NA,NA,NA,NA,NA,NA,NA,NA,NA,NA,NA
3,,False,multiplicative,,4,4,32,0.2,20,0.619523823261261,0.3875356912612915,0.001,64,2,4,NA,NA,NA,NA,NA,NA,NA,NA,NA,NA,NA,NA,NA,NA,NA
4,,False,multiplicative,,4,4,32,0.2,20,0.7461904883384705,0.2976510226726532,0.001,64,2,4,NA,NA,NA,NA,NA,NA,NA,NA,NA,NA,NA,NA,NA,NA,NA
5,,False,multiplicative,,4,4,32,0.2,20,0.7661905288696289,0.23685024678707123,0.001,64,2,4,NA,NA,NA,NA,NA,NA,NA,NA,NA,NA,NA,NA,NA,NA,NA
6,,False,multiplicative,,4,4,32,0.2,20,0.8428571820259094,0.15237243473529816,0.001,64,2,4,NA,NA,NA,NA,NA,NA,NA,NA,NA,NA,NA,NA,NA,NA,NA
7,,False,multiplicative,,4,4,32,0.2,20,0.8333333134651184,0.1198548674583435,0.001,64,2,4,NA,NA,NA,NA,NA,NA,NA,NA,NA,NA,NA,NA,NA,NA,NA
8,,False,multiplicative,,4,4,32,0.2,20,0.7833333611488342,0.11340942978858948,0.001,64,2,4,NA,NA,NA,NA,NA,NA,NA,NA,NA,NA,NA,NA,NA,NA,NA
9,,False,multiplicative,,4,4,32,0.2,20,0.9333332777023315,0.09392638504505157,0.001,64,2,4,NA,NA,NA,NA,NA,NA,NA,NA,NA,NA,NA,NA,NA,NA,NA
10,,False,multiplicative,,4,4,32,0.2,20,0.8500000238418579,0.08584116399288177,0.001,64,2,4,NA,NA,NA,NA,NA,NA,NA,NA,NA,NA,NA,NA,NA,NA,NA
11,,False,multiplicative,,4,4,32,0.2,20,0.8833333253860474,0.0747177004814148,0.001,64,2,4,NA,NA,NA,NA,NA,NA,NA,NA,NA,NA,NA,NA,NA,NA,NA
12,,False,multiplicative,,4,4,32,0.2,20,0.8233332633972168,0.07991084456443787,0.001,64,2,4,NA,NA,NA,NA,NA,NA,NA,NA,NA,NA,NA,NA,NA,NA,NA
0,,False,multiplicative,,4,4,32,0.2,20,0.1499999761581421,0.7068387269973755,0.001,64,3,4,NA,NA,NA,NA,NA,NA,NA,NA,NA,NA,NA,NA,NA,NA,NA
1,,False,multiplicative,,4,4,32,0.2,20,0.3766666352748871,0.6387961506843567,0.001,64,3,4,NA,NA,NA,NA,NA,NA,NA,NA,NA,NA,NA,NA,NA,NA,NA
2,,False,multiplicative,,4,4,32,0.2,20,0.4899999499320984,0.5771592259407043,0.001,64,3,4,NA,NA,NA,NA,NA,NA,NA,NA,NA,NA,NA,NA,NA,NA,NA
3,,False,multiplicative,,4,4,32,0.2,20,0.43833333253860474,0.5622950792312622,0.001,64,3,4,NA,NA,NA,NA,NA,NA,NA,NA,NA,NA,NA,NA,NA,NA,NA
4,,False,multiplicative,,4,4,32,0.2,20,0.5716667175292969,0.5127911567687988,0.001,64,3,4,NA,NA,NA,NA,NA,NA,NA,NA,NA,NA,NA,NA,NA,NA,NA
5,,False,multiplicative,,4,4,32,0.2,20,0.6061905026435852,0.44166022539138794,0.001,64,3,4,NA,NA,NA,NA,NA,NA,NA,NA,NA,NA,NA,NA,NA,NA,NA
6,,False,multiplicative,,4,4,32,0.2,20,0.6733333468437195,0.393035352230072,0.001,64,3,4,NA,NA,NA,NA,NA,NA,NA,NA,NA,NA,NA,NA,NA,NA,NA
7,,False,multiplicative,,4,4,32,0.2,20,0.6966666579246521,0.34370115399360657,0.001,64,3,4,NA,NA,NA,NA,NA,NA,NA,NA,NA,NA,NA,NA,NA,NA,NA
8,,False,multiplicative,,4,4,32,0.2,20,0.7200000286102295,0.3016110956668854,0.001,64,3,4,NA,NA,NA,NA,NA,NA,NA,NA,NA,NA,NA,NA,NA,NA,NA
9,,False,multiplicative,,4,4,32,0.2,20,0.7300000190734863,0.2379278540611267,0.001,64,3,4,NA,NA,NA,NA,NA,NA,NA,NA,NA,NA,NA,NA,NA,NA,NA
10,,False,multiplicative,,4,4,32,0.2,20,0.7066666483879089,0.23093783855438232,0.001,64,3,4,NA,NA,NA,NA,NA,NA,NA,NA,NA,NA,NA,NA,NA,NA,NA
11,,False,multiplicative,,4,4,32,0.2,20,0.8700000047683716,0.17769299447536469,0.001,64,3,4,NA,NA,NA,NA,NA,NA,NA,NA,NA,NA,NA,NA,NA,NA,NA
12,,False,multiplicative,,4,4,32,0.2,20,0.8299999237060547,0.1687612384557724,0.001,64,3,4,NA,NA,NA,NA,NA,NA,NA,NA,NA,NA,NA,NA,NA,NA,NA
13,,False,multiplicative,,4,4,32,0.2,20,0.8233332633972168,0.1419278234243393,0.001,64,3,4,NA,NA,NA,NA,NA,NA,NA,NA,NA,NA,NA,NA,NA,NA,NA
14,,False,multiplicative,,4,4,32,0.2,20,0.800000011920929,0.12001185864210129,0.001,64,3,4,NA,NA,NA,NA,NA,NA,NA,NA,NA,NA,NA,NA,NA,NA,NA
0,,False,multiplicative,,4,4,32,0.2,20,0.4699999690055847,0.7041610479354858,0.001,64,0,5,NA,NA,NA,NA,NA,NA,NA,NA,NA,NA,NA,NA,NA,NA,NA
1,,False,multiplicative,,4,4,32,0.2,20,0.5095238089561462,0.5830222964286804,0.001,64,0,5,NA,NA,NA,NA,NA,NA,NA,NA,NA,NA,NA,NA,NA,NA,NA
2,,False,multiplicative,,4,4,32,0.2,20,0.6683334112167358,0.5650089383125305,0.001,64,0,5,NA,NA,NA,NA,NA,NA,NA,NA,NA,NA,NA,NA,NA,NA,NA
3,,False,multiplicative,,4,4,32,0.2,20,0.5245237946510315,0.5298828482627869,0.001,64,0,5,NA,NA,NA,NA,NA,NA,NA,NA,NA,NA,NA,NA,NA,NA,NA
4,,False,multiplicative,,4,4,32,0.2,20,0.5649999976158142,0.4644690752029419,0.001,64,0,5,NA,NA,NA,NA,NA,NA,NA,NA,NA,NA,NA,NA,NA,NA,NA
5,,False,multiplicative,,4,4,32,0.2,20,0.5628571510314941,0.4811449348926544,0.001,64,0,5,NA,NA,NA,NA,NA,NA,NA,NA,NA,NA,NA,NA,NA,NA,NA
0,,False,multiplicative,,4,4,32,0.2,20,0.19833330810070038,0.7218180298805237,0.001,64,1,5,NA,NA,NA,NA,NA,NA,NA,NA,NA,NA,NA,NA,NA,NA,NA
1,,False,multiplicative,,4,4,32,0.2,20,0.23666664958000183,0.7041326761245728,0.001,64,1,5,NA,NA,NA,NA,NA,NA,NA,NA,NA,NA,NA,NA,NA,NA,NA
2,,False,multiplicative,,4,4,32,0.2,20,0.4350000023841858,0.666199803352356,0.001,64,1,5,NA,NA,NA,NA,NA,NA,NA,NA,NA,NA,NA,NA,NA,NA,NA
3,,False,multiplicative,,4,4,32,0.2,20,0.4833332896232605,0.5916396975517273,0.001,64,1,5,NA,NA,NA,NA,NA,NA,NA,NA,NA,NA,NA,NA,NA,NA,NA
4,,False,multiplicative,,4,4,32,0.2,20,0.604523777961731,0.5337188243865967,0.001,64,1,5,NA,NA,NA,NA,NA,NA,NA,NA,NA,NA,NA,NA,NA,NA,NA
5,,False,multiplicative,,4,4,32,0.2,20,0.4949999749660492,0.5017021894454956,0.001,64,1,5,NA,NA,NA,NA,NA,NA,NA,NA,NA,NA,NA,NA,NA,NA,NA
6,,False,multiplicative,,4,4,32,0.2,20,0.49000000953674316,0.5264577269554138,0.001,64,1,5,NA,NA,NA,NA,NA,NA,NA,NA,NA,NA,NA,NA,NA,NA,NA
7,,False,multiplicative,,4,4,32,0.2,20,0.5978571176528931,0.496948778629303,0.001,64,1,5,NA,NA,NA,NA,NA,NA,NA,NA,NA,NA,NA,NA,NA,NA,NA
0,,False,multiplicative,,4,4,32,0.2,20,0.3149999976158142,0.733441948890686,0.001,64,2,5,NA,NA,NA,NA,NA,NA,NA,NA,NA,NA,NA,NA,NA,NA,NA
1,,False,multiplicative,,4,4,32,0.2,20,0.6161904335021973,0.6813833117485046,0.001,64,2,5,NA,NA,NA,NA,NA,NA,NA,NA,NA,NA,NA,NA,NA,NA,NA
2,,False,multiplicative,,4,4,32,0.2,20,0.5583333373069763,0.6138744354248047,0.001,64,2,5,NA,NA,NA,NA,NA,NA,NA,NA,NA,NA,NA,NA,NA,NA,NA
3,,False,multiplicative,,4,4,32,0.2,20,0.5149999856948853,0.5628634095191956,0.001,64,2,5,NA,NA,NA,NA,NA,NA,NA,NA,NA,NA,NA,NA,NA,NA,NA
4,,False,multiplicative,,4,4,32,0.2,20,0.429999977350235,0.5535788536071777,0.001,64,2,5,NA,NA,NA,NA,NA,NA,NA,NA,NA,NA,NA,NA,NA,NA,NA
0,,False,multiplicative,,4,4,32,0.2,20,0.24166662991046906,0.6653883457183838,0.001,64,3,5,NA,NA,NA,NA,NA,NA,NA,NA,NA,NA,NA,NA,NA,NA,NA
1,,False,multiplicative,,4,4,32,0.2,20,0.5628570914268494,0.591925323009491,0.001,64,3,5,NA,NA,NA,NA,NA,NA,NA,NA,NA,NA,NA,NA,NA,NA,NA
2,,False,multiplicative,,4,4,32,0.2,20,0.5216666460037231,0.5861395597457886,0.001,64,3,5,NA,NA,NA,NA,NA,NA,NA,NA,NA,NA,NA,NA,NA,NA,NA
3,,False,multiplicative,,4,4,32,0.2,20,0.5395237803459167,0.5339942574501038,0.001,64,3,5,NA,NA,NA,NA,NA,NA,NA,NA,NA,NA,NA,NA,NA,NA,NA
4,,False,multiplicative,,4,4,32,0.2,20,0.5366666316986084,0.5190234780311584,0.001,64,3,5,NA,NA,NA,NA,NA,NA,NA,NA,NA,NA,NA,NA,NA,NA,NA
